[debug] [2025-05-29T19:19:27.364Z] ----------------------------------------------------------------------
[debug] [2025-05-29T19:19:27.367Z] Command:       C:\Program Files\nodejs\node.exe C:\Users\Danielxpdk\AppData\Roaming\npm\node_modules\firebase-tools\lib\bin\firebase.js emulators:start --only functions,hosting
[debug] [2025-05-29T19:19:27.368Z] CLI Version:   14.4.0
[debug] [2025-05-29T19:19:27.368Z] Platform:      win32
[debug] [2025-05-29T19:19:27.368Z] Node Version:  v20.17.0
[debug] [2025-05-29T19:19:27.368Z] Time:          Thu May 29 2025 16:19:27 GMT-0300 (Horário Padrão de Brasília)
[debug] [2025-05-29T19:19:27.369Z] ----------------------------------------------------------------------
[debug] 
[debug] [2025-05-29T19:19:27.781Z] > command requires scopes: ["email","openid","https://www.googleapis.com/auth/cloudplatformprojects.readonly","https://www.googleapis.com/auth/firebase","https://www.googleapis.com/auth/cloud-platform"]
[debug] [2025-05-29T19:19:27.783Z] > authorizing via signed-in user (paulo.damorim@a.ficr.edu.br)
[info] i  emulators: Starting emulators: functions, hosting {"metadata":{"emulator":{"name":"hub"},"message":"Starting emulators: functions, hosting"}}
[debug] [2025-05-29T19:19:27.811Z] [logging] Logging Emulator only supports listening on one address (127.0.0.1). Not listening on ::1
[debug] [2025-05-29T19:19:27.812Z] [hosting] Hosting Emulator only supports listening on one address (127.0.0.1). Not listening on ::1
[debug] [2025-05-29T19:19:27.812Z] assigned listening specs for emulators {"user":{"hub":[{"address":"127.0.0.1","family":"IPv4","port":4400},{"address":"::1","family":"IPv6","port":4400}],"ui":[{"address":"127.0.0.1","family":"IPv4","port":4000},{"address":"::1","family":"IPv6","port":4000}],"logging":[{"address":"127.0.0.1","family":"IPv4","port":4500}],"hosting":[{"address":"127.0.0.1","family":"IPv4","port":5000}]},"metadata":{"message":"assigned listening specs for emulators"}}
[debug] [2025-05-29T19:19:27.819Z] [hub] writing locator at C:\Users\DANIEL~1\AppData\Local\Temp\hub-familia-viva-recife.json
[debug] [2025-05-29T19:19:27.849Z] [functions] Functions Emulator only supports listening on one address (127.0.0.1). Not listening on ::1
[debug] [2025-05-29T19:19:27.850Z] [eventarc] Eventarc Emulator only supports listening on one address (127.0.0.1). Not listening on ::1
[debug] [2025-05-29T19:19:27.850Z] [tasks] Cloud Tasks Emulator only supports listening on one address (127.0.0.1). Not listening on ::1
[debug] [2025-05-29T19:19:27.850Z] late-assigned ports for functions and eventarc emulators {"user":{"hub":[{"address":"127.0.0.1","family":"IPv4","port":4400},{"address":"::1","family":"IPv6","port":4400}],"ui":[{"address":"127.0.0.1","family":"IPv4","port":4000},{"address":"::1","family":"IPv6","port":4000}],"logging":[{"address":"127.0.0.1","family":"IPv4","port":4500}],"hosting":[{"address":"127.0.0.1","family":"IPv4","port":5000}],"functions":[{"address":"127.0.0.1","family":"IPv4","port":5001}],"eventarc":[{"address":"127.0.0.1","family":"IPv4","port":9299}],"tasks":[{"address":"127.0.0.1","family":"IPv4","port":9499}]},"metadata":{"message":"late-assigned ports for functions and eventarc emulators"}}
[warn] !  functions: The following emulators are not running, calls to these services from the Functions emulator will affect production: apphosting, auth, firestore, database, pubsub, storage, dataconnect {"metadata":{"emulator":{"name":"functions"},"message":"The following emulators are not running, calls to these services from the Functions emulator will affect production: \u001b[1mapphosting, auth, firestore, database, pubsub, storage, dataconnect\u001b[22m"}}
[debug] [2025-05-29T19:19:27.879Z] defaultcredentials: writing to file C:\Users\Danielxpdk\AppData\Roaming\firebase\paulo_damorim_a.ficr.edu.br_application_default_credentials.json
[debug] [2025-05-29T19:19:27.880Z] Setting GAC to C:\Users\Danielxpdk\AppData\Roaming\firebase\paulo_damorim_a.ficr.edu.br_application_default_credentials.json {"metadata":{"emulator":{"name":"functions"},"message":"Setting GAC to C:\\Users\\Danielxpdk\\AppData\\Roaming\\firebase\\paulo_damorim_a.ficr.edu.br_application_default_credentials.json"}}
[debug] [2025-05-29T19:19:27.883Z] Checked if tokens are valid: true, expires at: 1748548872547
[debug] [2025-05-29T19:19:27.884Z] Checked if tokens are valid: true, expires at: 1748548872547
[debug] [2025-05-29T19:19:27.885Z] >>> [apiv2][query] GET https://firebase.googleapis.com/v1beta1/projects/familia-viva-recife/adminSdkConfig [none]
[debug] [2025-05-29T19:19:28.753Z] <<< [apiv2][status] GET https://firebase.googleapis.com/v1beta1/projects/familia-viva-recife/adminSdkConfig 200
[debug] [2025-05-29T19:19:28.754Z] <<< [apiv2][body] GET https://firebase.googleapis.com/v1beta1/projects/familia-viva-recife/adminSdkConfig {"projectId":"familia-viva-recife","databaseURL":"https://familia-viva-recife-default-rtdb.firebaseio.com","storageBucket":"familia-viva-recife.firebasestorage.app"}
[debug] [2025-05-29T19:19:28.775Z] Checked if tokens are valid: true, expires at: 1748548872547
[debug] [2025-05-29T19:19:28.775Z] Checked if tokens are valid: true, expires at: 1748548872547
[debug] [2025-05-29T19:19:28.776Z] >>> [apiv2][query] GET https://firebasehosting.googleapis.com/v1beta1/projects/familia-viva-recife/sites 
[debug] [2025-05-29T19:19:30.655Z] <<< [apiv2][status] GET https://firebasehosting.googleapis.com/v1beta1/projects/familia-viva-recife/sites 200
[debug] [2025-05-29T19:19:30.655Z] <<< [apiv2][body] GET https://firebasehosting.googleapis.com/v1beta1/projects/familia-viva-recife/sites {"sites":[{"name":"projects/familia-viva-recife/sites/familia-viva-recife","defaultUrl":"https://familia-viva-recife.web.app","appId":"1:698056339313:web:20a804d35012ef96bfd0d0","type":"DEFAULT_SITE"}]}
[debug] [2025-05-29T19:19:30.655Z] Checked if tokens are valid: true, expires at: 1748548872547
[debug] [2025-05-29T19:19:30.655Z] Checked if tokens are valid: true, expires at: 1748548872547
[debug] [2025-05-29T19:19:30.655Z] >>> [apiv2][query] GET https://firebase.googleapis.com/v1beta1/projects/familia-viva-recife/webApps/1:698056339313:web:20a804d35012ef96bfd0d0/config [none]
[debug] [2025-05-29T19:19:31.593Z] <<< [apiv2][status] GET https://firebase.googleapis.com/v1beta1/projects/familia-viva-recife/webApps/1:698056339313:web:20a804d35012ef96bfd0d0/config 200
[debug] [2025-05-29T19:19:31.593Z] <<< [apiv2][body] GET https://firebase.googleapis.com/v1beta1/projects/familia-viva-recife/webApps/1:698056339313:web:20a804d35012ef96bfd0d0/config {"projectId":"familia-viva-recife","appId":"1:698056339313:web:20a804d35012ef96bfd0d0","databaseURL":"https://familia-viva-recife-default-rtdb.firebaseio.com","storageBucket":"familia-viva-recife.firebasestorage.app","apiKey":"AIzaSyCQNt0wHVINKz3Ia0-oSg4bcgyo-00du1E","authDomain":"familia-viva-recife.firebaseapp.com","messagingSenderId":"698056339313","measurementId":"G-XWYWMF69Y3"}
[debug] [2025-05-29T19:19:31.599Z] Checked if tokens are valid: true, expires at: 1748548872547
[debug] [2025-05-29T19:19:31.599Z] Checked if tokens are valid: true, expires at: 1748548872547
[debug] [2025-05-29T19:19:31.599Z] >>> [apiv2][query] GET https://firebase.googleapis.com/v1beta1/projects/familia-viva-recife [none]
[debug] [2025-05-29T19:19:31.959Z] <<< [apiv2][status] GET https://firebase.googleapis.com/v1beta1/projects/familia-viva-recife 200
[debug] [2025-05-29T19:19:31.959Z] <<< [apiv2][body] GET https://firebase.googleapis.com/v1beta1/projects/familia-viva-recife {"projectId":"familia-viva-recife","projectNumber":"698056339313","displayName":"Familia Viva Recife","name":"projects/familia-viva-recife","resources":{"hostingSite":"familia-viva-recife","realtimeDatabaseInstance":"familia-viva-recife-default-rtdb"},"state":"ACTIVE","etag":"1_ba9aab23-3796-46c4-9e89-72b3fc7fbb54"}
[info] i  hosting[familia-viva-recife]: Serving hosting files from: frontend/.next {"metadata":{"emulator":{"name":"hosting"},"message":"Serving hosting files from: \u001b[1mfrontend/.next\u001b[22m"}}
[info] +  hosting[familia-viva-recife]: Local server: http://127.0.0.1:5000 {"metadata":{"emulator":{"name":"hosting"},"message":"Local server: \u001b[4m\u001b[1mhttp://127.0.0.1:5000\u001b[22m\u001b[24m"}}
[info] i  functions: Watching "C:\Users\Danielxpdk\Desktop\Aplicacao-familia-viva\functions" for Cloud Functions... {"metadata":{"emulator":{"name":"functions"},"message":"Watching \"C:\\Users\\Danielxpdk\\Desktop\\Aplicacao-familia-viva\\functions\" for Cloud Functions..."}}
[debug] [2025-05-29T19:19:32.020Z] Validating nodejs source
[debug] [2025-05-29T19:19:33.519Z] > [functions] package.json contents: {
  "name": "functions",
  "scripts": {
    "lint": "eslint --ext .js,.ts .",
    "build": "tsc && npm --prefix ../backend run build",
    "build:nest": "nest build",
    "build:watch": "tsc --watch",
    "serve": "npm run build && firebase emulators:start --only functions",
    "shell": "npm run build && firebase functions:shell",
    "start": "npm run shell",
    "deploy": "firebase deploy --only functions",
    "start:emulators": "npm run build && cross-env USE_FIREBASE_EMULATOR=true firebase emulators:start",
    "logs": "firebase functions:log"
  },
  "engines": {
    "node": "20"
  },
  "main": "lib/index.js",
  "dependencies": {
    "@nestjs/common": "^11.1.1",
    "@nestjs/core": "^11.1.1",
    "express": "^5.1.0",
    "firebase-admin": "^12.6.0",
    "firebase-functions": "^6.3.2",
    "reflect-metadata": "^0.2.2",
    "rxjs": "^7.8.2",
    "@nestjs/config": "^4.0.2",
    "@nestjs/jwt": "^11.0.0",
    "@nestjs/mapped-types": "^2.1.0",
    "@nestjs/passport": "^11.0.5",
    "@nestjs/platform-express": "^11.0.1",
    "@nestjs/swagger": "^11.1.5",
    "bcrypt": "^6.0.0",
    "class-transformer": "^0.5.1",
    "class-validator": "^0.14.1",
    "dotenv": "^16.4.7",
    "jsonwebtoken": "^9.0.2",
    "nodemailer": "^7.0.3",
    "passport": "^0.7.0",
    "passport-jwt": "^4.0.1",
    "uuid": "^11.1.0"
  },
  "devDependencies": {
    "@nestjs/cli": "^11.0.7",
    "@typescript-eslint/eslint-plugin": "^5.12.0",
    "@typescript-eslint/parser": "^5.12.0",
    "cross-env": "^7.0.3",
    "eslint": "^8.9.0",
    "eslint-config-google": "^0.14.0",
    "eslint-plugin-import": "^2.25.4",
    "firebase-functions-test": "^3.1.0",
    "@eslint/eslintrc": "^3.2.0",
    "@eslint/js": "^9.18.0",
    "@nestjs/schematics": "^11.0.0",
    "@nestjs/testing": "^11.0.14",
    "@swc/cli": "^0.6.0",
    "@swc/core": "^1.10.7",
    "@types/express": "^5.0.0",
    "@types/jest": "^29.5.14",
    "@types/multer": "^1.4.12",
    "@types/node": "^22.10.7",
    "@types/passport": "^1.0.17",
    "@types/supertest": "^6.0.2",
    "@types/uuid": "^10.0.0",
    "eslint-config-prettier": "^10.0.1",
    "eslint-plugin-prettier": "^5.2.2",
    "globals": "^16.0.0",
    "jest": "^29.7.0",
    "prettier": "^3.4.2",
    "source-map-support": "^0.5.21",
    "supertest": "^7.0.0",
    "ts-jest": "^29.2.5",
    "ts-loader": "^9.5.2",
    "ts-node": "^10.9.2",
    "tsconfig-paths": "^4.2.0",
    "typescript": "^5.7.3",
    "typescript-eslint": "^8.20.0"
  },
  "jest": {
    "moduleFileExtensions": [
      "js",
      "json",
      "ts"
    ],
    "rootDir": "src",
    "testRegex": ".*\\.spec\\.ts$",
    "transform": {
      "^.+\\.(t|j)s$": "ts-jest"
    },
    "collectCoverageFrom": [
      "**/*.(t|j)s"
    ],
    "coverageDirectory": "../coverage",
    "testEnvironment": "node"
  },
  "private": true
}
[debug] [2025-05-29T19:19:33.519Z] Building nodejs source
[debug] [2025-05-29T19:19:33.520Z] Failed to find version of module node: reached end of search path C:\Users\Danielxpdk\Desktop\Aplicacao-familia-viva\functions\node_modules
[info] +  functions: Using node@20 from host. 
[debug] [2025-05-29T19:19:33.526Z] Could not find functions.yaml. Must use http discovery
[debug] [2025-05-29T19:19:33.550Z] Found firebase-functions binary at 'C:\Users\Danielxpdk\Desktop\Aplicacao-familia-viva\functions\node_modules\.bin\firebase-functions'
[info] [hosting] Rewriting / to http://127.0.0.1:5001/familia-viva-recife/us-central1/nextssr for local Function us-central1/nextssr
[debug] [2025-05-29T19:19:33.598Z] >>> [apiv2][query] GET http://127.0.0.1:5001/familia-viva-recife/us-central1/nextssr/ 
[debug] [2025-05-29T19:19:33.608Z] [work-queue] {"queuedWork":["/familia-viva-recife/us-central1/nextssr/-2025-05-29T19:19:33.608Z"],"queueLength":1,"runningWork":[],"workRunningCount":0}
[debug] [2025-05-29T19:19:33.608Z] [work-queue] {"queuedWork":[],"queueLength":0,"runningWork":["/familia-viva-recife/us-central1/nextssr/-2025-05-29T19:19:33.608Z"],"workRunningCount":1}
[debug] [2025-05-29T19:19:33.611Z] [work-queue] {"queuedWork":[],"queueLength":0,"runningWork":[],"workRunningCount":0}
[debug] [2025-05-29T19:19:33.620Z] <<< [apiv2][status] GET http://127.0.0.1:5001/familia-viva-recife/us-central1/nextssr/ 404
[debug] [2025-05-29T19:19:33.621Z] <<< [apiv2][body] GET http://127.0.0.1:5001/familia-viva-recife/us-central1/nextssr/ [stream]
[info] i  hosting: 127.0.0.1 - - [29/May/2025:19:19:33 +0000] "GET / HTTP/1.1" 404 66 "-" "Mozilla/5.0 (Windows NT 10.0; Win64; x64) AppleWebKit/537.36 (KHTML, like Gecko) Chrome/136.0.0.0 Safari/537.36 Edg/136.0.0.0" {"metadata":{"emulator":{"name":"hosting"},"message":"127.0.0.1 - - [29/May/2025:19:19:33 +0000] \"GET / HTTP/1.1\" 404 66 \"-\" \"Mozilla/5.0 (Windows NT 10.0; Win64; x64) AppleWebKit/537.36 (KHTML, like Gecko) Chrome/136.0.0.0 Safari/537.36 Edg/136.0.0.0\""}}
[info] [hosting] Rewriting /favicon.ico to http://127.0.0.1:5001/familia-viva-recife/us-central1/nextssr for local Function us-central1/nextssr
[debug] [2025-05-29T19:19:33.738Z] >>> [apiv2][query] GET http://127.0.0.1:5001/familia-viva-recife/us-central1/nextssr/favicon.ico 
[debug] [2025-05-29T19:19:33.755Z] [work-queue] {"queuedWork":["/familia-viva-recife/us-central1/nextssr/favicon.ico-2025-05-29T19:19:33.755Z"],"queueLength":1,"runningWork":[],"workRunningCount":0}
[debug] [2025-05-29T19:19:33.756Z] [work-queue] {"queuedWork":[],"queueLength":0,"runningWork":["/familia-viva-recife/us-central1/nextssr/favicon.ico-2025-05-29T19:19:33.755Z"],"workRunningCount":1}
[debug] [2025-05-29T19:19:33.759Z] [work-queue] {"queuedWork":[],"queueLength":0,"runningWork":[],"workRunningCount":0}
[debug] [2025-05-29T19:19:33.765Z] <<< [apiv2][status] GET http://127.0.0.1:5001/familia-viva-recife/us-central1/nextssr/favicon.ico 404
[debug] [2025-05-29T19:19:33.765Z] <<< [apiv2][body] GET http://127.0.0.1:5001/familia-viva-recife/us-central1/nextssr/favicon.ico [stream]
[info] i  hosting: 127.0.0.1 - - [29/May/2025:19:19:33 +0000] "GET /favicon.ico HTTP/1.1" 404 66 "http://localhost:5000/" "Mozilla/5.0 (Windows NT 10.0; Win64; x64) AppleWebKit/537.36 (KHTML, like Gecko) Chrome/136.0.0.0 Safari/537.36 Edg/136.0.0.0" {"metadata":{"emulator":{"name":"hosting"},"message":"127.0.0.1 - - [29/May/2025:19:19:33 +0000] \"GET /favicon.ico HTTP/1.1\" 404 66 \"http://localhost:5000/\" \"Mozilla/5.0 (Windows NT 10.0; Win64; x64) AppleWebKit/537.36 (KHTML, like Gecko) Chrome/136.0.0.0 Safari/537.36 Edg/136.0.0.0\""}}
[info] Serving at port 8634

[info] Tem que atualizar crlh6

[debug] [2025-05-29T19:19:38.283Z] Got response from /__/functions.yaml {"endpoints":{"nestApi":{"availableMemoryMb":256,"timeoutSeconds":540,"minInstances":null,"maxInstances":1,"ingressSettings":null,"concurrency":80,"serviceAccountEmail":null,"vpc":null,"platform":"gcfv2","region":["us-central1"],"labels":{},"httpsTrigger":{},"entryPoint":"nestApi"}},"specVersion":"v1alpha1","requiredAPIs":[],"extensions":{}}
[info] +  functions: Loaded functions definitions from source: nestApi. {"metadata":{"emulator":{"name":"functions"},"message":"Loaded functions definitions from source: nestApi."}}
[info] +  functions[us-central1-nestApi]: http function initialized (http://127.0.0.1:5001/familia-viva-recife/us-central1/nestApi). {"metadata":{"emulator":{"name":"functions"},"message":"\u001b[1mhttp\u001b[22m function initialized (http://127.0.0.1:5001/familia-viva-recife/us-central1/nestApi)."}}
[info] i  functions: Watching "C:\Users\Danielxpdk\Desktop\Aplicacao-familia-viva\frontend" for Cloud Functions... {"metadata":{"emulator":{"name":"functions"},"message":"Watching \"C:\\Users\\Danielxpdk\\Desktop\\Aplicacao-familia-viva\\frontend\" for Cloud Functions..."}}
[debug] [2025-05-29T19:19:43.374Z] Validating nodejs source
[debug] [2025-05-29T19:19:44.475Z] > [functions] package.json contents: {
  "name": "frontend",
  "version": "0.1.0",
  "type": "commonjs",
  "private": true,
  "scripts": {
    "dev": "next dev --turbopack",
    "build": " next build",
    "start": "next start",
    "start:emulators": "npm run build && cross-env USE_FIREBASE_EMULATOR=true firebase emulators:start",
    "serve": "firebase emulators:start --only functions,hosting",
    "deploy": "firebase deploy",
    "lint": "next lint"
  },
  "dependencies": {
    "@tailwindcss/vite": "^4.1.3",
    "date-fns": "^4.1.0",
    "express": "^4.21.2",
    "firebase": "^11.6.0",
    "firebase-admin": "^13.4.0",
    "firebase-functions": "^6.3.2",
    "next": "15.2.4",
    "next-auth": "^4.24.11",
    "react": "^19.0.0",
    "react-calendar": "^5.1.0",
    "react-dom": "^19.0.0",
    "react-icons": "^5.5.0",
    "react-slick": "^0.30.3",
    "slick-carousel": "^1.8.1",
    "uuid": "^11.1.0"
  },
  "devDependencies": {
    "@eslint/eslintrc": "^3",
    "@types/express": "^5.0.2",
    "@types/node": "^20.17.52",
    "@types/react": "^19",
    "@types/react-dom": "^19",
    "@types/react-slick": "^0.23.13",
    "autoprefixer": "^10.4.21",
    "eslint": "^9",
    "eslint-config-next": "15.2.4",
    "postcss": "^8.5.3",
    "tailwindcss": "^3.4.1",
    "ts-node": "^10.9.2",
    "typescript": "^5.8.3"
  }
}
[debug] [2025-05-29T19:19:44.476Z] Building nodejs source
[debug] [2025-05-29T19:19:44.476Z] Failed to find version of module node: reached end of search path C:\Users\Danielxpdk\Desktop\Aplicacao-familia-viva\frontend\node_modules
[info] +  functions: Using node@20 from host. 
[debug] [2025-05-29T19:19:44.478Z] Could not find functions.yaml. Must use http discovery
[debug] [2025-05-29T19:19:44.497Z] Found firebase-functions binary at 'C:\Users\Danielxpdk\Desktop\Aplicacao-familia-viva\frontend\node_modules\.bin\firebase-functions'
[info] Serving at port 8049

[debug] [2025-05-29T19:19:45.793Z] Got response from /__/functions.yaml {"endpoints":{"nextssr":{"availableMemoryMb":512,"timeoutSeconds":60,"minInstances":null,"maxInstances":2,"ingressSettings":null,"concurrency":80,"serviceAccountEmail":null,"vpc":null,"platform":"gcfv2","region":["us-central1"],"labels":{},"httpsTrigger":{},"entryPoint":"nextssr"}},"specVersion":"v1alpha1","requiredAPIs":[],"extensions":{}}
[info] +  functions: Loaded functions definitions from source: nextssr. {"metadata":{"emulator":{"name":"functions"},"message":"Loaded functions definitions from source: nextssr."}}
[info] +  functions[us-central1-nextssr]: http function initialized (http://127.0.0.1:5001/familia-viva-recife/us-central1/nextssr). {"metadata":{"emulator":{"name":"functions"},"message":"\u001b[1mhttp\u001b[22m function initialized (http://127.0.0.1:5001/familia-viva-recife/us-central1/nextssr)."}}
[debug] [2025-05-29T19:19:50.841Z] Could not find VSCode notification endpoint: FetchError: request to http://localhost:40001/vscode/notify failed, reason: . If you are not running the Firebase Data Connect VSCode extension, this is expected and not an issue.
[info] 
┌─────────────────────────────────────────────────────────────┐
│ ✔  All emulators ready! It is now safe to connect your app. │
│ i  View Emulator UI at http://127.0.0.1:4000/               │
└─────────────────────────────────────────────────────────────┘

┌───────────┬────────────────┬─────────────────────────────────┐
│ Emulator  │ Host:Port      │ View in Emulator UI             │
├───────────┼────────────────┼─────────────────────────────────┤
│ Functions │ 127.0.0.1:5001 │ http://127.0.0.1:4000/functions │
├───────────┼────────────────┼─────────────────────────────────┤
│ Hosting   │ 127.0.0.1:5000 │ n/a                             │
└───────────┴────────────────┴─────────────────────────────────┘
  Emulator Hub host: 127.0.0.1 port: 4400
  Other reserved ports: 4500

Issues? Report them at https://github.com/firebase/firebase-tools/issues and attach the *-debug.log files.
 
[debug] [2025-05-29T19:19:56.142Z] [work-queue] {"queuedWork":["/familia-viva-recife/us-central1/nextssr-2025-05-29T19:19:56.142Z"],"queueLength":1,"runningWork":[],"workRunningCount":0}
[debug] [2025-05-29T19:19:56.143Z] [work-queue] {"queuedWork":[],"queueLength":0,"runningWork":["/familia-viva-recife/us-central1/nextssr-2025-05-29T19:19:56.142Z"],"workRunningCount":1}
[debug] [2025-05-29T19:19:56.144Z] Accepted request GET /familia-viva-recife/us-central1/nextssr --> us-central1-nextssr
[debug] [2025-05-29T19:19:56.146Z] [functions] Runtime ready! Sending request! {"metadata":{"emulator":{"name":"functions"},"message":"[functions] Runtime ready! Sending request!"}}
[debug] [2025-05-29T19:19:56.147Z] [functions] Got req.url=/familia-viva-recife/us-central1/nextssr, mapping to path=/ {"metadata":{"emulator":{"name":"functions"},"message":"[functions] Got req.url=/familia-viva-recife/us-central1/nextssr, mapping to path=/"}}
[debug] [2025-05-29T19:19:56.168Z] [worker-pool] addWorker(us-central1-nextssr) {"metadata":{"emulator":{"name":"functions"},"message":"[worker-pool] addWorker(us-central1-nextssr)"}}
[debug] [2025-05-29T19:19:56.170Z] [worker-pool] Adding worker with key us-central1-nextssr, total=1 {"metadata":{"emulator":{"name":"functions"},"message":"[worker-pool] Adding worker with key us-central1-nextssr, total=1"}}
[debug] [2025-05-29T19:19:58.287Z] [runtime-status] [12656] Resolved module firebase-admin {"declared":true,"installed":true,"version":"13.4.0","resolution":"C:\\Users\\Danielxpdk\\Desktop\\Aplicacao-familia-viva\\frontend\\node_modules\\firebase-admin\\lib\\index.js"} {"metadata":{"emulator":{"name":"functions"},"function":{"name":"us-central1-nextssr"},"extension":{},"message":"[runtime-status] [12656] Resolved module firebase-admin {\"declared\":true,\"installed\":true,\"version\":\"13.4.0\",\"resolution\":\"C:\\\\Users\\\\Danielxpdk\\\\Desktop\\\\Aplicacao-familia-viva\\\\frontend\\\\node_modules\\\\firebase-admin\\\\lib\\\\index.js\"}"}}
[debug] [2025-05-29T19:19:58.288Z] [runtime-status] [12656] Resolved module firebase-functions {"declared":true,"installed":true,"version":"6.3.2","resolution":"C:\\Users\\Danielxpdk\\Desktop\\Aplicacao-familia-viva\\frontend\\node_modules\\firebase-functions\\lib\\v2\\index.js"} {"metadata":{"emulator":{"name":"functions"},"function":{"name":"us-central1-nextssr"},"extension":{},"message":"[runtime-status] [12656] Resolved module firebase-functions {\"declared\":true,\"installed\":true,\"version\":\"6.3.2\",\"resolution\":\"C:\\\\Users\\\\Danielxpdk\\\\Desktop\\\\Aplicacao-familia-viva\\\\frontend\\\\node_modules\\\\firebase-functions\\\\lib\\\\v2\\\\index.js\"}"}}
[debug] [2025-05-29T19:19:58.289Z] [runtime-status] [12656] Outgoing network have been stubbed. [{"name":"http","status":"mocked"},{"name":"http","status":"mocked"},{"name":"https","status":"mocked"},{"name":"https","status":"mocked"},{"name":"net","status":"mocked"}] {"metadata":{"emulator":{"name":"functions"},"function":{"name":"us-central1-nextssr"},"extension":{},"message":"[runtime-status] [12656] Outgoing network have been stubbed. [{\"name\":\"http\",\"status\":\"mocked\"},{\"name\":\"http\",\"status\":\"mocked\"},{\"name\":\"https\",\"status\":\"mocked\"},{\"name\":\"https\",\"status\":\"mocked\"},{\"name\":\"net\",\"status\":\"mocked\"}]"}}
[debug] [2025-05-29T19:19:58.290Z] [runtime-status] [12656] Resolved module firebase-functions {"declared":true,"installed":true,"version":"6.3.2","resolution":"C:\\Users\\Danielxpdk\\Desktop\\Aplicacao-familia-viva\\frontend\\node_modules\\firebase-functions\\lib\\v2\\index.js"} {"metadata":{"emulator":{"name":"functions"},"function":{"name":"us-central1-nextssr"},"extension":{},"message":"[runtime-status] [12656] Resolved module firebase-functions {\"declared\":true,\"installed\":true,\"version\":\"6.3.2\",\"resolution\":\"C:\\\\Users\\\\Danielxpdk\\\\Desktop\\\\Aplicacao-familia-viva\\\\frontend\\\\node_modules\\\\firebase-functions\\\\lib\\\\v2\\\\index.js\"}"}}
[debug] [2025-05-29T19:19:59.039Z] [runtime-status] [12656] Checked functions.config() {"config":{}} {"metadata":{"emulator":{"name":"functions"},"function":{"name":"us-central1-nextssr"},"extension":{},"message":"[runtime-status] [12656] Checked functions.config() {\"config\":{}}"}}
[debug] [2025-05-29T19:19:59.039Z] [runtime-status] [12656] firebase-functions has been stubbed. {"functionsResolution":{"declared":true,"installed":true,"version":"6.3.2","resolution":"C:\\Users\\Danielxpdk\\Desktop\\Aplicacao-familia-viva\\frontend\\node_modules\\firebase-functions\\lib\\v2\\index.js"}} {"metadata":{"emulator":{"name":"functions"},"function":{"name":"us-central1-nextssr"},"extension":{},"message":"[runtime-status] [12656] firebase-functions has been stubbed. {\"functionsResolution\":{\"declared\":true,\"installed\":true,\"version\":\"6.3.2\",\"resolution\":\"C:\\\\Users\\\\Danielxpdk\\\\Desktop\\\\Aplicacao-familia-viva\\\\frontend\\\\node_modules\\\\firebase-functions\\\\lib\\\\v2\\\\index.js\"}}"}}
[debug] [2025-05-29T19:19:59.040Z] [runtime-status] [12656] Resolved module firebase-functions {"declared":true,"installed":true,"version":"6.3.2","resolution":"C:\\Users\\Danielxpdk\\Desktop\\Aplicacao-familia-viva\\frontend\\node_modules\\firebase-functions\\lib\\v2\\index.js"} {"metadata":{"emulator":{"name":"functions"},"function":{"name":"us-central1-nextssr"},"extension":{},"message":"[runtime-status] [12656] Resolved module firebase-functions {\"declared\":true,\"installed\":true,\"version\":\"6.3.2\",\"resolution\":\"C:\\\\Users\\\\Danielxpdk\\\\Desktop\\\\Aplicacao-familia-viva\\\\frontend\\\\node_modules\\\\firebase-functions\\\\lib\\\\v2\\\\index.js\"}"}}
[debug] [2025-05-29T19:19:59.049Z] [runtime-status] [12656] Resolved module firebase-admin {"declared":true,"installed":true,"version":"13.4.0","resolution":"C:\\Users\\Danielxpdk\\Desktop\\Aplicacao-familia-viva\\frontend\\node_modules\\firebase-admin\\lib\\index.js"} {"metadata":{"emulator":{"name":"functions"},"function":{"name":"us-central1-nextssr"},"extension":{},"message":"[runtime-status] [12656] Resolved module firebase-admin {\"declared\":true,\"installed\":true,\"version\":\"13.4.0\",\"resolution\":\"C:\\\\Users\\\\Danielxpdk\\\\Desktop\\\\Aplicacao-familia-viva\\\\frontend\\\\node_modules\\\\firebase-admin\\\\lib\\\\index.js\"}"}}
[debug] [2025-05-29T19:19:59.058Z] [runtime-status] [12656] Resolved module firebase-functions {"declared":true,"installed":true,"version":"6.3.2","resolution":"C:\\Users\\Danielxpdk\\Desktop\\Aplicacao-familia-viva\\frontend\\node_modules\\firebase-functions\\lib\\v2\\index.js"} {"metadata":{"emulator":{"name":"functions"},"function":{"name":"us-central1-nextssr"},"extension":{},"message":"[runtime-status] [12656] Resolved module firebase-functions {\"declared\":true,\"installed\":true,\"version\":\"6.3.2\",\"resolution\":\"C:\\\\Users\\\\Danielxpdk\\\\Desktop\\\\Aplicacao-familia-viva\\\\frontend\\\\node_modules\\\\firebase-functions\\\\lib\\\\v2\\\\index.js\"}"}}
[debug] [2025-05-29T19:19:59.059Z] [runtime-status] [12656] firebase-admin has been stubbed. {"adminResolution":{"declared":true,"installed":true,"version":"13.4.0","resolution":"C:\\Users\\Danielxpdk\\Desktop\\Aplicacao-familia-viva\\frontend\\node_modules\\firebase-admin\\lib\\index.js"}} {"metadata":{"emulator":{"name":"functions"},"function":{"name":"us-central1-nextssr"},"extension":{},"message":"[runtime-status] [12656] firebase-admin has been stubbed. {\"adminResolution\":{\"declared\":true,\"installed\":true,\"version\":\"13.4.0\",\"resolution\":\"C:\\\\Users\\\\Danielxpdk\\\\Desktop\\\\Aplicacao-familia-viva\\\\frontend\\\\node_modules\\\\firebase-admin\\\\lib\\\\index.js\"}}"}}
[debug] [2025-05-29T19:19:59.405Z] [runtime-status] [12656] Functions runtime initialized. {"cwd":"C:\\Users\\Danielxpdk\\Desktop\\Aplicacao-familia-viva\\frontend","node_version":"20.17.0"} {"metadata":{"emulator":{"name":"functions"},"function":{"name":"us-central1-nextssr"},"extension":{},"message":"[runtime-status] [12656] Functions runtime initialized. {\"cwd\":\"C:\\\\Users\\\\Danielxpdk\\\\Desktop\\\\Aplicacao-familia-viva\\\\frontend\",\"node_version\":\"20.17.0\"}"}}
[debug] [2025-05-29T19:19:59.406Z] [runtime-status] [12656] Listening to port: \\?\pipe\fire_emu_2c97929ce56547ad {"metadata":{"emulator":{"name":"functions"},"function":{"name":"us-central1-nextssr"},"extension":{},"message":"[runtime-status] [12656] Listening to port: \\\\?\\pipe\\fire_emu_2c97929ce56547ad"}}
[debug] [2025-05-29T19:19:59.448Z] [worker-us-central1-nextssr-d906d7b6-62b8-4707-b0a2-780f82f3e176]: IDLE {"metadata":{"emulator":{"name":"functions"},"function":{"name":"us-central1-nextssr"},"extension":{},"message":"[worker-us-central1-nextssr-d906d7b6-62b8-4707-b0a2-780f82f3e176]: IDLE"}}
[debug] [2025-05-29T19:19:59.449Z] [worker-pool] submitRequest(triggerId=us-central1-nextssr) {"metadata":{"emulator":{"name":"functions"},"message":"[worker-pool] submitRequest(triggerId=us-central1-nextssr)"}}
[info] i  functions: Beginning execution of "us-central1-nextssr" {"metadata":{"emulator":{"name":"functions"},"function":{"name":"us-central1-nextssr"},"extension":{},"message":"Beginning execution of \"us-central1-nextssr\""}}
[debug] [2025-05-29T19:19:59.451Z] [worker-us-central1-nextssr-d906d7b6-62b8-4707-b0a2-780f82f3e176]: BUSY {"metadata":{"emulator":{"name":"functions"},"function":{"name":"us-central1-nextssr"},"extension":{},"message":"[worker-us-central1-nextssr-d906d7b6-62b8-4707-b0a2-780f82f3e176]: BUSY"}}
[debug] [2025-05-29T19:20:01.169Z] Finishing up request with event=pause {"metadata":{"emulator":{"name":"functions"},"function":{"name":"us-central1-nextssr"},"extension":{},"message":"Finishing up request with event=pause"}}
[info] i  functions: Finished "us-central1-nextssr" in 1719.3591999999999ms {"metadata":{"emulator":{"name":"functions"},"function":{"name":"us-central1-nextssr"},"extension":{},"message":"Finished \"us-central1-nextssr\" in 1719.3591999999999ms"}}
[debug] [2025-05-29T19:20:01.172Z] [worker-us-central1-nextssr-d906d7b6-62b8-4707-b0a2-780f82f3e176]: IDLE {"metadata":{"emulator":{"name":"functions"},"function":{"name":"us-central1-nextssr"},"extension":{},"message":"[worker-us-central1-nextssr-d906d7b6-62b8-4707-b0a2-780f82f3e176]: IDLE"}}
[debug] [2025-05-29T19:20:01.173Z] Finishing up request with event=finish {"metadata":{"emulator":{"name":"functions"},"function":{"name":"us-central1-nextssr"},"extension":{},"message":"Finishing up request with event=finish"}}
[debug] [2025-05-29T19:20:01.175Z] Finishing up request with event=close {"metadata":{"emulator":{"name":"functions"},"function":{"name":"us-central1-nextssr"},"extension":{},"message":"Finishing up request with event=close"}}
[debug] [2025-05-29T19:20:01.175Z] [work-queue] {"queuedWork":[],"queueLength":0,"runningWork":[],"workRunningCount":0}
[debug] [2025-05-29T19:20:01.236Z] Functions emulator received unknown request at path /_next/static/css/e29a625a6a492291.css
[debug] [2025-05-29T19:20:01.242Z] Functions emulator received unknown request at path /_next/static/css/095879a2e3e1780a.css
[debug] [2025-05-29T19:20:01.274Z] Functions emulator received unknown request at path /_next/static/chunks/webpack-0ef715be9e18c719.js
[debug] [2025-05-29T19:20:01.276Z] Functions emulator received unknown request at path /_next/static/chunks/4bd1b696-cd1290cb101887c7.js
[debug] [2025-05-29T19:20:01.278Z] Functions emulator received unknown request at path /_next/static/chunks/684-eba31c851dc2295d.js
[debug] [2025-05-29T19:20:01.292Z] Functions emulator received unknown request at path /_next/static/chunks/main-app-43ba455159c4a4e4.js
[debug] [2025-05-29T19:20:01.296Z] Functions emulator received unknown request at path /_next/static/chunks/8e1d74a4-60a3a30eefbb9707.js
[debug] [2025-05-29T19:20:01.300Z] Functions emulator received unknown request at path /_next/static/chunks/b563f954-8872851d387596d2.js
[debug] [2025-05-29T19:20:01.303Z] Functions emulator received unknown request at path /_next/static/chunks/108-10be012df075ee9e.js
[debug] [2025-05-29T19:20:01.306Z] Functions emulator received unknown request at path /_next/static/chunks/766-6ff7749fef7dc9fb.js
[debug] [2025-05-29T19:20:01.308Z] Functions emulator received unknown request at path /_next/static/chunks/app/layout-d63552671e9a6a8a.js
[debug] [2025-05-29T19:20:01.310Z] Functions emulator received unknown request at path /_next/static/chunks/479ba886-167ecf74a4ae2ffa.js
[debug] [2025-05-29T19:20:01.313Z] Functions emulator received unknown request at path /_next/static/chunks/874-e18cb8741cb05408.js
[debug] [2025-05-29T19:20:01.315Z] Functions emulator received unknown request at path /_next/static/chunks/app/page-2cd4c1405e6e8b60.js
[info] [hosting] Rewriting / to http://127.0.0.1:5001/familia-viva-recife/us-central1/nextssr for local Function us-central1/nextssr
[debug] [2025-05-29T19:20:03.476Z] >>> [apiv2][query] GET http://127.0.0.1:5001/familia-viva-recife/us-central1/nextssr/ 
[debug] [2025-05-29T19:20:03.479Z] [work-queue] {"queuedWork":["/familia-viva-recife/us-central1/nextssr/-2025-05-29T19:20:03.479Z"],"queueLength":1,"runningWork":[],"workRunningCount":0}
[debug] [2025-05-29T19:20:03.480Z] [work-queue] {"queuedWork":[],"queueLength":0,"runningWork":["/familia-viva-recife/us-central1/nextssr/-2025-05-29T19:20:03.479Z"],"workRunningCount":1}
[debug] [2025-05-29T19:20:03.480Z] Accepted request GET /familia-viva-recife/us-central1/nextssr/ --> us-central1-nextssr
[debug] [2025-05-29T19:20:03.480Z] [functions] Runtime ready! Sending request! {"metadata":{"emulator":{"name":"functions"},"message":"[functions] Runtime ready! Sending request!"}}
[debug] [2025-05-29T19:20:03.481Z] [functions] Got req.url=/familia-viva-recife/us-central1/nextssr/, mapping to path=/ {"metadata":{"emulator":{"name":"functions"},"message":"[functions] Got req.url=/familia-viva-recife/us-central1/nextssr/, mapping to path=/"}}
[debug] [2025-05-29T19:20:03.481Z] [worker-pool] submitRequest(triggerId=us-central1-nextssr) {"metadata":{"emulator":{"name":"functions"},"message":"[worker-pool] submitRequest(triggerId=us-central1-nextssr)"}}
[info] i  functions: Beginning execution of "us-central1-nextssr" {"metadata":{"emulator":{"name":"functions"},"function":{"name":"us-central1-nextssr"},"extension":{},"message":"Beginning execution of \"us-central1-nextssr\""}}
[debug] [2025-05-29T19:20:03.481Z] [worker-us-central1-nextssr-d906d7b6-62b8-4707-b0a2-780f82f3e176]: BUSY {"metadata":{"emulator":{"name":"functions"},"function":{"name":"us-central1-nextssr"},"extension":{},"message":"[worker-us-central1-nextssr-d906d7b6-62b8-4707-b0a2-780f82f3e176]: BUSY"}}
[debug] [2025-05-29T19:20:03.537Z] <<< [apiv2][status] GET http://127.0.0.1:5001/familia-viva-recife/us-central1/nextssr/ 200
[debug] [2025-05-29T19:20:03.537Z] <<< [apiv2][body] GET http://127.0.0.1:5001/familia-viva-recife/us-central1/nextssr/ [stream]
[debug] [2025-05-29T19:20:03.541Z] Finishing up request with event=pause {"metadata":{"emulator":{"name":"functions"},"function":{"name":"us-central1-nextssr"},"extension":{},"message":"Finishing up request with event=pause"}}
[info] i  functions: Finished "us-central1-nextssr" in 60.3192ms {"metadata":{"emulator":{"name":"functions"},"function":{"name":"us-central1-nextssr"},"extension":{},"message":"Finished \"us-central1-nextssr\" in 60.3192ms"}}
[debug] [2025-05-29T19:20:03.544Z] [worker-us-central1-nextssr-d906d7b6-62b8-4707-b0a2-780f82f3e176]: IDLE {"metadata":{"emulator":{"name":"functions"},"function":{"name":"us-central1-nextssr"},"extension":{},"message":"[worker-us-central1-nextssr-d906d7b6-62b8-4707-b0a2-780f82f3e176]: IDLE"}}
[debug] [2025-05-29T19:20:03.545Z] Finishing up request with event=finish {"metadata":{"emulator":{"name":"functions"},"function":{"name":"us-central1-nextssr"},"extension":{},"message":"Finishing up request with event=finish"}}
[debug] [2025-05-29T19:20:03.545Z] Finishing up request with event=close {"metadata":{"emulator":{"name":"functions"},"function":{"name":"us-central1-nextssr"},"extension":{},"message":"Finishing up request with event=close"}}
[debug] [2025-05-29T19:20:03.545Z] [work-queue] {"queuedWork":[],"queueLength":0,"runningWork":[],"workRunningCount":0}
[info] i  hosting: 127.0.0.1 - - [29/May/2025:19:20:03 +0000] "GET / HTTP/1.1" 200 - "-" "Mozilla/5.0 (Windows NT 10.0; Win64; x64) AppleWebKit/537.36 (KHTML, like Gecko) Chrome/136.0.0.0 Safari/537.36 Edg/136.0.0.0" {"metadata":{"emulator":{"name":"hosting"},"message":"127.0.0.1 - - [29/May/2025:19:20:03 +0000] \"GET / HTTP/1.1\" 200 - \"-\" \"Mozilla/5.0 (Windows NT 10.0; Win64; x64) AppleWebKit/537.36 (KHTML, like Gecko) Chrome/136.0.0.0 Safari/537.36 Edg/136.0.0.0\""}}
[info] [hosting] Rewriting /_next/static/css/e29a625a6a492291.css to http://127.0.0.1:5001/familia-viva-recife/us-central1/nextssr for local Function us-central1/nextssr
[debug] [2025-05-29T19:20:03.598Z] >>> [apiv2][query] GET http://127.0.0.1:5001/familia-viva-recife/us-central1/nextssr/_next/static/css/e29a625a6a492291.css 
[info] [hosting] Rewriting /_next/static/css/095879a2e3e1780a.css to http://127.0.0.1:5001/familia-viva-recife/us-central1/nextssr for local Function us-central1/nextssr
[debug] [2025-05-29T19:20:03.602Z] >>> [apiv2][query] GET http://127.0.0.1:5001/familia-viva-recife/us-central1/nextssr/_next/static/css/095879a2e3e1780a.css 
[debug] [2025-05-29T19:20:03.606Z] [work-queue] {"queuedWork":["/familia-viva-recife/us-central1/nextssr/_next/static/css/e29a625a6a492291.css-2025-05-29T19:20:03.605Z"],"queueLength":1,"runningWork":[],"workRunningCount":0}
[debug] [2025-05-29T19:20:03.606Z] [work-queue] {"queuedWork":[],"queueLength":0,"runningWork":["/familia-viva-recife/us-central1/nextssr/_next/static/css/e29a625a6a492291.css-2025-05-29T19:20:03.605Z"],"workRunningCount":1}
[debug] [2025-05-29T19:20:03.606Z] Accepted request GET /familia-viva-recife/us-central1/nextssr/_next/static/css/e29a625a6a492291.css --> us-central1-nextssr
[debug] [2025-05-29T19:20:03.606Z] [functions] Runtime ready! Sending request! {"metadata":{"emulator":{"name":"functions"},"message":"[functions] Runtime ready! Sending request!"}}
[debug] [2025-05-29T19:20:03.607Z] [functions] Got req.url=/familia-viva-recife/us-central1/nextssr/_next/static/css/e29a625a6a492291.css, mapping to path=/_next/static/css/e29a625a6a492291.css {"metadata":{"emulator":{"name":"functions"},"message":"[functions] Got req.url=/familia-viva-recife/us-central1/nextssr/_next/static/css/e29a625a6a492291.css, mapping to path=/_next/static/css/e29a625a6a492291.css"}}
[debug] [2025-05-29T19:20:03.607Z] [worker-pool] submitRequest(triggerId=us-central1-nextssr) {"metadata":{"emulator":{"name":"functions"},"message":"[worker-pool] submitRequest(triggerId=us-central1-nextssr)"}}
[info] i  functions: Beginning execution of "us-central1-nextssr" {"metadata":{"emulator":{"name":"functions"},"function":{"name":"us-central1-nextssr"},"extension":{},"message":"Beginning execution of \"us-central1-nextssr\""}}
[debug] [2025-05-29T19:20:03.608Z] [worker-us-central1-nextssr-d906d7b6-62b8-4707-b0a2-780f82f3e176]: BUSY {"metadata":{"emulator":{"name":"functions"},"function":{"name":"us-central1-nextssr"},"extension":{},"message":"[worker-us-central1-nextssr-d906d7b6-62b8-4707-b0a2-780f82f3e176]: BUSY"}}
[debug] [2025-05-29T19:20:03.618Z] [work-queue] {"queuedWork":["/familia-viva-recife/us-central1/nextssr/_next/static/css/095879a2e3e1780a.css-2025-05-29T19:20:03.618Z"],"queueLength":1,"runningWork":["/familia-viva-recife/us-central1/nextssr/_next/static/css/e29a625a6a492291.css-2025-05-29T19:20:03.605Z"],"workRunningCount":1}
[debug] [2025-05-29T19:20:03.618Z] [work-queue] {"queuedWork":[],"queueLength":0,"runningWork":["/familia-viva-recife/us-central1/nextssr/_next/static/css/e29a625a6a492291.css-2025-05-29T19:20:03.605Z","/familia-viva-recife/us-central1/nextssr/_next/static/css/095879a2e3e1780a.css-2025-05-29T19:20:03.618Z"],"workRunningCount":2}
[debug] [2025-05-29T19:20:03.618Z] Accepted request GET /familia-viva-recife/us-central1/nextssr/_next/static/css/095879a2e3e1780a.css --> us-central1-nextssr
[debug] [2025-05-29T19:20:03.619Z] [functions] Runtime ready! Sending request! {"metadata":{"emulator":{"name":"functions"},"message":"[functions] Runtime ready! Sending request!"}}
[debug] [2025-05-29T19:20:03.620Z] [functions] Got req.url=/familia-viva-recife/us-central1/nextssr/_next/static/css/095879a2e3e1780a.css, mapping to path=/_next/static/css/095879a2e3e1780a.css {"metadata":{"emulator":{"name":"functions"},"message":"[functions] Got req.url=/familia-viva-recife/us-central1/nextssr/_next/static/css/095879a2e3e1780a.css, mapping to path=/_next/static/css/095879a2e3e1780a.css"}}
[debug] [2025-05-29T19:20:03.642Z] [worker-pool] addWorker(us-central1-nextssr) {"metadata":{"emulator":{"name":"functions"},"message":"[worker-pool] addWorker(us-central1-nextssr)"}}
[debug] [2025-05-29T19:20:03.642Z] [worker-pool] Adding worker with key us-central1-nextssr, total=2 {"metadata":{"emulator":{"name":"functions"},"message":"[worker-pool] Adding worker with key us-central1-nextssr, total=2"}}
[info] [hosting] Rewriting /_next/static/chunks/4bd1b696-cd1290cb101887c7.js to http://127.0.0.1:5001/familia-viva-recife/us-central1/nextssr for local Function us-central1/nextssr
[debug] [2025-05-29T19:20:03.646Z] >>> [apiv2][query] GET http://127.0.0.1:5001/familia-viva-recife/us-central1/nextssr/_next/static/chunks/4bd1b696-cd1290cb101887c7.js 
[info] [hosting] Rewriting /_next/static/chunks/684-eba31c851dc2295d.js to http://127.0.0.1:5001/familia-viva-recife/us-central1/nextssr for local Function us-central1/nextssr
[debug] [2025-05-29T19:20:03.651Z] >>> [apiv2][query] GET http://127.0.0.1:5001/familia-viva-recife/us-central1/nextssr/_next/static/chunks/684-eba31c851dc2295d.js 
[info] [hosting] Rewriting /_next/static/chunks/main-app-43ba455159c4a4e4.js to http://127.0.0.1:5001/familia-viva-recife/us-central1/nextssr for local Function us-central1/nextssr
[debug] [2025-05-29T19:20:03.656Z] >>> [apiv2][query] GET http://127.0.0.1:5001/familia-viva-recife/us-central1/nextssr/_next/static/chunks/main-app-43ba455159c4a4e4.js 
[info] [hosting] Rewriting /_next/static/chunks/webpack-0ef715be9e18c719.js to http://127.0.0.1:5001/familia-viva-recife/us-central1/nextssr for local Function us-central1/nextssr
[debug] [2025-05-29T19:20:03.661Z] >>> [apiv2][query] GET http://127.0.0.1:5001/familia-viva-recife/us-central1/nextssr/_next/static/chunks/webpack-0ef715be9e18c719.js 
[debug] [2025-05-29T19:20:03.665Z] [work-queue] {"queuedWork":["/familia-viva-recife/us-central1/nextssr/_next/static/chunks/684-eba31c851dc2295d.js-2025-05-29T19:20:03.665Z"],"queueLength":1,"runningWork":["/familia-viva-recife/us-central1/nextssr/_next/static/css/e29a625a6a492291.css-2025-05-29T19:20:03.605Z","/familia-viva-recife/us-central1/nextssr/_next/static/css/095879a2e3e1780a.css-2025-05-29T19:20:03.618Z"],"workRunningCount":2}
[debug] [2025-05-29T19:20:03.668Z] [work-queue] {"queuedWork":[],"queueLength":0,"runningWork":["/familia-viva-recife/us-central1/nextssr/_next/static/css/e29a625a6a492291.css-2025-05-29T19:20:03.605Z","/familia-viva-recife/us-central1/nextssr/_next/static/css/095879a2e3e1780a.css-2025-05-29T19:20:03.618Z","/familia-viva-recife/us-central1/nextssr/_next/static/chunks/684-eba31c851dc2295d.js-2025-05-29T19:20:03.665Z"],"workRunningCount":3}
[debug] [2025-05-29T19:20:03.668Z] Accepted request GET /familia-viva-recife/us-central1/nextssr/_next/static/chunks/684-eba31c851dc2295d.js --> us-central1-nextssr
[debug] [2025-05-29T19:20:03.670Z] [functions] Runtime ready! Sending request! {"metadata":{"emulator":{"name":"functions"},"message":"[functions] Runtime ready! Sending request!"}}
[debug] [2025-05-29T19:20:03.671Z] [functions] Got req.url=/familia-viva-recife/us-central1/nextssr/_next/static/chunks/684-eba31c851dc2295d.js, mapping to path=/_next/static/chunks/684-eba31c851dc2295d.js {"metadata":{"emulator":{"name":"functions"},"message":"[functions] Got req.url=/familia-viva-recife/us-central1/nextssr/_next/static/chunks/684-eba31c851dc2295d.js, mapping to path=/_next/static/chunks/684-eba31c851dc2295d.js"}}
[debug] [2025-05-29T19:20:03.694Z] [worker-pool] addWorker(us-central1-nextssr) {"metadata":{"emulator":{"name":"functions"},"message":"[worker-pool] addWorker(us-central1-nextssr)"}}
[debug] [2025-05-29T19:20:03.694Z] [worker-pool] Adding worker with key us-central1-nextssr, total=3 {"metadata":{"emulator":{"name":"functions"},"message":"[worker-pool] Adding worker with key us-central1-nextssr, total=3"}}
[debug] [2025-05-29T19:20:03.696Z] [work-queue] {"queuedWork":["/familia-viva-recife/us-central1/nextssr/_next/static/chunks/webpack-0ef715be9e18c719.js-2025-05-29T19:20:03.695Z"],"queueLength":1,"runningWork":["/familia-viva-recife/us-central1/nextssr/_next/static/css/e29a625a6a492291.css-2025-05-29T19:20:03.605Z","/familia-viva-recife/us-central1/nextssr/_next/static/css/095879a2e3e1780a.css-2025-05-29T19:20:03.618Z","/familia-viva-recife/us-central1/nextssr/_next/static/chunks/684-eba31c851dc2295d.js-2025-05-29T19:20:03.665Z"],"workRunningCount":3}
[debug] [2025-05-29T19:20:03.696Z] [work-queue] {"queuedWork":[],"queueLength":0,"runningWork":["/familia-viva-recife/us-central1/nextssr/_next/static/css/e29a625a6a492291.css-2025-05-29T19:20:03.605Z","/familia-viva-recife/us-central1/nextssr/_next/static/css/095879a2e3e1780a.css-2025-05-29T19:20:03.618Z","/familia-viva-recife/us-central1/nextssr/_next/static/chunks/684-eba31c851dc2295d.js-2025-05-29T19:20:03.665Z","/familia-viva-recife/us-central1/nextssr/_next/static/chunks/webpack-0ef715be9e18c719.js-2025-05-29T19:20:03.695Z"],"workRunningCount":4}
[debug] [2025-05-29T19:20:03.696Z] Accepted request GET /familia-viva-recife/us-central1/nextssr/_next/static/chunks/webpack-0ef715be9e18c719.js --> us-central1-nextssr
[debug] [2025-05-29T19:20:03.696Z] [functions] Runtime ready! Sending request! {"metadata":{"emulator":{"name":"functions"},"message":"[functions] Runtime ready! Sending request!"}}
[debug] [2025-05-29T19:20:03.697Z] [functions] Got req.url=/familia-viva-recife/us-central1/nextssr/_next/static/chunks/webpack-0ef715be9e18c719.js, mapping to path=/_next/static/chunks/webpack-0ef715be9e18c719.js {"metadata":{"emulator":{"name":"functions"},"message":"[functions] Got req.url=/familia-viva-recife/us-central1/nextssr/_next/static/chunks/webpack-0ef715be9e18c719.js, mapping to path=/_next/static/chunks/webpack-0ef715be9e18c719.js"}}
[debug] [2025-05-29T19:20:03.713Z] [worker-pool] addWorker(us-central1-nextssr) {"metadata":{"emulator":{"name":"functions"},"message":"[worker-pool] addWorker(us-central1-nextssr)"}}
[debug] [2025-05-29T19:20:03.714Z] [worker-pool] Adding worker with key us-central1-nextssr, total=4 {"metadata":{"emulator":{"name":"functions"},"message":"[worker-pool] Adding worker with key us-central1-nextssr, total=4"}}
[debug] [2025-05-29T19:20:03.716Z] [work-queue] {"queuedWork":["/familia-viva-recife/us-central1/nextssr/_next/static/chunks/4bd1b696-cd1290cb101887c7.js-2025-05-29T19:20:03.716Z"],"queueLength":1,"runningWork":["/familia-viva-recife/us-central1/nextssr/_next/static/css/e29a625a6a492291.css-2025-05-29T19:20:03.605Z","/familia-viva-recife/us-central1/nextssr/_next/static/css/095879a2e3e1780a.css-2025-05-29T19:20:03.618Z","/familia-viva-recife/us-central1/nextssr/_next/static/chunks/684-eba31c851dc2295d.js-2025-05-29T19:20:03.665Z","/familia-viva-recife/us-central1/nextssr/_next/static/chunks/webpack-0ef715be9e18c719.js-2025-05-29T19:20:03.695Z"],"workRunningCount":4}
[debug] [2025-05-29T19:20:03.716Z] [work-queue] {"queuedWork":[],"queueLength":0,"runningWork":["/familia-viva-recife/us-central1/nextssr/_next/static/css/e29a625a6a492291.css-2025-05-29T19:20:03.605Z","/familia-viva-recife/us-central1/nextssr/_next/static/css/095879a2e3e1780a.css-2025-05-29T19:20:03.618Z","/familia-viva-recife/us-central1/nextssr/_next/static/chunks/684-eba31c851dc2295d.js-2025-05-29T19:20:03.665Z","/familia-viva-recife/us-central1/nextssr/_next/static/chunks/webpack-0ef715be9e18c719.js-2025-05-29T19:20:03.695Z","/familia-viva-recife/us-central1/nextssr/_next/static/chunks/4bd1b696-cd1290cb101887c7.js-2025-05-29T19:20:03.716Z"],"workRunningCount":5}
[debug] [2025-05-29T19:20:03.716Z] Accepted request GET /familia-viva-recife/us-central1/nextssr/_next/static/chunks/4bd1b696-cd1290cb101887c7.js --> us-central1-nextssr
[debug] [2025-05-29T19:20:03.717Z] [functions] Runtime ready! Sending request! {"metadata":{"emulator":{"name":"functions"},"message":"[functions] Runtime ready! Sending request!"}}
[debug] [2025-05-29T19:20:03.718Z] [functions] Got req.url=/familia-viva-recife/us-central1/nextssr/_next/static/chunks/4bd1b696-cd1290cb101887c7.js, mapping to path=/_next/static/chunks/4bd1b696-cd1290cb101887c7.js {"metadata":{"emulator":{"name":"functions"},"message":"[functions] Got req.url=/familia-viva-recife/us-central1/nextssr/_next/static/chunks/4bd1b696-cd1290cb101887c7.js, mapping to path=/_next/static/chunks/4bd1b696-cd1290cb101887c7.js"}}
[debug] [2025-05-29T19:20:03.732Z] [worker-pool] addWorker(us-central1-nextssr) {"metadata":{"emulator":{"name":"functions"},"message":"[worker-pool] addWorker(us-central1-nextssr)"}}
[debug] [2025-05-29T19:20:03.732Z] [worker-pool] Adding worker with key us-central1-nextssr, total=5 {"metadata":{"emulator":{"name":"functions"},"message":"[worker-pool] Adding worker with key us-central1-nextssr, total=5"}}
[debug] [2025-05-29T19:20:03.734Z] [work-queue] {"queuedWork":["/familia-viva-recife/us-central1/nextssr/_next/static/chunks/main-app-43ba455159c4a4e4.js-2025-05-29T19:20:03.734Z"],"queueLength":1,"runningWork":["/familia-viva-recife/us-central1/nextssr/_next/static/css/e29a625a6a492291.css-2025-05-29T19:20:03.605Z","/familia-viva-recife/us-central1/nextssr/_next/static/css/095879a2e3e1780a.css-2025-05-29T19:20:03.618Z","/familia-viva-recife/us-central1/nextssr/_next/static/chunks/684-eba31c851dc2295d.js-2025-05-29T19:20:03.665Z","/familia-viva-recife/us-central1/nextssr/_next/static/chunks/webpack-0ef715be9e18c719.js-2025-05-29T19:20:03.695Z","/familia-viva-recife/us-central1/nextssr/_next/static/chunks/4bd1b696-cd1290cb101887c7.js-2025-05-29T19:20:03.716Z"],"workRunningCount":5}
[debug] [2025-05-29T19:20:03.734Z] [work-queue] {"queuedWork":[],"queueLength":0,"runningWork":["/familia-viva-recife/us-central1/nextssr/_next/static/css/e29a625a6a492291.css-2025-05-29T19:20:03.605Z","/familia-viva-recife/us-central1/nextssr/_next/static/css/095879a2e3e1780a.css-2025-05-29T19:20:03.618Z","/familia-viva-recife/us-central1/nextssr/_next/static/chunks/684-eba31c851dc2295d.js-2025-05-29T19:20:03.665Z","/familia-viva-recife/us-central1/nextssr/_next/static/chunks/webpack-0ef715be9e18c719.js-2025-05-29T19:20:03.695Z","/familia-viva-recife/us-central1/nextssr/_next/static/chunks/4bd1b696-cd1290cb101887c7.js-2025-05-29T19:20:03.716Z","/familia-viva-recife/us-central1/nextssr/_next/static/chunks/main-app-43ba455159c4a4e4.js-2025-05-29T19:20:03.734Z"],"workRunningCount":6}
[debug] [2025-05-29T19:20:03.734Z] Accepted request GET /familia-viva-recife/us-central1/nextssr/_next/static/chunks/main-app-43ba455159c4a4e4.js --> us-central1-nextssr
[debug] [2025-05-29T19:20:03.735Z] [functions] Runtime ready! Sending request! {"metadata":{"emulator":{"name":"functions"},"message":"[functions] Runtime ready! Sending request!"}}
[debug] [2025-05-29T19:20:03.735Z] [functions] Got req.url=/familia-viva-recife/us-central1/nextssr/_next/static/chunks/main-app-43ba455159c4a4e4.js, mapping to path=/_next/static/chunks/main-app-43ba455159c4a4e4.js {"metadata":{"emulator":{"name":"functions"},"message":"[functions] Got req.url=/familia-viva-recife/us-central1/nextssr/_next/static/chunks/main-app-43ba455159c4a4e4.js, mapping to path=/_next/static/chunks/main-app-43ba455159c4a4e4.js"}}
[debug] [2025-05-29T19:20:03.749Z] [worker-pool] addWorker(us-central1-nextssr) {"metadata":{"emulator":{"name":"functions"},"message":"[worker-pool] addWorker(us-central1-nextssr)"}}
[debug] [2025-05-29T19:20:03.749Z] [worker-pool] Adding worker with key us-central1-nextssr, total=6 {"metadata":{"emulator":{"name":"functions"},"message":"[worker-pool] Adding worker with key us-central1-nextssr, total=6"}}
[debug] [2025-05-29T19:20:03.751Z] Finishing up request with event=pause {"metadata":{"emulator":{"name":"functions"},"function":{"name":"us-central1-nextssr"},"extension":{},"message":"Finishing up request with event=pause"}}
[info] i  functions: Finished "us-central1-nextssr" in 143.9906ms {"metadata":{"emulator":{"name":"functions"},"function":{"name":"us-central1-nextssr"},"extension":{},"message":"Finished \"us-central1-nextssr\" in 143.9906ms"}}
[debug] [2025-05-29T19:20:03.753Z] [worker-us-central1-nextssr-d906d7b6-62b8-4707-b0a2-780f82f3e176]: IDLE {"metadata":{"emulator":{"name":"functions"},"function":{"name":"us-central1-nextssr"},"extension":{},"message":"[worker-us-central1-nextssr-d906d7b6-62b8-4707-b0a2-780f82f3e176]: IDLE"}}
[debug] [2025-05-29T19:20:03.754Z] Finishing up request with event=finish {"metadata":{"emulator":{"name":"functions"},"function":{"name":"us-central1-nextssr"},"extension":{},"message":"Finishing up request with event=finish"}}
[debug] [2025-05-29T19:20:03.755Z] Finishing up request with event=close {"metadata":{"emulator":{"name":"functions"},"function":{"name":"us-central1-nextssr"},"extension":{},"message":"Finishing up request with event=close"}}
[debug] [2025-05-29T19:20:03.755Z] [work-queue] {"queuedWork":[],"queueLength":0,"runningWork":["/familia-viva-recife/us-central1/nextssr/_next/static/css/095879a2e3e1780a.css-2025-05-29T19:20:03.618Z","/familia-viva-recife/us-central1/nextssr/_next/static/chunks/684-eba31c851dc2295d.js-2025-05-29T19:20:03.665Z","/familia-viva-recife/us-central1/nextssr/_next/static/chunks/webpack-0ef715be9e18c719.js-2025-05-29T19:20:03.695Z","/familia-viva-recife/us-central1/nextssr/_next/static/chunks/4bd1b696-cd1290cb101887c7.js-2025-05-29T19:20:03.716Z","/familia-viva-recife/us-central1/nextssr/_next/static/chunks/main-app-43ba455159c4a4e4.js-2025-05-29T19:20:03.734Z"],"workRunningCount":5}
[debug] [2025-05-29T19:20:03.757Z] <<< [apiv2][status] GET http://127.0.0.1:5001/familia-viva-recife/us-central1/nextssr/_next/static/css/e29a625a6a492291.css 200
[debug] [2025-05-29T19:20:03.757Z] <<< [apiv2][body] GET http://127.0.0.1:5001/familia-viva-recife/us-central1/nextssr/_next/static/css/e29a625a6a492291.css [stream]
[info] i  hosting: 127.0.0.1 - - [29/May/2025:19:20:03 +0000] "GET /_next/static/css/e29a625a6a492291.css HTTP/1.1" 200 22522 "http://127.0.0.1:5000/" "Mozilla/5.0 (Windows NT 10.0; Win64; x64) AppleWebKit/537.36 (KHTML, like Gecko) Chrome/136.0.0.0 Safari/537.36 Edg/136.0.0.0" {"metadata":{"emulator":{"name":"hosting"},"message":"127.0.0.1 - - [29/May/2025:19:20:03 +0000] \"GET /_next/static/css/e29a625a6a492291.css HTTP/1.1\" 200 22522 \"http://127.0.0.1:5000/\" \"Mozilla/5.0 (Windows NT 10.0; Win64; x64) AppleWebKit/537.36 (KHTML, like Gecko) Chrome/136.0.0.0 Safari/537.36 Edg/136.0.0.0\""}}
[info] [hosting] Rewriting /_next/static/chunks/8e1d74a4-60a3a30eefbb9707.js to http://127.0.0.1:5001/familia-viva-recife/us-central1/nextssr for local Function us-central1/nextssr
[debug] [2025-05-29T19:20:03.776Z] >>> [apiv2][query] GET http://127.0.0.1:5001/familia-viva-recife/us-central1/nextssr/_next/static/chunks/8e1d74a4-60a3a30eefbb9707.js 
[debug] [2025-05-29T19:20:03.779Z] [work-queue] {"queuedWork":["/familia-viva-recife/us-central1/nextssr/_next/static/chunks/8e1d74a4-60a3a30eefbb9707.js-2025-05-29T19:20:03.779Z"],"queueLength":1,"runningWork":["/familia-viva-recife/us-central1/nextssr/_next/static/css/095879a2e3e1780a.css-2025-05-29T19:20:03.618Z","/familia-viva-recife/us-central1/nextssr/_next/static/chunks/684-eba31c851dc2295d.js-2025-05-29T19:20:03.665Z","/familia-viva-recife/us-central1/nextssr/_next/static/chunks/webpack-0ef715be9e18c719.js-2025-05-29T19:20:03.695Z","/familia-viva-recife/us-central1/nextssr/_next/static/chunks/4bd1b696-cd1290cb101887c7.js-2025-05-29T19:20:03.716Z","/familia-viva-recife/us-central1/nextssr/_next/static/chunks/main-app-43ba455159c4a4e4.js-2025-05-29T19:20:03.734Z"],"workRunningCount":5}
[debug] [2025-05-29T19:20:03.779Z] [work-queue] {"queuedWork":[],"queueLength":0,"runningWork":["/familia-viva-recife/us-central1/nextssr/_next/static/css/095879a2e3e1780a.css-2025-05-29T19:20:03.618Z","/familia-viva-recife/us-central1/nextssr/_next/static/chunks/684-eba31c851dc2295d.js-2025-05-29T19:20:03.665Z","/familia-viva-recife/us-central1/nextssr/_next/static/chunks/webpack-0ef715be9e18c719.js-2025-05-29T19:20:03.695Z","/familia-viva-recife/us-central1/nextssr/_next/static/chunks/4bd1b696-cd1290cb101887c7.js-2025-05-29T19:20:03.716Z","/familia-viva-recife/us-central1/nextssr/_next/static/chunks/main-app-43ba455159c4a4e4.js-2025-05-29T19:20:03.734Z","/familia-viva-recife/us-central1/nextssr/_next/static/chunks/8e1d74a4-60a3a30eefbb9707.js-2025-05-29T19:20:03.779Z"],"workRunningCount":6}
[debug] [2025-05-29T19:20:03.779Z] Accepted request GET /familia-viva-recife/us-central1/nextssr/_next/static/chunks/8e1d74a4-60a3a30eefbb9707.js --> us-central1-nextssr
[debug] [2025-05-29T19:20:03.779Z] [functions] Runtime ready! Sending request! {"metadata":{"emulator":{"name":"functions"},"message":"[functions] Runtime ready! Sending request!"}}
[debug] [2025-05-29T19:20:03.779Z] [functions] Got req.url=/familia-viva-recife/us-central1/nextssr/_next/static/chunks/8e1d74a4-60a3a30eefbb9707.js, mapping to path=/_next/static/chunks/8e1d74a4-60a3a30eefbb9707.js {"metadata":{"emulator":{"name":"functions"},"message":"[functions] Got req.url=/familia-viva-recife/us-central1/nextssr/_next/static/chunks/8e1d74a4-60a3a30eefbb9707.js, mapping to path=/_next/static/chunks/8e1d74a4-60a3a30eefbb9707.js"}}
[debug] [2025-05-29T19:20:03.780Z] [worker-pool] submitRequest(triggerId=us-central1-nextssr) {"metadata":{"emulator":{"name":"functions"},"message":"[worker-pool] submitRequest(triggerId=us-central1-nextssr)"}}
[info] i  functions: Beginning execution of "us-central1-nextssr" {"metadata":{"emulator":{"name":"functions"},"function":{"name":"us-central1-nextssr"},"extension":{},"message":"Beginning execution of \"us-central1-nextssr\""}}
[debug] [2025-05-29T19:20:03.781Z] [worker-us-central1-nextssr-d906d7b6-62b8-4707-b0a2-780f82f3e176]: BUSY {"metadata":{"emulator":{"name":"functions"},"function":{"name":"us-central1-nextssr"},"extension":{},"message":"[worker-us-central1-nextssr-d906d7b6-62b8-4707-b0a2-780f82f3e176]: BUSY"}}
[debug] [2025-05-29T19:20:03.814Z] Finishing up request with event=pause {"metadata":{"emulator":{"name":"functions"},"function":{"name":"us-central1-nextssr"},"extension":{},"message":"Finishing up request with event=pause"}}
[info] i  functions: Finished "us-central1-nextssr" in 33.6979ms {"metadata":{"emulator":{"name":"functions"},"function":{"name":"us-central1-nextssr"},"extension":{},"message":"Finished \"us-central1-nextssr\" in 33.6979ms"}}
[debug] [2025-05-29T19:20:03.832Z] [worker-us-central1-nextssr-d906d7b6-62b8-4707-b0a2-780f82f3e176]: IDLE {"metadata":{"emulator":{"name":"functions"},"function":{"name":"us-central1-nextssr"},"extension":{},"message":"[worker-us-central1-nextssr-d906d7b6-62b8-4707-b0a2-780f82f3e176]: IDLE"}}
[debug] [2025-05-29T19:20:03.832Z] Finishing up request with event=finish {"metadata":{"emulator":{"name":"functions"},"function":{"name":"us-central1-nextssr"},"extension":{},"message":"Finishing up request with event=finish"}}
[debug] [2025-05-29T19:20:03.832Z] Finishing up request with event=close {"metadata":{"emulator":{"name":"functions"},"function":{"name":"us-central1-nextssr"},"extension":{},"message":"Finishing up request with event=close"}}
[debug] [2025-05-29T19:20:03.833Z] [work-queue] {"queuedWork":[],"queueLength":0,"runningWork":["/familia-viva-recife/us-central1/nextssr/_next/static/css/095879a2e3e1780a.css-2025-05-29T19:20:03.618Z","/familia-viva-recife/us-central1/nextssr/_next/static/chunks/684-eba31c851dc2295d.js-2025-05-29T19:20:03.665Z","/familia-viva-recife/us-central1/nextssr/_next/static/chunks/webpack-0ef715be9e18c719.js-2025-05-29T19:20:03.695Z","/familia-viva-recife/us-central1/nextssr/_next/static/chunks/4bd1b696-cd1290cb101887c7.js-2025-05-29T19:20:03.716Z","/familia-viva-recife/us-central1/nextssr/_next/static/chunks/main-app-43ba455159c4a4e4.js-2025-05-29T19:20:03.734Z"],"workRunningCount":5}
[debug] [2025-05-29T19:20:03.836Z] <<< [apiv2][status] GET http://127.0.0.1:5001/familia-viva-recife/us-central1/nextssr/_next/static/chunks/8e1d74a4-60a3a30eefbb9707.js 200
[debug] [2025-05-29T19:20:03.836Z] <<< [apiv2][body] GET http://127.0.0.1:5001/familia-viva-recife/us-central1/nextssr/_next/static/chunks/8e1d74a4-60a3a30eefbb9707.js [stream]
[info] i  hosting: 127.0.0.1 - - [29/May/2025:19:20:03 +0000] "GET /_next/static/chunks/8e1d74a4-60a3a30eefbb9707.js HTTP/1.1" 200 1635 "http://127.0.0.1:5000/" "Mozilla/5.0 (Windows NT 10.0; Win64; x64) AppleWebKit/537.36 (KHTML, like Gecko) Chrome/136.0.0.0 Safari/537.36 Edg/136.0.0.0" {"metadata":{"emulator":{"name":"hosting"},"message":"127.0.0.1 - - [29/May/2025:19:20:03 +0000] \"GET /_next/static/chunks/8e1d74a4-60a3a30eefbb9707.js HTTP/1.1\" 200 1635 \"http://127.0.0.1:5000/\" \"Mozilla/5.0 (Windows NT 10.0; Win64; x64) AppleWebKit/537.36 (KHTML, like Gecko) Chrome/136.0.0.0 Safari/537.36 Edg/136.0.0.0\""}}
[info] [hosting] Rewriting /_next/static/chunks/b563f954-8872851d387596d2.js to http://127.0.0.1:5001/familia-viva-recife/us-central1/nextssr for local Function us-central1/nextssr
[debug] [2025-05-29T19:20:03.860Z] >>> [apiv2][query] GET http://127.0.0.1:5001/familia-viva-recife/us-central1/nextssr/_next/static/chunks/b563f954-8872851d387596d2.js 
[debug] [2025-05-29T19:20:03.863Z] [work-queue] {"queuedWork":["/familia-viva-recife/us-central1/nextssr/_next/static/chunks/b563f954-8872851d387596d2.js-2025-05-29T19:20:03.863Z"],"queueLength":1,"runningWork":["/familia-viva-recife/us-central1/nextssr/_next/static/css/095879a2e3e1780a.css-2025-05-29T19:20:03.618Z","/familia-viva-recife/us-central1/nextssr/_next/static/chunks/684-eba31c851dc2295d.js-2025-05-29T19:20:03.665Z","/familia-viva-recife/us-central1/nextssr/_next/static/chunks/webpack-0ef715be9e18c719.js-2025-05-29T19:20:03.695Z","/familia-viva-recife/us-central1/nextssr/_next/static/chunks/4bd1b696-cd1290cb101887c7.js-2025-05-29T19:20:03.716Z","/familia-viva-recife/us-central1/nextssr/_next/static/chunks/main-app-43ba455159c4a4e4.js-2025-05-29T19:20:03.734Z"],"workRunningCount":5}
[debug] [2025-05-29T19:20:03.863Z] [work-queue] {"queuedWork":[],"queueLength":0,"runningWork":["/familia-viva-recife/us-central1/nextssr/_next/static/css/095879a2e3e1780a.css-2025-05-29T19:20:03.618Z","/familia-viva-recife/us-central1/nextssr/_next/static/chunks/684-eba31c851dc2295d.js-2025-05-29T19:20:03.665Z","/familia-viva-recife/us-central1/nextssr/_next/static/chunks/webpack-0ef715be9e18c719.js-2025-05-29T19:20:03.695Z","/familia-viva-recife/us-central1/nextssr/_next/static/chunks/4bd1b696-cd1290cb101887c7.js-2025-05-29T19:20:03.716Z","/familia-viva-recife/us-central1/nextssr/_next/static/chunks/main-app-43ba455159c4a4e4.js-2025-05-29T19:20:03.734Z","/familia-viva-recife/us-central1/nextssr/_next/static/chunks/b563f954-8872851d387596d2.js-2025-05-29T19:20:03.863Z"],"workRunningCount":6}
[debug] [2025-05-29T19:20:03.863Z] Accepted request GET /familia-viva-recife/us-central1/nextssr/_next/static/chunks/b563f954-8872851d387596d2.js --> us-central1-nextssr
[debug] [2025-05-29T19:20:03.863Z] [functions] Runtime ready! Sending request! {"metadata":{"emulator":{"name":"functions"},"message":"[functions] Runtime ready! Sending request!"}}
[debug] [2025-05-29T19:20:03.864Z] [functions] Got req.url=/familia-viva-recife/us-central1/nextssr/_next/static/chunks/b563f954-8872851d387596d2.js, mapping to path=/_next/static/chunks/b563f954-8872851d387596d2.js {"metadata":{"emulator":{"name":"functions"},"message":"[functions] Got req.url=/familia-viva-recife/us-central1/nextssr/_next/static/chunks/b563f954-8872851d387596d2.js, mapping to path=/_next/static/chunks/b563f954-8872851d387596d2.js"}}
[debug] [2025-05-29T19:20:03.864Z] [worker-pool] submitRequest(triggerId=us-central1-nextssr) {"metadata":{"emulator":{"name":"functions"},"message":"[worker-pool] submitRequest(triggerId=us-central1-nextssr)"}}
[info] i  functions: Beginning execution of "us-central1-nextssr" {"metadata":{"emulator":{"name":"functions"},"function":{"name":"us-central1-nextssr"},"extension":{},"message":"Beginning execution of \"us-central1-nextssr\""}}
[debug] [2025-05-29T19:20:03.877Z] [worker-us-central1-nextssr-d906d7b6-62b8-4707-b0a2-780f82f3e176]: BUSY {"metadata":{"emulator":{"name":"functions"},"function":{"name":"us-central1-nextssr"},"extension":{},"message":"[worker-us-central1-nextssr-d906d7b6-62b8-4707-b0a2-780f82f3e176]: BUSY"}}
[debug] [2025-05-29T19:20:03.911Z] Finishing up request with event=pause {"metadata":{"emulator":{"name":"functions"},"function":{"name":"us-central1-nextssr"},"extension":{},"message":"Finishing up request with event=pause"}}
[info] i  functions: Finished "us-central1-nextssr" in 34.4488ms {"metadata":{"emulator":{"name":"functions"},"function":{"name":"us-central1-nextssr"},"extension":{},"message":"Finished \"us-central1-nextssr\" in 34.4488ms"}}
[debug] [2025-05-29T19:20:03.913Z] [worker-us-central1-nextssr-d906d7b6-62b8-4707-b0a2-780f82f3e176]: IDLE {"metadata":{"emulator":{"name":"functions"},"function":{"name":"us-central1-nextssr"},"extension":{},"message":"[worker-us-central1-nextssr-d906d7b6-62b8-4707-b0a2-780f82f3e176]: IDLE"}}
[debug] [2025-05-29T19:20:03.914Z] Finishing up request with event=finish {"metadata":{"emulator":{"name":"functions"},"function":{"name":"us-central1-nextssr"},"extension":{},"message":"Finishing up request with event=finish"}}
[debug] [2025-05-29T19:20:03.914Z] Finishing up request with event=close {"metadata":{"emulator":{"name":"functions"},"function":{"name":"us-central1-nextssr"},"extension":{},"message":"Finishing up request with event=close"}}
[debug] [2025-05-29T19:20:03.914Z] [work-queue] {"queuedWork":[],"queueLength":0,"runningWork":["/familia-viva-recife/us-central1/nextssr/_next/static/css/095879a2e3e1780a.css-2025-05-29T19:20:03.618Z","/familia-viva-recife/us-central1/nextssr/_next/static/chunks/684-eba31c851dc2295d.js-2025-05-29T19:20:03.665Z","/familia-viva-recife/us-central1/nextssr/_next/static/chunks/webpack-0ef715be9e18c719.js-2025-05-29T19:20:03.695Z","/familia-viva-recife/us-central1/nextssr/_next/static/chunks/4bd1b696-cd1290cb101887c7.js-2025-05-29T19:20:03.716Z","/familia-viva-recife/us-central1/nextssr/_next/static/chunks/main-app-43ba455159c4a4e4.js-2025-05-29T19:20:03.734Z"],"workRunningCount":5}
[debug] [2025-05-29T19:20:03.915Z] <<< [apiv2][status] GET http://127.0.0.1:5001/familia-viva-recife/us-central1/nextssr/_next/static/chunks/b563f954-8872851d387596d2.js 200
[debug] [2025-05-29T19:20:03.915Z] <<< [apiv2][body] GET http://127.0.0.1:5001/familia-viva-recife/us-central1/nextssr/_next/static/chunks/b563f954-8872851d387596d2.js [stream]
[info] i  hosting: 127.0.0.1 - - [29/May/2025:19:20:03 +0000] "GET /_next/static/chunks/b563f954-8872851d387596d2.js HTTP/1.1" 200 462 "http://127.0.0.1:5000/" "Mozilla/5.0 (Windows NT 10.0; Win64; x64) AppleWebKit/537.36 (KHTML, like Gecko) Chrome/136.0.0.0 Safari/537.36 Edg/136.0.0.0" {"metadata":{"emulator":{"name":"hosting"},"message":"127.0.0.1 - - [29/May/2025:19:20:03 +0000] \"GET /_next/static/chunks/b563f954-8872851d387596d2.js HTTP/1.1\" 200 462 \"http://127.0.0.1:5000/\" \"Mozilla/5.0 (Windows NT 10.0; Win64; x64) AppleWebKit/537.36 (KHTML, like Gecko) Chrome/136.0.0.0 Safari/537.36 Edg/136.0.0.0\""}}
[info] [hosting] Rewriting /_next/static/chunks/108-10be012df075ee9e.js to http://127.0.0.1:5001/familia-viva-recife/us-central1/nextssr for local Function us-central1/nextssr
[debug] [2025-05-29T19:20:03.977Z] >>> [apiv2][query] GET http://127.0.0.1:5001/familia-viva-recife/us-central1/nextssr/_next/static/chunks/108-10be012df075ee9e.js 
[debug] [2025-05-29T19:20:03.980Z] [work-queue] {"queuedWork":["/familia-viva-recife/us-central1/nextssr/_next/static/chunks/108-10be012df075ee9e.js-2025-05-29T19:20:03.980Z"],"queueLength":1,"runningWork":["/familia-viva-recife/us-central1/nextssr/_next/static/css/095879a2e3e1780a.css-2025-05-29T19:20:03.618Z","/familia-viva-recife/us-central1/nextssr/_next/static/chunks/684-eba31c851dc2295d.js-2025-05-29T19:20:03.665Z","/familia-viva-recife/us-central1/nextssr/_next/static/chunks/webpack-0ef715be9e18c719.js-2025-05-29T19:20:03.695Z","/familia-viva-recife/us-central1/nextssr/_next/static/chunks/4bd1b696-cd1290cb101887c7.js-2025-05-29T19:20:03.716Z","/familia-viva-recife/us-central1/nextssr/_next/static/chunks/main-app-43ba455159c4a4e4.js-2025-05-29T19:20:03.734Z"],"workRunningCount":5}
[debug] [2025-05-29T19:20:03.980Z] [work-queue] {"queuedWork":[],"queueLength":0,"runningWork":["/familia-viva-recife/us-central1/nextssr/_next/static/css/095879a2e3e1780a.css-2025-05-29T19:20:03.618Z","/familia-viva-recife/us-central1/nextssr/_next/static/chunks/684-eba31c851dc2295d.js-2025-05-29T19:20:03.665Z","/familia-viva-recife/us-central1/nextssr/_next/static/chunks/webpack-0ef715be9e18c719.js-2025-05-29T19:20:03.695Z","/familia-viva-recife/us-central1/nextssr/_next/static/chunks/4bd1b696-cd1290cb101887c7.js-2025-05-29T19:20:03.716Z","/familia-viva-recife/us-central1/nextssr/_next/static/chunks/main-app-43ba455159c4a4e4.js-2025-05-29T19:20:03.734Z","/familia-viva-recife/us-central1/nextssr/_next/static/chunks/108-10be012df075ee9e.js-2025-05-29T19:20:03.980Z"],"workRunningCount":6}
[debug] [2025-05-29T19:20:03.981Z] Accepted request GET /familia-viva-recife/us-central1/nextssr/_next/static/chunks/108-10be012df075ee9e.js --> us-central1-nextssr
[debug] [2025-05-29T19:20:03.981Z] [functions] Runtime ready! Sending request! {"metadata":{"emulator":{"name":"functions"},"message":"[functions] Runtime ready! Sending request!"}}
[debug] [2025-05-29T19:20:03.982Z] [functions] Got req.url=/familia-viva-recife/us-central1/nextssr/_next/static/chunks/108-10be012df075ee9e.js, mapping to path=/_next/static/chunks/108-10be012df075ee9e.js {"metadata":{"emulator":{"name":"functions"},"message":"[functions] Got req.url=/familia-viva-recife/us-central1/nextssr/_next/static/chunks/108-10be012df075ee9e.js, mapping to path=/_next/static/chunks/108-10be012df075ee9e.js"}}
[debug] [2025-05-29T19:20:03.982Z] [worker-pool] submitRequest(triggerId=us-central1-nextssr) {"metadata":{"emulator":{"name":"functions"},"message":"[worker-pool] submitRequest(triggerId=us-central1-nextssr)"}}
[info] i  functions: Beginning execution of "us-central1-nextssr" {"metadata":{"emulator":{"name":"functions"},"function":{"name":"us-central1-nextssr"},"extension":{},"message":"Beginning execution of \"us-central1-nextssr\""}}
[debug] [2025-05-29T19:20:03.988Z] [worker-us-central1-nextssr-d906d7b6-62b8-4707-b0a2-780f82f3e176]: BUSY {"metadata":{"emulator":{"name":"functions"},"function":{"name":"us-central1-nextssr"},"extension":{},"message":"[worker-us-central1-nextssr-d906d7b6-62b8-4707-b0a2-780f82f3e176]: BUSY"}}
[debug] [2025-05-29T19:20:04.016Z] Finishing up request with event=pause {"metadata":{"emulator":{"name":"functions"},"function":{"name":"us-central1-nextssr"},"extension":{},"message":"Finishing up request with event=pause"}}
[info] i  functions: Finished "us-central1-nextssr" in 28.2033ms {"metadata":{"emulator":{"name":"functions"},"function":{"name":"us-central1-nextssr"},"extension":{},"message":"Finished \"us-central1-nextssr\" in 28.2033ms"}}
[debug] [2025-05-29T19:20:04.023Z] [worker-us-central1-nextssr-d906d7b6-62b8-4707-b0a2-780f82f3e176]: IDLE {"metadata":{"emulator":{"name":"functions"},"function":{"name":"us-central1-nextssr"},"extension":{},"message":"[worker-us-central1-nextssr-d906d7b6-62b8-4707-b0a2-780f82f3e176]: IDLE"}}
[debug] [2025-05-29T19:20:04.024Z] Finishing up request with event=finish {"metadata":{"emulator":{"name":"functions"},"function":{"name":"us-central1-nextssr"},"extension":{},"message":"Finishing up request with event=finish"}}
[debug] [2025-05-29T19:20:04.024Z] Finishing up request with event=close {"metadata":{"emulator":{"name":"functions"},"function":{"name":"us-central1-nextssr"},"extension":{},"message":"Finishing up request with event=close"}}
[debug] [2025-05-29T19:20:04.024Z] [work-queue] {"queuedWork":[],"queueLength":0,"runningWork":["/familia-viva-recife/us-central1/nextssr/_next/static/css/095879a2e3e1780a.css-2025-05-29T19:20:03.618Z","/familia-viva-recife/us-central1/nextssr/_next/static/chunks/684-eba31c851dc2295d.js-2025-05-29T19:20:03.665Z","/familia-viva-recife/us-central1/nextssr/_next/static/chunks/webpack-0ef715be9e18c719.js-2025-05-29T19:20:03.695Z","/familia-viva-recife/us-central1/nextssr/_next/static/chunks/4bd1b696-cd1290cb101887c7.js-2025-05-29T19:20:03.716Z","/familia-viva-recife/us-central1/nextssr/_next/static/chunks/main-app-43ba455159c4a4e4.js-2025-05-29T19:20:03.734Z"],"workRunningCount":5}
[debug] [2025-05-29T19:20:04.026Z] <<< [apiv2][status] GET http://127.0.0.1:5001/familia-viva-recife/us-central1/nextssr/_next/static/chunks/108-10be012df075ee9e.js 200
[debug] [2025-05-29T19:20:04.026Z] <<< [apiv2][body] GET http://127.0.0.1:5001/familia-viva-recife/us-central1/nextssr/_next/static/chunks/108-10be012df075ee9e.js [stream]
[info] i  hosting: 127.0.0.1 - - [29/May/2025:19:20:04 +0000] "GET /_next/static/chunks/108-10be012df075ee9e.js HTTP/1.1" 200 32559 "http://127.0.0.1:5000/" "Mozilla/5.0 (Windows NT 10.0; Win64; x64) AppleWebKit/537.36 (KHTML, like Gecko) Chrome/136.0.0.0 Safari/537.36 Edg/136.0.0.0" {"metadata":{"emulator":{"name":"hosting"},"message":"127.0.0.1 - - [29/May/2025:19:20:04 +0000] \"GET /_next/static/chunks/108-10be012df075ee9e.js HTTP/1.1\" 200 32559 \"http://127.0.0.1:5000/\" \"Mozilla/5.0 (Windows NT 10.0; Win64; x64) AppleWebKit/537.36 (KHTML, like Gecko) Chrome/136.0.0.0 Safari/537.36 Edg/136.0.0.0\""}}
[info] [hosting] Rewriting /_next/static/chunks/766-6ff7749fef7dc9fb.js to http://127.0.0.1:5001/familia-viva-recife/us-central1/nextssr for local Function us-central1/nextssr
[debug] [2025-05-29T19:20:04.177Z] >>> [apiv2][query] GET http://127.0.0.1:5001/familia-viva-recife/us-central1/nextssr/_next/static/chunks/766-6ff7749fef7dc9fb.js 
[debug] [2025-05-29T19:20:04.188Z] [work-queue] {"queuedWork":["/familia-viva-recife/us-central1/nextssr/_next/static/chunks/766-6ff7749fef7dc9fb.js-2025-05-29T19:20:04.188Z"],"queueLength":1,"runningWork":["/familia-viva-recife/us-central1/nextssr/_next/static/css/095879a2e3e1780a.css-2025-05-29T19:20:03.618Z","/familia-viva-recife/us-central1/nextssr/_next/static/chunks/684-eba31c851dc2295d.js-2025-05-29T19:20:03.665Z","/familia-viva-recife/us-central1/nextssr/_next/static/chunks/webpack-0ef715be9e18c719.js-2025-05-29T19:20:03.695Z","/familia-viva-recife/us-central1/nextssr/_next/static/chunks/4bd1b696-cd1290cb101887c7.js-2025-05-29T19:20:03.716Z","/familia-viva-recife/us-central1/nextssr/_next/static/chunks/main-app-43ba455159c4a4e4.js-2025-05-29T19:20:03.734Z"],"workRunningCount":5}
[debug] [2025-05-29T19:20:04.190Z] [work-queue] {"queuedWork":[],"queueLength":0,"runningWork":["/familia-viva-recife/us-central1/nextssr/_next/static/css/095879a2e3e1780a.css-2025-05-29T19:20:03.618Z","/familia-viva-recife/us-central1/nextssr/_next/static/chunks/684-eba31c851dc2295d.js-2025-05-29T19:20:03.665Z","/familia-viva-recife/us-central1/nextssr/_next/static/chunks/webpack-0ef715be9e18c719.js-2025-05-29T19:20:03.695Z","/familia-viva-recife/us-central1/nextssr/_next/static/chunks/4bd1b696-cd1290cb101887c7.js-2025-05-29T19:20:03.716Z","/familia-viva-recife/us-central1/nextssr/_next/static/chunks/main-app-43ba455159c4a4e4.js-2025-05-29T19:20:03.734Z","/familia-viva-recife/us-central1/nextssr/_next/static/chunks/766-6ff7749fef7dc9fb.js-2025-05-29T19:20:04.188Z"],"workRunningCount":6}
[debug] [2025-05-29T19:20:04.191Z] Accepted request GET /familia-viva-recife/us-central1/nextssr/_next/static/chunks/766-6ff7749fef7dc9fb.js --> us-central1-nextssr
[debug] [2025-05-29T19:20:04.192Z] [functions] Runtime ready! Sending request! {"metadata":{"emulator":{"name":"functions"},"message":"[functions] Runtime ready! Sending request!"}}
[debug] [2025-05-29T19:20:04.192Z] [functions] Got req.url=/familia-viva-recife/us-central1/nextssr/_next/static/chunks/766-6ff7749fef7dc9fb.js, mapping to path=/_next/static/chunks/766-6ff7749fef7dc9fb.js {"metadata":{"emulator":{"name":"functions"},"message":"[functions] Got req.url=/familia-viva-recife/us-central1/nextssr/_next/static/chunks/766-6ff7749fef7dc9fb.js, mapping to path=/_next/static/chunks/766-6ff7749fef7dc9fb.js"}}
[debug] [2025-05-29T19:20:04.192Z] [worker-pool] submitRequest(triggerId=us-central1-nextssr) {"metadata":{"emulator":{"name":"functions"},"message":"[worker-pool] submitRequest(triggerId=us-central1-nextssr)"}}
[info] i  functions: Beginning execution of "us-central1-nextssr" {"metadata":{"emulator":{"name":"functions"},"function":{"name":"us-central1-nextssr"},"extension":{},"message":"Beginning execution of \"us-central1-nextssr\""}}
[debug] [2025-05-29T19:20:04.280Z] [worker-us-central1-nextssr-d906d7b6-62b8-4707-b0a2-780f82f3e176]: BUSY {"metadata":{"emulator":{"name":"functions"},"function":{"name":"us-central1-nextssr"},"extension":{},"message":"[worker-us-central1-nextssr-d906d7b6-62b8-4707-b0a2-780f82f3e176]: BUSY"}}
[debug] [2025-05-29T19:20:04.311Z] Finishing up request with event=pause {"metadata":{"emulator":{"name":"functions"},"function":{"name":"us-central1-nextssr"},"extension":{},"message":"Finishing up request with event=pause"}}
[info] i  functions: Finished "us-central1-nextssr" in 31.6287ms {"metadata":{"emulator":{"name":"functions"},"function":{"name":"us-central1-nextssr"},"extension":{},"message":"Finished \"us-central1-nextssr\" in 31.6287ms"}}
[debug] [2025-05-29T19:20:04.363Z] [worker-us-central1-nextssr-d906d7b6-62b8-4707-b0a2-780f82f3e176]: IDLE {"metadata":{"emulator":{"name":"functions"},"function":{"name":"us-central1-nextssr"},"extension":{},"message":"[worker-us-central1-nextssr-d906d7b6-62b8-4707-b0a2-780f82f3e176]: IDLE"}}
[debug] [2025-05-29T19:20:04.363Z] Finishing up request with event=finish {"metadata":{"emulator":{"name":"functions"},"function":{"name":"us-central1-nextssr"},"extension":{},"message":"Finishing up request with event=finish"}}
[debug] [2025-05-29T19:20:04.364Z] Finishing up request with event=close {"metadata":{"emulator":{"name":"functions"},"function":{"name":"us-central1-nextssr"},"extension":{},"message":"Finishing up request with event=close"}}
[debug] [2025-05-29T19:20:04.364Z] [work-queue] {"queuedWork":[],"queueLength":0,"runningWork":["/familia-viva-recife/us-central1/nextssr/_next/static/css/095879a2e3e1780a.css-2025-05-29T19:20:03.618Z","/familia-viva-recife/us-central1/nextssr/_next/static/chunks/684-eba31c851dc2295d.js-2025-05-29T19:20:03.665Z","/familia-viva-recife/us-central1/nextssr/_next/static/chunks/webpack-0ef715be9e18c719.js-2025-05-29T19:20:03.695Z","/familia-viva-recife/us-central1/nextssr/_next/static/chunks/4bd1b696-cd1290cb101887c7.js-2025-05-29T19:20:03.716Z","/familia-viva-recife/us-central1/nextssr/_next/static/chunks/main-app-43ba455159c4a4e4.js-2025-05-29T19:20:03.734Z"],"workRunningCount":5}
[debug] [2025-05-29T19:20:04.368Z] <<< [apiv2][status] GET http://127.0.0.1:5001/familia-viva-recife/us-central1/nextssr/_next/static/chunks/766-6ff7749fef7dc9fb.js 200
[debug] [2025-05-29T19:20:04.368Z] <<< [apiv2][body] GET http://127.0.0.1:5001/familia-viva-recife/us-central1/nextssr/_next/static/chunks/766-6ff7749fef7dc9fb.js [stream]
[info] i  hosting: 127.0.0.1 - - [29/May/2025:19:20:04 +0000] "GET /_next/static/chunks/766-6ff7749fef7dc9fb.js HTTP/1.1" 200 15120 "http://127.0.0.1:5000/" "Mozilla/5.0 (Windows NT 10.0; Win64; x64) AppleWebKit/537.36 (KHTML, like Gecko) Chrome/136.0.0.0 Safari/537.36 Edg/136.0.0.0" {"metadata":{"emulator":{"name":"hosting"},"message":"127.0.0.1 - - [29/May/2025:19:20:04 +0000] \"GET /_next/static/chunks/766-6ff7749fef7dc9fb.js HTTP/1.1\" 200 15120 \"http://127.0.0.1:5000/\" \"Mozilla/5.0 (Windows NT 10.0; Win64; x64) AppleWebKit/537.36 (KHTML, like Gecko) Chrome/136.0.0.0 Safari/537.36 Edg/136.0.0.0\""}}
[info] [hosting] Rewriting /_next/static/chunks/app/layout-d63552671e9a6a8a.js to http://127.0.0.1:5001/familia-viva-recife/us-central1/nextssr for local Function us-central1/nextssr
[debug] [2025-05-29T19:20:04.719Z] >>> [apiv2][query] GET http://127.0.0.1:5001/familia-viva-recife/us-central1/nextssr/_next/static/chunks/app/layout-d63552671e9a6a8a.js 
[debug] [2025-05-29T19:20:04.723Z] [work-queue] {"queuedWork":["/familia-viva-recife/us-central1/nextssr/_next/static/chunks/app/layout-d63552671e9a6a8a.js-2025-05-29T19:20:04.723Z"],"queueLength":1,"runningWork":["/familia-viva-recife/us-central1/nextssr/_next/static/css/095879a2e3e1780a.css-2025-05-29T19:20:03.618Z","/familia-viva-recife/us-central1/nextssr/_next/static/chunks/684-eba31c851dc2295d.js-2025-05-29T19:20:03.665Z","/familia-viva-recife/us-central1/nextssr/_next/static/chunks/webpack-0ef715be9e18c719.js-2025-05-29T19:20:03.695Z","/familia-viva-recife/us-central1/nextssr/_next/static/chunks/4bd1b696-cd1290cb101887c7.js-2025-05-29T19:20:03.716Z","/familia-viva-recife/us-central1/nextssr/_next/static/chunks/main-app-43ba455159c4a4e4.js-2025-05-29T19:20:03.734Z"],"workRunningCount":5}
[debug] [2025-05-29T19:20:04.723Z] [work-queue] {"queuedWork":[],"queueLength":0,"runningWork":["/familia-viva-recife/us-central1/nextssr/_next/static/css/095879a2e3e1780a.css-2025-05-29T19:20:03.618Z","/familia-viva-recife/us-central1/nextssr/_next/static/chunks/684-eba31c851dc2295d.js-2025-05-29T19:20:03.665Z","/familia-viva-recife/us-central1/nextssr/_next/static/chunks/webpack-0ef715be9e18c719.js-2025-05-29T19:20:03.695Z","/familia-viva-recife/us-central1/nextssr/_next/static/chunks/4bd1b696-cd1290cb101887c7.js-2025-05-29T19:20:03.716Z","/familia-viva-recife/us-central1/nextssr/_next/static/chunks/main-app-43ba455159c4a4e4.js-2025-05-29T19:20:03.734Z","/familia-viva-recife/us-central1/nextssr/_next/static/chunks/app/layout-d63552671e9a6a8a.js-2025-05-29T19:20:04.723Z"],"workRunningCount":6}
[debug] [2025-05-29T19:20:04.723Z] Accepted request GET /familia-viva-recife/us-central1/nextssr/_next/static/chunks/app/layout-d63552671e9a6a8a.js --> us-central1-nextssr
[debug] [2025-05-29T19:20:04.723Z] [functions] Runtime ready! Sending request! {"metadata":{"emulator":{"name":"functions"},"message":"[functions] Runtime ready! Sending request!"}}
[debug] [2025-05-29T19:20:04.724Z] [functions] Got req.url=/familia-viva-recife/us-central1/nextssr/_next/static/chunks/app/layout-d63552671e9a6a8a.js, mapping to path=/_next/static/chunks/app/layout-d63552671e9a6a8a.js {"metadata":{"emulator":{"name":"functions"},"message":"[functions] Got req.url=/familia-viva-recife/us-central1/nextssr/_next/static/chunks/app/layout-d63552671e9a6a8a.js, mapping to path=/_next/static/chunks/app/layout-d63552671e9a6a8a.js"}}
[debug] [2025-05-29T19:20:04.724Z] [worker-pool] submitRequest(triggerId=us-central1-nextssr) {"metadata":{"emulator":{"name":"functions"},"message":"[worker-pool] submitRequest(triggerId=us-central1-nextssr)"}}
[info] i  functions: Beginning execution of "us-central1-nextssr" {"metadata":{"emulator":{"name":"functions"},"function":{"name":"us-central1-nextssr"},"extension":{},"message":"Beginning execution of \"us-central1-nextssr\""}}
[debug] [2025-05-29T19:20:04.727Z] [worker-us-central1-nextssr-d906d7b6-62b8-4707-b0a2-780f82f3e176]: BUSY {"metadata":{"emulator":{"name":"functions"},"function":{"name":"us-central1-nextssr"},"extension":{},"message":"[worker-us-central1-nextssr-d906d7b6-62b8-4707-b0a2-780f82f3e176]: BUSY"}}
[debug] [2025-05-29T19:20:04.759Z] Finishing up request with event=pause {"metadata":{"emulator":{"name":"functions"},"function":{"name":"us-central1-nextssr"},"extension":{},"message":"Finishing up request with event=pause"}}
[info] i  functions: Finished "us-central1-nextssr" in 32.5869ms {"metadata":{"emulator":{"name":"functions"},"function":{"name":"us-central1-nextssr"},"extension":{},"message":"Finished \"us-central1-nextssr\" in 32.5869ms"}}
[debug] [2025-05-29T19:20:04.788Z] [worker-us-central1-nextssr-d906d7b6-62b8-4707-b0a2-780f82f3e176]: IDLE {"metadata":{"emulator":{"name":"functions"},"function":{"name":"us-central1-nextssr"},"extension":{},"message":"[worker-us-central1-nextssr-d906d7b6-62b8-4707-b0a2-780f82f3e176]: IDLE"}}
[debug] [2025-05-29T19:20:04.789Z] Finishing up request with event=finish {"metadata":{"emulator":{"name":"functions"},"function":{"name":"us-central1-nextssr"},"extension":{},"message":"Finishing up request with event=finish"}}
[debug] [2025-05-29T19:20:04.789Z] Finishing up request with event=close {"metadata":{"emulator":{"name":"functions"},"function":{"name":"us-central1-nextssr"},"extension":{},"message":"Finishing up request with event=close"}}
[debug] [2025-05-29T19:20:04.789Z] [work-queue] {"queuedWork":[],"queueLength":0,"runningWork":["/familia-viva-recife/us-central1/nextssr/_next/static/css/095879a2e3e1780a.css-2025-05-29T19:20:03.618Z","/familia-viva-recife/us-central1/nextssr/_next/static/chunks/684-eba31c851dc2295d.js-2025-05-29T19:20:03.665Z","/familia-viva-recife/us-central1/nextssr/_next/static/chunks/webpack-0ef715be9e18c719.js-2025-05-29T19:20:03.695Z","/familia-viva-recife/us-central1/nextssr/_next/static/chunks/4bd1b696-cd1290cb101887c7.js-2025-05-29T19:20:03.716Z","/familia-viva-recife/us-central1/nextssr/_next/static/chunks/main-app-43ba455159c4a4e4.js-2025-05-29T19:20:03.734Z"],"workRunningCount":5}
[debug] [2025-05-29T19:20:04.790Z] <<< [apiv2][status] GET http://127.0.0.1:5001/familia-viva-recife/us-central1/nextssr/_next/static/chunks/app/layout-d63552671e9a6a8a.js 200
[debug] [2025-05-29T19:20:04.790Z] <<< [apiv2][body] GET http://127.0.0.1:5001/familia-viva-recife/us-central1/nextssr/_next/static/chunks/app/layout-d63552671e9a6a8a.js [stream]
[info] i  hosting: 127.0.0.1 - - [29/May/2025:19:20:04 +0000] "GET /_next/static/chunks/app/layout-d63552671e9a6a8a.js HTTP/1.1" 200 10969 "http://127.0.0.1:5000/" "Mozilla/5.0 (Windows NT 10.0; Win64; x64) AppleWebKit/537.36 (KHTML, like Gecko) Chrome/136.0.0.0 Safari/537.36 Edg/136.0.0.0" {"metadata":{"emulator":{"name":"hosting"},"message":"127.0.0.1 - - [29/May/2025:19:20:04 +0000] \"GET /_next/static/chunks/app/layout-d63552671e9a6a8a.js HTTP/1.1\" 200 10969 \"http://127.0.0.1:5000/\" \"Mozilla/5.0 (Windows NT 10.0; Win64; x64) AppleWebKit/537.36 (KHTML, like Gecko) Chrome/136.0.0.0 Safari/537.36 Edg/136.0.0.0\""}}
[info] [hosting] Rewriting /_next/static/chunks/479ba886-167ecf74a4ae2ffa.js to http://127.0.0.1:5001/familia-viva-recife/us-central1/nextssr for local Function us-central1/nextssr
[debug] [2025-05-29T19:20:05.133Z] >>> [apiv2][query] GET http://127.0.0.1:5001/familia-viva-recife/us-central1/nextssr/_next/static/chunks/479ba886-167ecf74a4ae2ffa.js 
[debug] [2025-05-29T19:20:05.135Z] [work-queue] {"queuedWork":["/familia-viva-recife/us-central1/nextssr/_next/static/chunks/479ba886-167ecf74a4ae2ffa.js-2025-05-29T19:20:05.135Z"],"queueLength":1,"runningWork":["/familia-viva-recife/us-central1/nextssr/_next/static/css/095879a2e3e1780a.css-2025-05-29T19:20:03.618Z","/familia-viva-recife/us-central1/nextssr/_next/static/chunks/684-eba31c851dc2295d.js-2025-05-29T19:20:03.665Z","/familia-viva-recife/us-central1/nextssr/_next/static/chunks/webpack-0ef715be9e18c719.js-2025-05-29T19:20:03.695Z","/familia-viva-recife/us-central1/nextssr/_next/static/chunks/4bd1b696-cd1290cb101887c7.js-2025-05-29T19:20:03.716Z","/familia-viva-recife/us-central1/nextssr/_next/static/chunks/main-app-43ba455159c4a4e4.js-2025-05-29T19:20:03.734Z"],"workRunningCount":5}
[debug] [2025-05-29T19:20:05.136Z] [work-queue] {"queuedWork":[],"queueLength":0,"runningWork":["/familia-viva-recife/us-central1/nextssr/_next/static/css/095879a2e3e1780a.css-2025-05-29T19:20:03.618Z","/familia-viva-recife/us-central1/nextssr/_next/static/chunks/684-eba31c851dc2295d.js-2025-05-29T19:20:03.665Z","/familia-viva-recife/us-central1/nextssr/_next/static/chunks/webpack-0ef715be9e18c719.js-2025-05-29T19:20:03.695Z","/familia-viva-recife/us-central1/nextssr/_next/static/chunks/4bd1b696-cd1290cb101887c7.js-2025-05-29T19:20:03.716Z","/familia-viva-recife/us-central1/nextssr/_next/static/chunks/main-app-43ba455159c4a4e4.js-2025-05-29T19:20:03.734Z","/familia-viva-recife/us-central1/nextssr/_next/static/chunks/479ba886-167ecf74a4ae2ffa.js-2025-05-29T19:20:05.135Z"],"workRunningCount":6}
[debug] [2025-05-29T19:20:05.136Z] Accepted request GET /familia-viva-recife/us-central1/nextssr/_next/static/chunks/479ba886-167ecf74a4ae2ffa.js --> us-central1-nextssr
[debug] [2025-05-29T19:20:05.136Z] [functions] Runtime ready! Sending request! {"metadata":{"emulator":{"name":"functions"},"message":"[functions] Runtime ready! Sending request!"}}
[debug] [2025-05-29T19:20:05.137Z] [functions] Got req.url=/familia-viva-recife/us-central1/nextssr/_next/static/chunks/479ba886-167ecf74a4ae2ffa.js, mapping to path=/_next/static/chunks/479ba886-167ecf74a4ae2ffa.js {"metadata":{"emulator":{"name":"functions"},"message":"[functions] Got req.url=/familia-viva-recife/us-central1/nextssr/_next/static/chunks/479ba886-167ecf74a4ae2ffa.js, mapping to path=/_next/static/chunks/479ba886-167ecf74a4ae2ffa.js"}}
[debug] [2025-05-29T19:20:05.137Z] [worker-pool] submitRequest(triggerId=us-central1-nextssr) {"metadata":{"emulator":{"name":"functions"},"message":"[worker-pool] submitRequest(triggerId=us-central1-nextssr)"}}
[info] i  functions: Beginning execution of "us-central1-nextssr" {"metadata":{"emulator":{"name":"functions"},"function":{"name":"us-central1-nextssr"},"extension":{},"message":"Beginning execution of \"us-central1-nextssr\""}}
[debug] [2025-05-29T19:20:05.157Z] [worker-us-central1-nextssr-d906d7b6-62b8-4707-b0a2-780f82f3e176]: BUSY {"metadata":{"emulator":{"name":"functions"},"function":{"name":"us-central1-nextssr"},"extension":{},"message":"[worker-us-central1-nextssr-d906d7b6-62b8-4707-b0a2-780f82f3e176]: BUSY"}}
[debug] [2025-05-29T19:20:05.189Z] Finishing up request with event=pause {"metadata":{"emulator":{"name":"functions"},"function":{"name":"us-central1-nextssr"},"extension":{},"message":"Finishing up request with event=pause"}}
[info] i  functions: Finished "us-central1-nextssr" in 31.9386ms {"metadata":{"emulator":{"name":"functions"},"function":{"name":"us-central1-nextssr"},"extension":{},"message":"Finished \"us-central1-nextssr\" in 31.9386ms"}}
[debug] [2025-05-29T19:20:05.210Z] [worker-us-central1-nextssr-d906d7b6-62b8-4707-b0a2-780f82f3e176]: IDLE {"metadata":{"emulator":{"name":"functions"},"function":{"name":"us-central1-nextssr"},"extension":{},"message":"[worker-us-central1-nextssr-d906d7b6-62b8-4707-b0a2-780f82f3e176]: IDLE"}}
[debug] [2025-05-29T19:20:05.211Z] Finishing up request with event=finish {"metadata":{"emulator":{"name":"functions"},"function":{"name":"us-central1-nextssr"},"extension":{},"message":"Finishing up request with event=finish"}}
[debug] [2025-05-29T19:20:05.211Z] Finishing up request with event=close {"metadata":{"emulator":{"name":"functions"},"function":{"name":"us-central1-nextssr"},"extension":{},"message":"Finishing up request with event=close"}}
[debug] [2025-05-29T19:20:05.211Z] [work-queue] {"queuedWork":[],"queueLength":0,"runningWork":["/familia-viva-recife/us-central1/nextssr/_next/static/css/095879a2e3e1780a.css-2025-05-29T19:20:03.618Z","/familia-viva-recife/us-central1/nextssr/_next/static/chunks/684-eba31c851dc2295d.js-2025-05-29T19:20:03.665Z","/familia-viva-recife/us-central1/nextssr/_next/static/chunks/webpack-0ef715be9e18c719.js-2025-05-29T19:20:03.695Z","/familia-viva-recife/us-central1/nextssr/_next/static/chunks/4bd1b696-cd1290cb101887c7.js-2025-05-29T19:20:03.716Z","/familia-viva-recife/us-central1/nextssr/_next/static/chunks/main-app-43ba455159c4a4e4.js-2025-05-29T19:20:03.734Z"],"workRunningCount":5}
[debug] [2025-05-29T19:20:05.212Z] <<< [apiv2][status] GET http://127.0.0.1:5001/familia-viva-recife/us-central1/nextssr/_next/static/chunks/479ba886-167ecf74a4ae2ffa.js 200
[debug] [2025-05-29T19:20:05.212Z] <<< [apiv2][body] GET http://127.0.0.1:5001/familia-viva-recife/us-central1/nextssr/_next/static/chunks/479ba886-167ecf74a4ae2ffa.js [stream]
[info] i  hosting: 127.0.0.1 - - [29/May/2025:19:20:05 +0000] "GET /_next/static/chunks/479ba886-167ecf74a4ae2ffa.js HTTP/1.1" 200 361 "http://127.0.0.1:5000/" "Mozilla/5.0 (Windows NT 10.0; Win64; x64) AppleWebKit/537.36 (KHTML, like Gecko) Chrome/136.0.0.0 Safari/537.36 Edg/136.0.0.0" {"metadata":{"emulator":{"name":"hosting"},"message":"127.0.0.1 - - [29/May/2025:19:20:05 +0000] \"GET /_next/static/chunks/479ba886-167ecf74a4ae2ffa.js HTTP/1.1\" 200 361 \"http://127.0.0.1:5000/\" \"Mozilla/5.0 (Windows NT 10.0; Win64; x64) AppleWebKit/537.36 (KHTML, like Gecko) Chrome/136.0.0.0 Safari/537.36 Edg/136.0.0.0\""}}
[info] [hosting] Rewriting /_next/static/chunks/874-e18cb8741cb05408.js to http://127.0.0.1:5001/familia-viva-recife/us-central1/nextssr for local Function us-central1/nextssr
[debug] [2025-05-29T19:20:05.434Z] >>> [apiv2][query] GET http://127.0.0.1:5001/familia-viva-recife/us-central1/nextssr/_next/static/chunks/874-e18cb8741cb05408.js 
[debug] [2025-05-29T19:20:05.436Z] [work-queue] {"queuedWork":["/familia-viva-recife/us-central1/nextssr/_next/static/chunks/874-e18cb8741cb05408.js-2025-05-29T19:20:05.435Z"],"queueLength":1,"runningWork":["/familia-viva-recife/us-central1/nextssr/_next/static/css/095879a2e3e1780a.css-2025-05-29T19:20:03.618Z","/familia-viva-recife/us-central1/nextssr/_next/static/chunks/684-eba31c851dc2295d.js-2025-05-29T19:20:03.665Z","/familia-viva-recife/us-central1/nextssr/_next/static/chunks/webpack-0ef715be9e18c719.js-2025-05-29T19:20:03.695Z","/familia-viva-recife/us-central1/nextssr/_next/static/chunks/4bd1b696-cd1290cb101887c7.js-2025-05-29T19:20:03.716Z","/familia-viva-recife/us-central1/nextssr/_next/static/chunks/main-app-43ba455159c4a4e4.js-2025-05-29T19:20:03.734Z"],"workRunningCount":5}
[debug] [2025-05-29T19:20:05.436Z] [work-queue] {"queuedWork":[],"queueLength":0,"runningWork":["/familia-viva-recife/us-central1/nextssr/_next/static/css/095879a2e3e1780a.css-2025-05-29T19:20:03.618Z","/familia-viva-recife/us-central1/nextssr/_next/static/chunks/684-eba31c851dc2295d.js-2025-05-29T19:20:03.665Z","/familia-viva-recife/us-central1/nextssr/_next/static/chunks/webpack-0ef715be9e18c719.js-2025-05-29T19:20:03.695Z","/familia-viva-recife/us-central1/nextssr/_next/static/chunks/4bd1b696-cd1290cb101887c7.js-2025-05-29T19:20:03.716Z","/familia-viva-recife/us-central1/nextssr/_next/static/chunks/main-app-43ba455159c4a4e4.js-2025-05-29T19:20:03.734Z","/familia-viva-recife/us-central1/nextssr/_next/static/chunks/874-e18cb8741cb05408.js-2025-05-29T19:20:05.435Z"],"workRunningCount":6}
[debug] [2025-05-29T19:20:05.436Z] Accepted request GET /familia-viva-recife/us-central1/nextssr/_next/static/chunks/874-e18cb8741cb05408.js --> us-central1-nextssr
[debug] [2025-05-29T19:20:05.436Z] [functions] Runtime ready! Sending request! {"metadata":{"emulator":{"name":"functions"},"message":"[functions] Runtime ready! Sending request!"}}
[debug] [2025-05-29T19:20:05.437Z] [functions] Got req.url=/familia-viva-recife/us-central1/nextssr/_next/static/chunks/874-e18cb8741cb05408.js, mapping to path=/_next/static/chunks/874-e18cb8741cb05408.js {"metadata":{"emulator":{"name":"functions"},"message":"[functions] Got req.url=/familia-viva-recife/us-central1/nextssr/_next/static/chunks/874-e18cb8741cb05408.js, mapping to path=/_next/static/chunks/874-e18cb8741cb05408.js"}}
[debug] [2025-05-29T19:20:05.437Z] [worker-pool] submitRequest(triggerId=us-central1-nextssr) {"metadata":{"emulator":{"name":"functions"},"message":"[worker-pool] submitRequest(triggerId=us-central1-nextssr)"}}
[info] i  functions: Beginning execution of "us-central1-nextssr" {"metadata":{"emulator":{"name":"functions"},"function":{"name":"us-central1-nextssr"},"extension":{},"message":"Beginning execution of \"us-central1-nextssr\""}}
[debug] [2025-05-29T19:20:05.445Z] [worker-us-central1-nextssr-d906d7b6-62b8-4707-b0a2-780f82f3e176]: BUSY {"metadata":{"emulator":{"name":"functions"},"function":{"name":"us-central1-nextssr"},"extension":{},"message":"[worker-us-central1-nextssr-d906d7b6-62b8-4707-b0a2-780f82f3e176]: BUSY"}}
[debug] [2025-05-29T19:20:05.472Z] Finishing up request with event=pause {"metadata":{"emulator":{"name":"functions"},"function":{"name":"us-central1-nextssr"},"extension":{},"message":"Finishing up request with event=pause"}}
[info] i  functions: Finished "us-central1-nextssr" in 27.8789ms {"metadata":{"emulator":{"name":"functions"},"function":{"name":"us-central1-nextssr"},"extension":{},"message":"Finished \"us-central1-nextssr\" in 27.8789ms"}}
[debug] [2025-05-29T19:20:05.496Z] [worker-us-central1-nextssr-d906d7b6-62b8-4707-b0a2-780f82f3e176]: IDLE {"metadata":{"emulator":{"name":"functions"},"function":{"name":"us-central1-nextssr"},"extension":{},"message":"[worker-us-central1-nextssr-d906d7b6-62b8-4707-b0a2-780f82f3e176]: IDLE"}}
[debug] [2025-05-29T19:20:05.497Z] Finishing up request with event=finish {"metadata":{"emulator":{"name":"functions"},"function":{"name":"us-central1-nextssr"},"extension":{},"message":"Finishing up request with event=finish"}}
[debug] [2025-05-29T19:20:05.497Z] Finishing up request with event=close {"metadata":{"emulator":{"name":"functions"},"function":{"name":"us-central1-nextssr"},"extension":{},"message":"Finishing up request with event=close"}}
[debug] [2025-05-29T19:20:05.497Z] [work-queue] {"queuedWork":[],"queueLength":0,"runningWork":["/familia-viva-recife/us-central1/nextssr/_next/static/css/095879a2e3e1780a.css-2025-05-29T19:20:03.618Z","/familia-viva-recife/us-central1/nextssr/_next/static/chunks/684-eba31c851dc2295d.js-2025-05-29T19:20:03.665Z","/familia-viva-recife/us-central1/nextssr/_next/static/chunks/webpack-0ef715be9e18c719.js-2025-05-29T19:20:03.695Z","/familia-viva-recife/us-central1/nextssr/_next/static/chunks/4bd1b696-cd1290cb101887c7.js-2025-05-29T19:20:03.716Z","/familia-viva-recife/us-central1/nextssr/_next/static/chunks/main-app-43ba455159c4a4e4.js-2025-05-29T19:20:03.734Z"],"workRunningCount":5}
[debug] [2025-05-29T19:20:05.498Z] <<< [apiv2][status] GET http://127.0.0.1:5001/familia-viva-recife/us-central1/nextssr/_next/static/chunks/874-e18cb8741cb05408.js 200
[debug] [2025-05-29T19:20:05.498Z] <<< [apiv2][body] GET http://127.0.0.1:5001/familia-viva-recife/us-central1/nextssr/_next/static/chunks/874-e18cb8741cb05408.js [stream]
[info] i  hosting: 127.0.0.1 - - [29/May/2025:19:20:05 +0000] "GET /_next/static/chunks/874-e18cb8741cb05408.js HTTP/1.1" 200 6696 "http://127.0.0.1:5000/" "Mozilla/5.0 (Windows NT 10.0; Win64; x64) AppleWebKit/537.36 (KHTML, like Gecko) Chrome/136.0.0.0 Safari/537.36 Edg/136.0.0.0" {"metadata":{"emulator":{"name":"hosting"},"message":"127.0.0.1 - - [29/May/2025:19:20:05 +0000] \"GET /_next/static/chunks/874-e18cb8741cb05408.js HTTP/1.1\" 200 6696 \"http://127.0.0.1:5000/\" \"Mozilla/5.0 (Windows NT 10.0; Win64; x64) AppleWebKit/537.36 (KHTML, like Gecko) Chrome/136.0.0.0 Safari/537.36 Edg/136.0.0.0\""}}
[info] [hosting] Rewriting /_next/static/chunks/app/page-2cd4c1405e6e8b60.js to http://127.0.0.1:5001/familia-viva-recife/us-central1/nextssr for local Function us-central1/nextssr
[debug] [2025-05-29T19:20:05.789Z] >>> [apiv2][query] GET http://127.0.0.1:5001/familia-viva-recife/us-central1/nextssr/_next/static/chunks/app/page-2cd4c1405e6e8b60.js 
[debug] [2025-05-29T19:20:05.793Z] [work-queue] {"queuedWork":["/familia-viva-recife/us-central1/nextssr/_next/static/chunks/app/page-2cd4c1405e6e8b60.js-2025-05-29T19:20:05.793Z"],"queueLength":1,"runningWork":["/familia-viva-recife/us-central1/nextssr/_next/static/css/095879a2e3e1780a.css-2025-05-29T19:20:03.618Z","/familia-viva-recife/us-central1/nextssr/_next/static/chunks/684-eba31c851dc2295d.js-2025-05-29T19:20:03.665Z","/familia-viva-recife/us-central1/nextssr/_next/static/chunks/webpack-0ef715be9e18c719.js-2025-05-29T19:20:03.695Z","/familia-viva-recife/us-central1/nextssr/_next/static/chunks/4bd1b696-cd1290cb101887c7.js-2025-05-29T19:20:03.716Z","/familia-viva-recife/us-central1/nextssr/_next/static/chunks/main-app-43ba455159c4a4e4.js-2025-05-29T19:20:03.734Z"],"workRunningCount":5}
[debug] [2025-05-29T19:20:05.794Z] [work-queue] {"queuedWork":[],"queueLength":0,"runningWork":["/familia-viva-recife/us-central1/nextssr/_next/static/css/095879a2e3e1780a.css-2025-05-29T19:20:03.618Z","/familia-viva-recife/us-central1/nextssr/_next/static/chunks/684-eba31c851dc2295d.js-2025-05-29T19:20:03.665Z","/familia-viva-recife/us-central1/nextssr/_next/static/chunks/webpack-0ef715be9e18c719.js-2025-05-29T19:20:03.695Z","/familia-viva-recife/us-central1/nextssr/_next/static/chunks/4bd1b696-cd1290cb101887c7.js-2025-05-29T19:20:03.716Z","/familia-viva-recife/us-central1/nextssr/_next/static/chunks/main-app-43ba455159c4a4e4.js-2025-05-29T19:20:03.734Z","/familia-viva-recife/us-central1/nextssr/_next/static/chunks/app/page-2cd4c1405e6e8b60.js-2025-05-29T19:20:05.793Z"],"workRunningCount":6}
[debug] [2025-05-29T19:20:05.794Z] Accepted request GET /familia-viva-recife/us-central1/nextssr/_next/static/chunks/app/page-2cd4c1405e6e8b60.js --> us-central1-nextssr
[debug] [2025-05-29T19:20:05.794Z] [functions] Runtime ready! Sending request! {"metadata":{"emulator":{"name":"functions"},"message":"[functions] Runtime ready! Sending request!"}}
[debug] [2025-05-29T19:20:05.795Z] [functions] Got req.url=/familia-viva-recife/us-central1/nextssr/_next/static/chunks/app/page-2cd4c1405e6e8b60.js, mapping to path=/_next/static/chunks/app/page-2cd4c1405e6e8b60.js {"metadata":{"emulator":{"name":"functions"},"message":"[functions] Got req.url=/familia-viva-recife/us-central1/nextssr/_next/static/chunks/app/page-2cd4c1405e6e8b60.js, mapping to path=/_next/static/chunks/app/page-2cd4c1405e6e8b60.js"}}
[debug] [2025-05-29T19:20:05.795Z] [worker-pool] submitRequest(triggerId=us-central1-nextssr) {"metadata":{"emulator":{"name":"functions"},"message":"[worker-pool] submitRequest(triggerId=us-central1-nextssr)"}}
[info] i  functions: Beginning execution of "us-central1-nextssr" {"metadata":{"emulator":{"name":"functions"},"function":{"name":"us-central1-nextssr"},"extension":{},"message":"Beginning execution of \"us-central1-nextssr\""}}
[debug] [2025-05-29T19:20:05.867Z] [worker-us-central1-nextssr-d906d7b6-62b8-4707-b0a2-780f82f3e176]: BUSY {"metadata":{"emulator":{"name":"functions"},"function":{"name":"us-central1-nextssr"},"extension":{},"message":"[worker-us-central1-nextssr-d906d7b6-62b8-4707-b0a2-780f82f3e176]: BUSY"}}
[info] >  (node:12656) MaxListenersExceededWarning: Possible EventEmitter memory leak detected. 11 uncaughtException listeners added to [process]. MaxListeners is 10. Use emitter.setMaxListeners() to increase limit {"user":"(node:12656) MaxListenersExceededWarning: Possible EventEmitter memory leak detected. 11 uncaughtException listeners added to [process]. MaxListeners is 10. Use emitter.setMaxListeners() to increase limit","metadata":{"emulator":{"name":"functions"},"function":{"name":"us-central1-nextssr"},"extension":{},"message":"\u001b[90m> \u001b[39m (node:12656) MaxListenersExceededWarning: Possible EventEmitter memory leak detected. 11 uncaughtException listeners added to [process]. MaxListeners is 10. Use emitter.setMaxListeners() to increase limit"}}
[info] >  (Use `node --trace-warnings ...` to show where the warning was created) {"user":"(Use `node --trace-warnings ...` to show where the warning was created)","metadata":{"emulator":{"name":"functions"},"function":{"name":"us-central1-nextssr"},"extension":{},"message":"\u001b[90m> \u001b[39m (Use `node --trace-warnings ...` to show where the warning was created)"}}
[info] >  (node:12656) MaxListenersExceededWarning: Possible EventEmitter memory leak detected. 11 unhandledRejection listeners added to [process]. MaxListeners is 10. Use emitter.setMaxListeners() to increase limit {"user":"(node:12656) MaxListenersExceededWarning: Possible EventEmitter memory leak detected. 11 unhandledRejection listeners added to [process]. MaxListeners is 10. Use emitter.setMaxListeners() to increase limit","metadata":{"emulator":{"name":"functions"},"function":{"name":"us-central1-nextssr"},"extension":{},"message":"\u001b[90m> \u001b[39m (node:12656) MaxListenersExceededWarning: Possible EventEmitter memory leak detected. 11 unhandledRejection listeners added to [process]. MaxListeners is 10. Use emitter.setMaxListeners() to increase limit"}}
[debug] [2025-05-29T19:20:06.076Z] Finishing up request with event=pause {"metadata":{"emulator":{"name":"functions"},"function":{"name":"us-central1-nextssr"},"extension":{},"message":"Finishing up request with event=pause"}}
[info] i  functions: Finished "us-central1-nextssr" in 208.8327ms {"metadata":{"emulator":{"name":"functions"},"function":{"name":"us-central1-nextssr"},"extension":{},"message":"Finished \"us-central1-nextssr\" in 208.8327ms"}}
[debug] [2025-05-29T19:20:06.126Z] [worker-us-central1-nextssr-d906d7b6-62b8-4707-b0a2-780f82f3e176]: IDLE {"metadata":{"emulator":{"name":"functions"},"function":{"name":"us-central1-nextssr"},"extension":{},"message":"[worker-us-central1-nextssr-d906d7b6-62b8-4707-b0a2-780f82f3e176]: IDLE"}}
[debug] [2025-05-29T19:20:06.127Z] Finishing up request with event=finish {"metadata":{"emulator":{"name":"functions"},"function":{"name":"us-central1-nextssr"},"extension":{},"message":"Finishing up request with event=finish"}}
[debug] [2025-05-29T19:20:06.127Z] Finishing up request with event=close {"metadata":{"emulator":{"name":"functions"},"function":{"name":"us-central1-nextssr"},"extension":{},"message":"Finishing up request with event=close"}}
[debug] [2025-05-29T19:20:06.128Z] [work-queue] {"queuedWork":[],"queueLength":0,"runningWork":["/familia-viva-recife/us-central1/nextssr/_next/static/css/095879a2e3e1780a.css-2025-05-29T19:20:03.618Z","/familia-viva-recife/us-central1/nextssr/_next/static/chunks/684-eba31c851dc2295d.js-2025-05-29T19:20:03.665Z","/familia-viva-recife/us-central1/nextssr/_next/static/chunks/webpack-0ef715be9e18c719.js-2025-05-29T19:20:03.695Z","/familia-viva-recife/us-central1/nextssr/_next/static/chunks/4bd1b696-cd1290cb101887c7.js-2025-05-29T19:20:03.716Z","/familia-viva-recife/us-central1/nextssr/_next/static/chunks/main-app-43ba455159c4a4e4.js-2025-05-29T19:20:03.734Z"],"workRunningCount":5}
[debug] [2025-05-29T19:20:06.131Z] <<< [apiv2][status] GET http://127.0.0.1:5001/familia-viva-recife/us-central1/nextssr/_next/static/chunks/app/page-2cd4c1405e6e8b60.js 200
[debug] [2025-05-29T19:20:06.132Z] <<< [apiv2][body] GET http://127.0.0.1:5001/familia-viva-recife/us-central1/nextssr/_next/static/chunks/app/page-2cd4c1405e6e8b60.js [stream]
[info] i  hosting: 127.0.0.1 - - [29/May/2025:19:20:06 +0000] "GET /_next/static/chunks/app/page-2cd4c1405e6e8b60.js HTTP/1.1" 200 22143 "http://127.0.0.1:5000/" "Mozilla/5.0 (Windows NT 10.0; Win64; x64) AppleWebKit/537.36 (KHTML, like Gecko) Chrome/136.0.0.0 Safari/537.36 Edg/136.0.0.0" {"metadata":{"emulator":{"name":"hosting"},"message":"127.0.0.1 - - [29/May/2025:19:20:06 +0000] \"GET /_next/static/chunks/app/page-2cd4c1405e6e8b60.js HTTP/1.1\" 200 22143 \"http://127.0.0.1:5000/\" \"Mozilla/5.0 (Windows NT 10.0; Win64; x64) AppleWebKit/537.36 (KHTML, like Gecko) Chrome/136.0.0.0 Safari/537.36 Edg/136.0.0.0\""}}
[debug] [2025-05-29T19:20:07.957Z] [runtime-status] [576] Resolved module firebase-admin {"declared":true,"installed":true,"version":"13.4.0","resolution":"C:\\Users\\Danielxpdk\\Desktop\\Aplicacao-familia-viva\\frontend\\node_modules\\firebase-admin\\lib\\index.js"} {"metadata":{"emulator":{"name":"functions"},"function":{"name":"us-central1-nextssr"},"extension":{},"message":"[runtime-status] [576] Resolved module firebase-admin {\"declared\":true,\"installed\":true,\"version\":\"13.4.0\",\"resolution\":\"C:\\\\Users\\\\Danielxpdk\\\\Desktop\\\\Aplicacao-familia-viva\\\\frontend\\\\node_modules\\\\firebase-admin\\\\lib\\\\index.js\"}"}}
[debug] [2025-05-29T19:20:07.961Z] [runtime-status] [576] Resolved module firebase-functions {"declared":true,"installed":true,"version":"6.3.2","resolution":"C:\\Users\\Danielxpdk\\Desktop\\Aplicacao-familia-viva\\frontend\\node_modules\\firebase-functions\\lib\\v2\\index.js"} {"metadata":{"emulator":{"name":"functions"},"function":{"name":"us-central1-nextssr"},"extension":{},"message":"[runtime-status] [576] Resolved module firebase-functions {\"declared\":true,\"installed\":true,\"version\":\"6.3.2\",\"resolution\":\"C:\\\\Users\\\\Danielxpdk\\\\Desktop\\\\Aplicacao-familia-viva\\\\frontend\\\\node_modules\\\\firebase-functions\\\\lib\\\\v2\\\\index.js\"}"}}
[debug] [2025-05-29T19:20:07.971Z] [runtime-status] [576] Outgoing network have been stubbed. [{"name":"http","status":"mocked"},{"name":"http","status":"mocked"},{"name":"https","status":"mocked"},{"name":"https","status":"mocked"},{"name":"net","status":"mocked"}] {"metadata":{"emulator":{"name":"functions"},"function":{"name":"us-central1-nextssr"},"extension":{},"message":"[runtime-status] [576] Outgoing network have been stubbed. [{\"name\":\"http\",\"status\":\"mocked\"},{\"name\":\"http\",\"status\":\"mocked\"},{\"name\":\"https\",\"status\":\"mocked\"},{\"name\":\"https\",\"status\":\"mocked\"},{\"name\":\"net\",\"status\":\"mocked\"}]"}}
[debug] [2025-05-29T19:20:07.974Z] [runtime-status] [576] Resolved module firebase-functions {"declared":true,"installed":true,"version":"6.3.2","resolution":"C:\\Users\\Danielxpdk\\Desktop\\Aplicacao-familia-viva\\frontend\\node_modules\\firebase-functions\\lib\\v2\\index.js"} {"metadata":{"emulator":{"name":"functions"},"function":{"name":"us-central1-nextssr"},"extension":{},"message":"[runtime-status] [576] Resolved module firebase-functions {\"declared\":true,\"installed\":true,\"version\":\"6.3.2\",\"resolution\":\"C:\\\\Users\\\\Danielxpdk\\\\Desktop\\\\Aplicacao-familia-viva\\\\frontend\\\\node_modules\\\\firebase-functions\\\\lib\\\\v2\\\\index.js\"}"}}
[debug] [2025-05-29T19:20:08.017Z] [runtime-status] [5620] Resolved module firebase-admin {"declared":true,"installed":true,"version":"13.4.0","resolution":"C:\\Users\\Danielxpdk\\Desktop\\Aplicacao-familia-viva\\frontend\\node_modules\\firebase-admin\\lib\\index.js"} {"metadata":{"emulator":{"name":"functions"},"function":{"name":"us-central1-nextssr"},"extension":{},"message":"[runtime-status] [5620] Resolved module firebase-admin {\"declared\":true,\"installed\":true,\"version\":\"13.4.0\",\"resolution\":\"C:\\\\Users\\\\Danielxpdk\\\\Desktop\\\\Aplicacao-familia-viva\\\\frontend\\\\node_modules\\\\firebase-admin\\\\lib\\\\index.js\"}"}}
[debug] [2025-05-29T19:20:08.030Z] [runtime-status] [5620] Resolved module firebase-functions {"declared":true,"installed":true,"version":"6.3.2","resolution":"C:\\Users\\Danielxpdk\\Desktop\\Aplicacao-familia-viva\\frontend\\node_modules\\firebase-functions\\lib\\v2\\index.js"} {"metadata":{"emulator":{"name":"functions"},"function":{"name":"us-central1-nextssr"},"extension":{},"message":"[runtime-status] [5620] Resolved module firebase-functions {\"declared\":true,\"installed\":true,\"version\":\"6.3.2\",\"resolution\":\"C:\\\\Users\\\\Danielxpdk\\\\Desktop\\\\Aplicacao-familia-viva\\\\frontend\\\\node_modules\\\\firebase-functions\\\\lib\\\\v2\\\\index.js\"}"}}
[debug] [2025-05-29T19:20:08.031Z] [runtime-status] [5620] Outgoing network have been stubbed. [{"name":"http","status":"mocked"},{"name":"http","status":"mocked"},{"name":"https","status":"mocked"},{"name":"https","status":"mocked"},{"name":"net","status":"mocked"}] {"metadata":{"emulator":{"name":"functions"},"function":{"name":"us-central1-nextssr"},"extension":{},"message":"[runtime-status] [5620] Outgoing network have been stubbed. [{\"name\":\"http\",\"status\":\"mocked\"},{\"name\":\"http\",\"status\":\"mocked\"},{\"name\":\"https\",\"status\":\"mocked\"},{\"name\":\"https\",\"status\":\"mocked\"},{\"name\":\"net\",\"status\":\"mocked\"}]"}}
[debug] [2025-05-29T19:20:08.032Z] [runtime-status] [5620] Resolved module firebase-functions {"declared":true,"installed":true,"version":"6.3.2","resolution":"C:\\Users\\Danielxpdk\\Desktop\\Aplicacao-familia-viva\\frontend\\node_modules\\firebase-functions\\lib\\v2\\index.js"} {"metadata":{"emulator":{"name":"functions"},"function":{"name":"us-central1-nextssr"},"extension":{},"message":"[runtime-status] [5620] Resolved module firebase-functions {\"declared\":true,\"installed\":true,\"version\":\"6.3.2\",\"resolution\":\"C:\\\\Users\\\\Danielxpdk\\\\Desktop\\\\Aplicacao-familia-viva\\\\frontend\\\\node_modules\\\\firebase-functions\\\\lib\\\\v2\\\\index.js\"}"}}
[debug] [2025-05-29T19:20:08.111Z] [runtime-status] [12752] Resolved module firebase-admin {"declared":true,"installed":true,"version":"13.4.0","resolution":"C:\\Users\\Danielxpdk\\Desktop\\Aplicacao-familia-viva\\frontend\\node_modules\\firebase-admin\\lib\\index.js"} {"metadata":{"emulator":{"name":"functions"},"function":{"name":"us-central1-nextssr"},"extension":{},"message":"[runtime-status] [12752] Resolved module firebase-admin {\"declared\":true,\"installed\":true,\"version\":\"13.4.0\",\"resolution\":\"C:\\\\Users\\\\Danielxpdk\\\\Desktop\\\\Aplicacao-familia-viva\\\\frontend\\\\node_modules\\\\firebase-admin\\\\lib\\\\index.js\"}"}}
[debug] [2025-05-29T19:20:08.115Z] [runtime-status] [12752] Resolved module firebase-functions {"declared":true,"installed":true,"version":"6.3.2","resolution":"C:\\Users\\Danielxpdk\\Desktop\\Aplicacao-familia-viva\\frontend\\node_modules\\firebase-functions\\lib\\v2\\index.js"} {"metadata":{"emulator":{"name":"functions"},"function":{"name":"us-central1-nextssr"},"extension":{},"message":"[runtime-status] [12752] Resolved module firebase-functions {\"declared\":true,\"installed\":true,\"version\":\"6.3.2\",\"resolution\":\"C:\\\\Users\\\\Danielxpdk\\\\Desktop\\\\Aplicacao-familia-viva\\\\frontend\\\\node_modules\\\\firebase-functions\\\\lib\\\\v2\\\\index.js\"}"}}
[debug] [2025-05-29T19:20:08.116Z] [runtime-status] [12752] Outgoing network have been stubbed. [{"name":"http","status":"mocked"},{"name":"http","status":"mocked"},{"name":"https","status":"mocked"},{"name":"https","status":"mocked"},{"name":"net","status":"mocked"}] {"metadata":{"emulator":{"name":"functions"},"function":{"name":"us-central1-nextssr"},"extension":{},"message":"[runtime-status] [12752] Outgoing network have been stubbed. [{\"name\":\"http\",\"status\":\"mocked\"},{\"name\":\"http\",\"status\":\"mocked\"},{\"name\":\"https\",\"status\":\"mocked\"},{\"name\":\"https\",\"status\":\"mocked\"},{\"name\":\"net\",\"status\":\"mocked\"}]"}}
[debug] [2025-05-29T19:20:08.117Z] [runtime-status] [12752] Resolved module firebase-functions {"declared":true,"installed":true,"version":"6.3.2","resolution":"C:\\Users\\Danielxpdk\\Desktop\\Aplicacao-familia-viva\\frontend\\node_modules\\firebase-functions\\lib\\v2\\index.js"} {"metadata":{"emulator":{"name":"functions"},"function":{"name":"us-central1-nextssr"},"extension":{},"message":"[runtime-status] [12752] Resolved module firebase-functions {\"declared\":true,\"installed\":true,\"version\":\"6.3.2\",\"resolution\":\"C:\\\\Users\\\\Danielxpdk\\\\Desktop\\\\Aplicacao-familia-viva\\\\frontend\\\\node_modules\\\\firebase-functions\\\\lib\\\\v2\\\\index.js\"}"}}
[debug] [2025-05-29T19:20:08.146Z] [runtime-status] [13852] Resolved module firebase-admin {"declared":true,"installed":true,"version":"13.4.0","resolution":"C:\\Users\\Danielxpdk\\Desktop\\Aplicacao-familia-viva\\frontend\\node_modules\\firebase-admin\\lib\\index.js"} {"metadata":{"emulator":{"name":"functions"},"function":{"name":"us-central1-nextssr"},"extension":{},"message":"[runtime-status] [13852] Resolved module firebase-admin {\"declared\":true,\"installed\":true,\"version\":\"13.4.0\",\"resolution\":\"C:\\\\Users\\\\Danielxpdk\\\\Desktop\\\\Aplicacao-familia-viva\\\\frontend\\\\node_modules\\\\firebase-admin\\\\lib\\\\index.js\"}"}}
[debug] [2025-05-29T19:20:08.149Z] [runtime-status] [13852] Resolved module firebase-functions {"declared":true,"installed":true,"version":"6.3.2","resolution":"C:\\Users\\Danielxpdk\\Desktop\\Aplicacao-familia-viva\\frontend\\node_modules\\firebase-functions\\lib\\v2\\index.js"} {"metadata":{"emulator":{"name":"functions"},"function":{"name":"us-central1-nextssr"},"extension":{},"message":"[runtime-status] [13852] Resolved module firebase-functions {\"declared\":true,\"installed\":true,\"version\":\"6.3.2\",\"resolution\":\"C:\\\\Users\\\\Danielxpdk\\\\Desktop\\\\Aplicacao-familia-viva\\\\frontend\\\\node_modules\\\\firebase-functions\\\\lib\\\\v2\\\\index.js\"}"}}
[debug] [2025-05-29T19:20:08.150Z] [runtime-status] [13852] Outgoing network have been stubbed. [{"name":"http","status":"mocked"},{"name":"http","status":"mocked"},{"name":"https","status":"mocked"},{"name":"https","status":"mocked"},{"name":"net","status":"mocked"}] {"metadata":{"emulator":{"name":"functions"},"function":{"name":"us-central1-nextssr"},"extension":{},"message":"[runtime-status] [13852] Outgoing network have been stubbed. [{\"name\":\"http\",\"status\":\"mocked\"},{\"name\":\"http\",\"status\":\"mocked\"},{\"name\":\"https\",\"status\":\"mocked\"},{\"name\":\"https\",\"status\":\"mocked\"},{\"name\":\"net\",\"status\":\"mocked\"}]"}}
[debug] [2025-05-29T19:20:08.151Z] [runtime-status] [13852] Resolved module firebase-functions {"declared":true,"installed":true,"version":"6.3.2","resolution":"C:\\Users\\Danielxpdk\\Desktop\\Aplicacao-familia-viva\\frontend\\node_modules\\firebase-functions\\lib\\v2\\index.js"} {"metadata":{"emulator":{"name":"functions"},"function":{"name":"us-central1-nextssr"},"extension":{},"message":"[runtime-status] [13852] Resolved module firebase-functions {\"declared\":true,\"installed\":true,\"version\":\"6.3.2\",\"resolution\":\"C:\\\\Users\\\\Danielxpdk\\\\Desktop\\\\Aplicacao-familia-viva\\\\frontend\\\\node_modules\\\\firebase-functions\\\\lib\\\\v2\\\\index.js\"}"}}
[debug] [2025-05-29T19:20:08.183Z] [runtime-status] [9556] Resolved module firebase-admin {"declared":true,"installed":true,"version":"13.4.0","resolution":"C:\\Users\\Danielxpdk\\Desktop\\Aplicacao-familia-viva\\frontend\\node_modules\\firebase-admin\\lib\\index.js"} {"metadata":{"emulator":{"name":"functions"},"function":{"name":"us-central1-nextssr"},"extension":{},"message":"[runtime-status] [9556] Resolved module firebase-admin {\"declared\":true,\"installed\":true,\"version\":\"13.4.0\",\"resolution\":\"C:\\\\Users\\\\Danielxpdk\\\\Desktop\\\\Aplicacao-familia-viva\\\\frontend\\\\node_modules\\\\firebase-admin\\\\lib\\\\index.js\"}"}}
[debug] [2025-05-29T19:20:08.187Z] [runtime-status] [9556] Resolved module firebase-functions {"declared":true,"installed":true,"version":"6.3.2","resolution":"C:\\Users\\Danielxpdk\\Desktop\\Aplicacao-familia-viva\\frontend\\node_modules\\firebase-functions\\lib\\v2\\index.js"} {"metadata":{"emulator":{"name":"functions"},"function":{"name":"us-central1-nextssr"},"extension":{},"message":"[runtime-status] [9556] Resolved module firebase-functions {\"declared\":true,\"installed\":true,\"version\":\"6.3.2\",\"resolution\":\"C:\\\\Users\\\\Danielxpdk\\\\Desktop\\\\Aplicacao-familia-viva\\\\frontend\\\\node_modules\\\\firebase-functions\\\\lib\\\\v2\\\\index.js\"}"}}
[debug] [2025-05-29T19:20:08.189Z] [runtime-status] [9556] Outgoing network have been stubbed. [{"name":"http","status":"mocked"},{"name":"http","status":"mocked"},{"name":"https","status":"mocked"},{"name":"https","status":"mocked"},{"name":"net","status":"mocked"}] {"metadata":{"emulator":{"name":"functions"},"function":{"name":"us-central1-nextssr"},"extension":{},"message":"[runtime-status] [9556] Outgoing network have been stubbed. [{\"name\":\"http\",\"status\":\"mocked\"},{\"name\":\"http\",\"status\":\"mocked\"},{\"name\":\"https\",\"status\":\"mocked\"},{\"name\":\"https\",\"status\":\"mocked\"},{\"name\":\"net\",\"status\":\"mocked\"}]"}}
[debug] [2025-05-29T19:20:08.191Z] [runtime-status] [9556] Resolved module firebase-functions {"declared":true,"installed":true,"version":"6.3.2","resolution":"C:\\Users\\Danielxpdk\\Desktop\\Aplicacao-familia-viva\\frontend\\node_modules\\firebase-functions\\lib\\v2\\index.js"} {"metadata":{"emulator":{"name":"functions"},"function":{"name":"us-central1-nextssr"},"extension":{},"message":"[runtime-status] [9556] Resolved module firebase-functions {\"declared\":true,\"installed\":true,\"version\":\"6.3.2\",\"resolution\":\"C:\\\\Users\\\\Danielxpdk\\\\Desktop\\\\Aplicacao-familia-viva\\\\frontend\\\\node_modules\\\\firebase-functions\\\\lib\\\\v2\\\\index.js\"}"}}
[debug] [2025-05-29T19:20:09.237Z] [runtime-status] [576] Checked functions.config() {"config":{}} {"metadata":{"emulator":{"name":"functions"},"function":{"name":"us-central1-nextssr"},"extension":{},"message":"[runtime-status] [576] Checked functions.config() {\"config\":{}}"}}
[debug] [2025-05-29T19:20:09.237Z] [runtime-status] [576] firebase-functions has been stubbed. {"functionsResolution":{"declared":true,"installed":true,"version":"6.3.2","resolution":"C:\\Users\\Danielxpdk\\Desktop\\Aplicacao-familia-viva\\frontend\\node_modules\\firebase-functions\\lib\\v2\\index.js"}} {"metadata":{"emulator":{"name":"functions"},"function":{"name":"us-central1-nextssr"},"extension":{},"message":"[runtime-status] [576] firebase-functions has been stubbed. {\"functionsResolution\":{\"declared\":true,\"installed\":true,\"version\":\"6.3.2\",\"resolution\":\"C:\\\\Users\\\\Danielxpdk\\\\Desktop\\\\Aplicacao-familia-viva\\\\frontend\\\\node_modules\\\\firebase-functions\\\\lib\\\\v2\\\\index.js\"}}"}}
[debug] [2025-05-29T19:20:09.240Z] [runtime-status] [576] Resolved module firebase-functions {"declared":true,"installed":true,"version":"6.3.2","resolution":"C:\\Users\\Danielxpdk\\Desktop\\Aplicacao-familia-viva\\frontend\\node_modules\\firebase-functions\\lib\\v2\\index.js"} {"metadata":{"emulator":{"name":"functions"},"function":{"name":"us-central1-nextssr"},"extension":{},"message":"[runtime-status] [576] Resolved module firebase-functions {\"declared\":true,\"installed\":true,\"version\":\"6.3.2\",\"resolution\":\"C:\\\\Users\\\\Danielxpdk\\\\Desktop\\\\Aplicacao-familia-viva\\\\frontend\\\\node_modules\\\\firebase-functions\\\\lib\\\\v2\\\\index.js\"}"}}
[debug] [2025-05-29T19:20:09.320Z] [runtime-status] [5620] Checked functions.config() {"config":{}} {"metadata":{"emulator":{"name":"functions"},"function":{"name":"us-central1-nextssr"},"extension":{},"message":"[runtime-status] [5620] Checked functions.config() {\"config\":{}}"}}
[debug] [2025-05-29T19:20:09.324Z] [runtime-status] [5620] firebase-functions has been stubbed. {"functionsResolution":{"declared":true,"installed":true,"version":"6.3.2","resolution":"C:\\Users\\Danielxpdk\\Desktop\\Aplicacao-familia-viva\\frontend\\node_modules\\firebase-functions\\lib\\v2\\index.js"}} {"metadata":{"emulator":{"name":"functions"},"function":{"name":"us-central1-nextssr"},"extension":{},"message":"[runtime-status] [5620] firebase-functions has been stubbed. {\"functionsResolution\":{\"declared\":true,\"installed\":true,\"version\":\"6.3.2\",\"resolution\":\"C:\\\\Users\\\\Danielxpdk\\\\Desktop\\\\Aplicacao-familia-viva\\\\frontend\\\\node_modules\\\\firebase-functions\\\\lib\\\\v2\\\\index.js\"}}"}}
[debug] [2025-05-29T19:20:09.324Z] [runtime-status] [5620] Resolved module firebase-functions {"declared":true,"installed":true,"version":"6.3.2","resolution":"C:\\Users\\Danielxpdk\\Desktop\\Aplicacao-familia-viva\\frontend\\node_modules\\firebase-functions\\lib\\v2\\index.js"} {"metadata":{"emulator":{"name":"functions"},"function":{"name":"us-central1-nextssr"},"extension":{},"message":"[runtime-status] [5620] Resolved module firebase-functions {\"declared\":true,\"installed\":true,\"version\":\"6.3.2\",\"resolution\":\"C:\\\\Users\\\\Danielxpdk\\\\Desktop\\\\Aplicacao-familia-viva\\\\frontend\\\\node_modules\\\\firebase-functions\\\\lib\\\\v2\\\\index.js\"}"}}
[debug] [2025-05-29T19:20:09.347Z] [runtime-status] [576] Resolved module firebase-admin {"declared":true,"installed":true,"version":"13.4.0","resolution":"C:\\Users\\Danielxpdk\\Desktop\\Aplicacao-familia-viva\\frontend\\node_modules\\firebase-admin\\lib\\index.js"} {"metadata":{"emulator":{"name":"functions"},"function":{"name":"us-central1-nextssr"},"extension":{},"message":"[runtime-status] [576] Resolved module firebase-admin {\"declared\":true,\"installed\":true,\"version\":\"13.4.0\",\"resolution\":\"C:\\\\Users\\\\Danielxpdk\\\\Desktop\\\\Aplicacao-familia-viva\\\\frontend\\\\node_modules\\\\firebase-admin\\\\lib\\\\index.js\"}"}}
[debug] [2025-05-29T19:20:09.350Z] [runtime-status] [5620] Resolved module firebase-admin {"declared":true,"installed":true,"version":"13.4.0","resolution":"C:\\Users\\Danielxpdk\\Desktop\\Aplicacao-familia-viva\\frontend\\node_modules\\firebase-admin\\lib\\index.js"} {"metadata":{"emulator":{"name":"functions"},"function":{"name":"us-central1-nextssr"},"extension":{},"message":"[runtime-status] [5620] Resolved module firebase-admin {\"declared\":true,\"installed\":true,\"version\":\"13.4.0\",\"resolution\":\"C:\\\\Users\\\\Danielxpdk\\\\Desktop\\\\Aplicacao-familia-viva\\\\frontend\\\\node_modules\\\\firebase-admin\\\\lib\\\\index.js\"}"}}
[debug] [2025-05-29T19:20:09.353Z] [runtime-status] [576] Resolved module firebase-functions {"declared":true,"installed":true,"version":"6.3.2","resolution":"C:\\Users\\Danielxpdk\\Desktop\\Aplicacao-familia-viva\\frontend\\node_modules\\firebase-functions\\lib\\v2\\index.js"} {"metadata":{"emulator":{"name":"functions"},"function":{"name":"us-central1-nextssr"},"extension":{},"message":"[runtime-status] [576] Resolved module firebase-functions {\"declared\":true,\"installed\":true,\"version\":\"6.3.2\",\"resolution\":\"C:\\\\Users\\\\Danielxpdk\\\\Desktop\\\\Aplicacao-familia-viva\\\\frontend\\\\node_modules\\\\firebase-functions\\\\lib\\\\v2\\\\index.js\"}"}}
[debug] [2025-05-29T19:20:09.354Z] [runtime-status] [576] firebase-admin has been stubbed. {"adminResolution":{"declared":true,"installed":true,"version":"13.4.0","resolution":"C:\\Users\\Danielxpdk\\Desktop\\Aplicacao-familia-viva\\frontend\\node_modules\\firebase-admin\\lib\\index.js"}} {"metadata":{"emulator":{"name":"functions"},"function":{"name":"us-central1-nextssr"},"extension":{},"message":"[runtime-status] [576] firebase-admin has been stubbed. {\"adminResolution\":{\"declared\":true,\"installed\":true,\"version\":\"13.4.0\",\"resolution\":\"C:\\\\Users\\\\Danielxpdk\\\\Desktop\\\\Aplicacao-familia-viva\\\\frontend\\\\node_modules\\\\firebase-admin\\\\lib\\\\index.js\"}}"}}
[debug] [2025-05-29T19:20:09.354Z] [runtime-status] [5620] Resolved module firebase-functions {"declared":true,"installed":true,"version":"6.3.2","resolution":"C:\\Users\\Danielxpdk\\Desktop\\Aplicacao-familia-viva\\frontend\\node_modules\\firebase-functions\\lib\\v2\\index.js"} {"metadata":{"emulator":{"name":"functions"},"function":{"name":"us-central1-nextssr"},"extension":{},"message":"[runtime-status] [5620] Resolved module firebase-functions {\"declared\":true,\"installed\":true,\"version\":\"6.3.2\",\"resolution\":\"C:\\\\Users\\\\Danielxpdk\\\\Desktop\\\\Aplicacao-familia-viva\\\\frontend\\\\node_modules\\\\firebase-functions\\\\lib\\\\v2\\\\index.js\"}"}}
[debug] [2025-05-29T19:20:09.355Z] [runtime-status] [5620] firebase-admin has been stubbed. {"adminResolution":{"declared":true,"installed":true,"version":"13.4.0","resolution":"C:\\Users\\Danielxpdk\\Desktop\\Aplicacao-familia-viva\\frontend\\node_modules\\firebase-admin\\lib\\index.js"}} {"metadata":{"emulator":{"name":"functions"},"function":{"name":"us-central1-nextssr"},"extension":{},"message":"[runtime-status] [5620] firebase-admin has been stubbed. {\"adminResolution\":{\"declared\":true,\"installed\":true,\"version\":\"13.4.0\",\"resolution\":\"C:\\\\Users\\\\Danielxpdk\\\\Desktop\\\\Aplicacao-familia-viva\\\\frontend\\\\node_modules\\\\firebase-admin\\\\lib\\\\index.js\"}}"}}
[debug] [2025-05-29T19:20:09.385Z] [runtime-status] [12752] Checked functions.config() {"config":{}} {"metadata":{"emulator":{"name":"functions"},"function":{"name":"us-central1-nextssr"},"extension":{},"message":"[runtime-status] [12752] Checked functions.config() {\"config\":{}}"}}
[debug] [2025-05-29T19:20:09.385Z] [runtime-status] [12752] firebase-functions has been stubbed. {"functionsResolution":{"declared":true,"installed":true,"version":"6.3.2","resolution":"C:\\Users\\Danielxpdk\\Desktop\\Aplicacao-familia-viva\\frontend\\node_modules\\firebase-functions\\lib\\v2\\index.js"}} {"metadata":{"emulator":{"name":"functions"},"function":{"name":"us-central1-nextssr"},"extension":{},"message":"[runtime-status] [12752] firebase-functions has been stubbed. {\"functionsResolution\":{\"declared\":true,\"installed\":true,\"version\":\"6.3.2\",\"resolution\":\"C:\\\\Users\\\\Danielxpdk\\\\Desktop\\\\Aplicacao-familia-viva\\\\frontend\\\\node_modules\\\\firebase-functions\\\\lib\\\\v2\\\\index.js\"}}"}}
[debug] [2025-05-29T19:20:09.386Z] [runtime-status] [12752] Resolved module firebase-functions {"declared":true,"installed":true,"version":"6.3.2","resolution":"C:\\Users\\Danielxpdk\\Desktop\\Aplicacao-familia-viva\\frontend\\node_modules\\firebase-functions\\lib\\v2\\index.js"} {"metadata":{"emulator":{"name":"functions"},"function":{"name":"us-central1-nextssr"},"extension":{},"message":"[runtime-status] [12752] Resolved module firebase-functions {\"declared\":true,\"installed\":true,\"version\":\"6.3.2\",\"resolution\":\"C:\\\\Users\\\\Danielxpdk\\\\Desktop\\\\Aplicacao-familia-viva\\\\frontend\\\\node_modules\\\\firebase-functions\\\\lib\\\\v2\\\\index.js\"}"}}
[debug] [2025-05-29T19:20:09.395Z] [runtime-status] [12752] Resolved module firebase-admin {"declared":true,"installed":true,"version":"13.4.0","resolution":"C:\\Users\\Danielxpdk\\Desktop\\Aplicacao-familia-viva\\frontend\\node_modules\\firebase-admin\\lib\\index.js"} {"metadata":{"emulator":{"name":"functions"},"function":{"name":"us-central1-nextssr"},"extension":{},"message":"[runtime-status] [12752] Resolved module firebase-admin {\"declared\":true,\"installed\":true,\"version\":\"13.4.0\",\"resolution\":\"C:\\\\Users\\\\Danielxpdk\\\\Desktop\\\\Aplicacao-familia-viva\\\\frontend\\\\node_modules\\\\firebase-admin\\\\lib\\\\index.js\"}"}}
[debug] [2025-05-29T19:20:09.399Z] [runtime-status] [12752] Resolved module firebase-functions {"declared":true,"installed":true,"version":"6.3.2","resolution":"C:\\Users\\Danielxpdk\\Desktop\\Aplicacao-familia-viva\\frontend\\node_modules\\firebase-functions\\lib\\v2\\index.js"} {"metadata":{"emulator":{"name":"functions"},"function":{"name":"us-central1-nextssr"},"extension":{},"message":"[runtime-status] [12752] Resolved module firebase-functions {\"declared\":true,\"installed\":true,\"version\":\"6.3.2\",\"resolution\":\"C:\\\\Users\\\\Danielxpdk\\\\Desktop\\\\Aplicacao-familia-viva\\\\frontend\\\\node_modules\\\\firebase-functions\\\\lib\\\\v2\\\\index.js\"}"}}
[debug] [2025-05-29T19:20:09.400Z] [runtime-status] [12752] firebase-admin has been stubbed. {"adminResolution":{"declared":true,"installed":true,"version":"13.4.0","resolution":"C:\\Users\\Danielxpdk\\Desktop\\Aplicacao-familia-viva\\frontend\\node_modules\\firebase-admin\\lib\\index.js"}} {"metadata":{"emulator":{"name":"functions"},"function":{"name":"us-central1-nextssr"},"extension":{},"message":"[runtime-status] [12752] firebase-admin has been stubbed. {\"adminResolution\":{\"declared\":true,\"installed\":true,\"version\":\"13.4.0\",\"resolution\":\"C:\\\\Users\\\\Danielxpdk\\\\Desktop\\\\Aplicacao-familia-viva\\\\frontend\\\\node_modules\\\\firebase-admin\\\\lib\\\\index.js\"}}"}}
[debug] [2025-05-29T19:20:09.477Z] [runtime-status] [13852] Checked functions.config() {"config":{}} {"metadata":{"emulator":{"name":"functions"},"function":{"name":"us-central1-nextssr"},"extension":{},"message":"[runtime-status] [13852] Checked functions.config() {\"config\":{}}"}}
[debug] [2025-05-29T19:20:09.478Z] [runtime-status] [13852] firebase-functions has been stubbed. {"functionsResolution":{"declared":true,"installed":true,"version":"6.3.2","resolution":"C:\\Users\\Danielxpdk\\Desktop\\Aplicacao-familia-viva\\frontend\\node_modules\\firebase-functions\\lib\\v2\\index.js"}} {"metadata":{"emulator":{"name":"functions"},"function":{"name":"us-central1-nextssr"},"extension":{},"message":"[runtime-status] [13852] firebase-functions has been stubbed. {\"functionsResolution\":{\"declared\":true,\"installed\":true,\"version\":\"6.3.2\",\"resolution\":\"C:\\\\Users\\\\Danielxpdk\\\\Desktop\\\\Aplicacao-familia-viva\\\\frontend\\\\node_modules\\\\firebase-functions\\\\lib\\\\v2\\\\index.js\"}}"}}
[debug] [2025-05-29T19:20:09.490Z] [runtime-status] [13852] Resolved module firebase-functions {"declared":true,"installed":true,"version":"6.3.2","resolution":"C:\\Users\\Danielxpdk\\Desktop\\Aplicacao-familia-viva\\frontend\\node_modules\\firebase-functions\\lib\\v2\\index.js"} {"metadata":{"emulator":{"name":"functions"},"function":{"name":"us-central1-nextssr"},"extension":{},"message":"[runtime-status] [13852] Resolved module firebase-functions {\"declared\":true,\"installed\":true,\"version\":\"6.3.2\",\"resolution\":\"C:\\\\Users\\\\Danielxpdk\\\\Desktop\\\\Aplicacao-familia-viva\\\\frontend\\\\node_modules\\\\firebase-functions\\\\lib\\\\v2\\\\index.js\"}"}}
[debug] [2025-05-29T19:20:09.503Z] [runtime-status] [13852] Resolved module firebase-admin {"declared":true,"installed":true,"version":"13.4.0","resolution":"C:\\Users\\Danielxpdk\\Desktop\\Aplicacao-familia-viva\\frontend\\node_modules\\firebase-admin\\lib\\index.js"} {"metadata":{"emulator":{"name":"functions"},"function":{"name":"us-central1-nextssr"},"extension":{},"message":"[runtime-status] [13852] Resolved module firebase-admin {\"declared\":true,\"installed\":true,\"version\":\"13.4.0\",\"resolution\":\"C:\\\\Users\\\\Danielxpdk\\\\Desktop\\\\Aplicacao-familia-viva\\\\frontend\\\\node_modules\\\\firebase-admin\\\\lib\\\\index.js\"}"}}
[debug] [2025-05-29T19:20:09.511Z] [runtime-status] [13852] Resolved module firebase-functions {"declared":true,"installed":true,"version":"6.3.2","resolution":"C:\\Users\\Danielxpdk\\Desktop\\Aplicacao-familia-viva\\frontend\\node_modules\\firebase-functions\\lib\\v2\\index.js"} {"metadata":{"emulator":{"name":"functions"},"function":{"name":"us-central1-nextssr"},"extension":{},"message":"[runtime-status] [13852] Resolved module firebase-functions {\"declared\":true,\"installed\":true,\"version\":\"6.3.2\",\"resolution\":\"C:\\\\Users\\\\Danielxpdk\\\\Desktop\\\\Aplicacao-familia-viva\\\\frontend\\\\node_modules\\\\firebase-functions\\\\lib\\\\v2\\\\index.js\"}"}}
[debug] [2025-05-29T19:20:09.512Z] [runtime-status] [13852] firebase-admin has been stubbed. {"adminResolution":{"declared":true,"installed":true,"version":"13.4.0","resolution":"C:\\Users\\Danielxpdk\\Desktop\\Aplicacao-familia-viva\\frontend\\node_modules\\firebase-admin\\lib\\index.js"}} {"metadata":{"emulator":{"name":"functions"},"function":{"name":"us-central1-nextssr"},"extension":{},"message":"[runtime-status] [13852] firebase-admin has been stubbed. {\"adminResolution\":{\"declared\":true,\"installed\":true,\"version\":\"13.4.0\",\"resolution\":\"C:\\\\Users\\\\Danielxpdk\\\\Desktop\\\\Aplicacao-familia-viva\\\\frontend\\\\node_modules\\\\firebase-admin\\\\lib\\\\index.js\"}}"}}
[debug] [2025-05-29T19:20:09.685Z] [runtime-status] [9556] Checked functions.config() {"config":{}} {"metadata":{"emulator":{"name":"functions"},"function":{"name":"us-central1-nextssr"},"extension":{},"message":"[runtime-status] [9556] Checked functions.config() {\"config\":{}}"}}
[debug] [2025-05-29T19:20:09.685Z] [runtime-status] [9556] firebase-functions has been stubbed. {"functionsResolution":{"declared":true,"installed":true,"version":"6.3.2","resolution":"C:\\Users\\Danielxpdk\\Desktop\\Aplicacao-familia-viva\\frontend\\node_modules\\firebase-functions\\lib\\v2\\index.js"}} {"metadata":{"emulator":{"name":"functions"},"function":{"name":"us-central1-nextssr"},"extension":{},"message":"[runtime-status] [9556] firebase-functions has been stubbed. {\"functionsResolution\":{\"declared\":true,\"installed\":true,\"version\":\"6.3.2\",\"resolution\":\"C:\\\\Users\\\\Danielxpdk\\\\Desktop\\\\Aplicacao-familia-viva\\\\frontend\\\\node_modules\\\\firebase-functions\\\\lib\\\\v2\\\\index.js\"}}"}}
[debug] [2025-05-29T19:20:09.687Z] [runtime-status] [9556] Resolved module firebase-functions {"declared":true,"installed":true,"version":"6.3.2","resolution":"C:\\Users\\Danielxpdk\\Desktop\\Aplicacao-familia-viva\\frontend\\node_modules\\firebase-functions\\lib\\v2\\index.js"} {"metadata":{"emulator":{"name":"functions"},"function":{"name":"us-central1-nextssr"},"extension":{},"message":"[runtime-status] [9556] Resolved module firebase-functions {\"declared\":true,\"installed\":true,\"version\":\"6.3.2\",\"resolution\":\"C:\\\\Users\\\\Danielxpdk\\\\Desktop\\\\Aplicacao-familia-viva\\\\frontend\\\\node_modules\\\\firebase-functions\\\\lib\\\\v2\\\\index.js\"}"}}
[debug] [2025-05-29T19:20:09.697Z] [runtime-status] [9556] Resolved module firebase-admin {"declared":true,"installed":true,"version":"13.4.0","resolution":"C:\\Users\\Danielxpdk\\Desktop\\Aplicacao-familia-viva\\frontend\\node_modules\\firebase-admin\\lib\\index.js"} {"metadata":{"emulator":{"name":"functions"},"function":{"name":"us-central1-nextssr"},"extension":{},"message":"[runtime-status] [9556] Resolved module firebase-admin {\"declared\":true,\"installed\":true,\"version\":\"13.4.0\",\"resolution\":\"C:\\\\Users\\\\Danielxpdk\\\\Desktop\\\\Aplicacao-familia-viva\\\\frontend\\\\node_modules\\\\firebase-admin\\\\lib\\\\index.js\"}"}}
[debug] [2025-05-29T19:20:09.703Z] [runtime-status] [9556] Resolved module firebase-functions {"declared":true,"installed":true,"version":"6.3.2","resolution":"C:\\Users\\Danielxpdk\\Desktop\\Aplicacao-familia-viva\\frontend\\node_modules\\firebase-functions\\lib\\v2\\index.js"} {"metadata":{"emulator":{"name":"functions"},"function":{"name":"us-central1-nextssr"},"extension":{},"message":"[runtime-status] [9556] Resolved module firebase-functions {\"declared\":true,\"installed\":true,\"version\":\"6.3.2\",\"resolution\":\"C:\\\\Users\\\\Danielxpdk\\\\Desktop\\\\Aplicacao-familia-viva\\\\frontend\\\\node_modules\\\\firebase-functions\\\\lib\\\\v2\\\\index.js\"}"}}
[debug] [2025-05-29T19:20:09.704Z] [runtime-status] [9556] firebase-admin has been stubbed. {"adminResolution":{"declared":true,"installed":true,"version":"13.4.0","resolution":"C:\\Users\\Danielxpdk\\Desktop\\Aplicacao-familia-viva\\frontend\\node_modules\\firebase-admin\\lib\\index.js"}} {"metadata":{"emulator":{"name":"functions"},"function":{"name":"us-central1-nextssr"},"extension":{},"message":"[runtime-status] [9556] firebase-admin has been stubbed. {\"adminResolution\":{\"declared\":true,\"installed\":true,\"version\":\"13.4.0\",\"resolution\":\"C:\\\\Users\\\\Danielxpdk\\\\Desktop\\\\Aplicacao-familia-viva\\\\frontend\\\\node_modules\\\\firebase-admin\\\\lib\\\\index.js\"}}"}}
[debug] [2025-05-29T19:20:09.950Z] [runtime-status] [576] Functions runtime initialized. {"cwd":"C:\\Users\\Danielxpdk\\Desktop\\Aplicacao-familia-viva\\frontend","node_version":"20.17.0"} {"metadata":{"emulator":{"name":"functions"},"function":{"name":"us-central1-nextssr"},"extension":{},"message":"[runtime-status] [576] Functions runtime initialized. {\"cwd\":\"C:\\\\Users\\\\Danielxpdk\\\\Desktop\\\\Aplicacao-familia-viva\\\\frontend\",\"node_version\":\"20.17.0\"}"}}
[debug] [2025-05-29T19:20:09.951Z] [runtime-status] [576] Listening to port: \\?\pipe\fire_emu_d30e469a117cfcc2 {"metadata":{"emulator":{"name":"functions"},"function":{"name":"us-central1-nextssr"},"extension":{},"message":"[runtime-status] [576] Listening to port: \\\\?\\pipe\\fire_emu_d30e469a117cfcc2"}}
[debug] [2025-05-29T19:20:10.034Z] [worker-us-central1-nextssr-ea3e2665-57ff-45a1-ab5e-cb41a72c8ae8]: IDLE {"metadata":{"emulator":{"name":"functions"},"function":{"name":"us-central1-nextssr"},"extension":{},"message":"[worker-us-central1-nextssr-ea3e2665-57ff-45a1-ab5e-cb41a72c8ae8]: IDLE"}}
[debug] [2025-05-29T19:20:10.034Z] [worker-pool] submitRequest(triggerId=us-central1-nextssr) {"metadata":{"emulator":{"name":"functions"},"message":"[worker-pool] submitRequest(triggerId=us-central1-nextssr)"}}
[info] i  functions: Beginning execution of "us-central1-nextssr" {"metadata":{"emulator":{"name":"functions"},"function":{"name":"us-central1-nextssr"},"extension":{},"message":"Beginning execution of \"us-central1-nextssr\""}}
[debug] [2025-05-29T19:20:10.089Z] [worker-us-central1-nextssr-d906d7b6-62b8-4707-b0a2-780f82f3e176]: BUSY {"metadata":{"emulator":{"name":"functions"},"function":{"name":"us-central1-nextssr"},"extension":{},"message":"[worker-us-central1-nextssr-d906d7b6-62b8-4707-b0a2-780f82f3e176]: BUSY"}}
[debug] [2025-05-29T19:20:10.092Z] [runtime-status] [5620] Functions runtime initialized. {"cwd":"C:\\Users\\Danielxpdk\\Desktop\\Aplicacao-familia-viva\\frontend","node_version":"20.17.0"} {"metadata":{"emulator":{"name":"functions"},"function":{"name":"us-central1-nextssr"},"extension":{},"message":"[runtime-status] [5620] Functions runtime initialized. {\"cwd\":\"C:\\\\Users\\\\Danielxpdk\\\\Desktop\\\\Aplicacao-familia-viva\\\\frontend\",\"node_version\":\"20.17.0\"}"}}
[debug] [2025-05-29T19:20:10.093Z] [runtime-status] [5620] Listening to port: \\?\pipe\fire_emu_40b174499537bbef {"metadata":{"emulator":{"name":"functions"},"function":{"name":"us-central1-nextssr"},"extension":{},"message":"[runtime-status] [5620] Listening to port: \\\\?\\pipe\\fire_emu_40b174499537bbef"}}
[debug] [2025-05-29T19:20:10.098Z] [runtime-status] [12752] Functions runtime initialized. {"cwd":"C:\\Users\\Danielxpdk\\Desktop\\Aplicacao-familia-viva\\frontend","node_version":"20.17.0"} {"metadata":{"emulator":{"name":"functions"},"function":{"name":"us-central1-nextssr"},"extension":{},"message":"[runtime-status] [12752] Functions runtime initialized. {\"cwd\":\"C:\\\\Users\\\\Danielxpdk\\\\Desktop\\\\Aplicacao-familia-viva\\\\frontend\",\"node_version\":\"20.17.0\"}"}}
[debug] [2025-05-29T19:20:10.099Z] [runtime-status] [12752] Listening to port: \\?\pipe\fire_emu_058bc2d4fb6f57ae {"metadata":{"emulator":{"name":"functions"},"function":{"name":"us-central1-nextssr"},"extension":{},"message":"[runtime-status] [12752] Listening to port: \\\\?\\pipe\\fire_emu_058bc2d4fb6f57ae"}}
[debug] [2025-05-29T19:20:10.132Z] Finishing up request with event=pause {"metadata":{"emulator":{"name":"functions"},"function":{"name":"us-central1-nextssr"},"extension":{},"message":"Finishing up request with event=pause"}}
[info] i  functions: Finished "us-central1-nextssr" in 43.3637ms {"metadata":{"emulator":{"name":"functions"},"function":{"name":"us-central1-nextssr"},"extension":{},"message":"Finished \"us-central1-nextssr\" in 43.3637ms"}}
[debug] [2025-05-29T19:20:10.158Z] [worker-us-central1-nextssr-d906d7b6-62b8-4707-b0a2-780f82f3e176]: IDLE {"metadata":{"emulator":{"name":"functions"},"function":{"name":"us-central1-nextssr"},"extension":{},"message":"[worker-us-central1-nextssr-d906d7b6-62b8-4707-b0a2-780f82f3e176]: IDLE"}}
[debug] [2025-05-29T19:20:10.158Z] Finishing up request with event=finish {"metadata":{"emulator":{"name":"functions"},"function":{"name":"us-central1-nextssr"},"extension":{},"message":"Finishing up request with event=finish"}}
[debug] [2025-05-29T19:20:10.158Z] Finishing up request with event=close {"metadata":{"emulator":{"name":"functions"},"function":{"name":"us-central1-nextssr"},"extension":{},"message":"Finishing up request with event=close"}}
[debug] [2025-05-29T19:20:10.158Z] [work-queue] {"queuedWork":[],"queueLength":0,"runningWork":["/familia-viva-recife/us-central1/nextssr/_next/static/chunks/684-eba31c851dc2295d.js-2025-05-29T19:20:03.665Z","/familia-viva-recife/us-central1/nextssr/_next/static/chunks/webpack-0ef715be9e18c719.js-2025-05-29T19:20:03.695Z","/familia-viva-recife/us-central1/nextssr/_next/static/chunks/4bd1b696-cd1290cb101887c7.js-2025-05-29T19:20:03.716Z","/familia-viva-recife/us-central1/nextssr/_next/static/chunks/main-app-43ba455159c4a4e4.js-2025-05-29T19:20:03.734Z"],"workRunningCount":4}
[debug] [2025-05-29T19:20:10.159Z] <<< [apiv2][status] GET http://127.0.0.1:5001/familia-viva-recife/us-central1/nextssr/_next/static/css/095879a2e3e1780a.css 200
[debug] [2025-05-29T19:20:10.160Z] <<< [apiv2][body] GET http://127.0.0.1:5001/familia-viva-recife/us-central1/nextssr/_next/static/css/095879a2e3e1780a.css [stream]
[info] i  hosting: 127.0.0.1 - - [29/May/2025:19:20:10 +0000] "GET /_next/static/css/095879a2e3e1780a.css HTTP/1.1" 200 9542 "http://127.0.0.1:5000/" "Mozilla/5.0 (Windows NT 10.0; Win64; x64) AppleWebKit/537.36 (KHTML, like Gecko) Chrome/136.0.0.0 Safari/537.36 Edg/136.0.0.0" {"metadata":{"emulator":{"name":"hosting"},"message":"127.0.0.1 - - [29/May/2025:19:20:10 +0000] \"GET /_next/static/css/095879a2e3e1780a.css HTTP/1.1\" 200 9542 \"http://127.0.0.1:5000/\" \"Mozilla/5.0 (Windows NT 10.0; Win64; x64) AppleWebKit/537.36 (KHTML, like Gecko) Chrome/136.0.0.0 Safari/537.36 Edg/136.0.0.0\""}}
[debug] [2025-05-29T19:20:10.178Z] [runtime-status] [13852] Functions runtime initialized. {"cwd":"C:\\Users\\Danielxpdk\\Desktop\\Aplicacao-familia-viva\\frontend","node_version":"20.17.0"} {"metadata":{"emulator":{"name":"functions"},"function":{"name":"us-central1-nextssr"},"extension":{},"message":"[runtime-status] [13852] Functions runtime initialized. {\"cwd\":\"C:\\\\Users\\\\Danielxpdk\\\\Desktop\\\\Aplicacao-familia-viva\\\\frontend\",\"node_version\":\"20.17.0\"}"}}
[debug] [2025-05-29T19:20:10.178Z] [runtime-status] [13852] Listening to port: \\?\pipe\fire_emu_9e99ebb3253ea912 {"metadata":{"emulator":{"name":"functions"},"function":{"name":"us-central1-nextssr"},"extension":{},"message":"[runtime-status] [13852] Listening to port: \\\\?\\pipe\\fire_emu_9e99ebb3253ea912"}}
[debug] [2025-05-29T19:20:10.183Z] [worker-us-central1-nextssr-04a77653-b7dd-4019-b6da-a3388e629c3b]: IDLE {"metadata":{"emulator":{"name":"functions"},"function":{"name":"us-central1-nextssr"},"extension":{},"message":"[worker-us-central1-nextssr-04a77653-b7dd-4019-b6da-a3388e629c3b]: IDLE"}}
[debug] [2025-05-29T19:20:10.184Z] [worker-pool] submitRequest(triggerId=us-central1-nextssr) {"metadata":{"emulator":{"name":"functions"},"message":"[worker-pool] submitRequest(triggerId=us-central1-nextssr)"}}
[info] i  functions: Beginning execution of "us-central1-nextssr" {"metadata":{"emulator":{"name":"functions"},"function":{"name":"us-central1-nextssr"},"extension":{},"message":"Beginning execution of \"us-central1-nextssr\""}}
[debug] [2025-05-29T19:20:10.218Z] [worker-us-central1-nextssr-d906d7b6-62b8-4707-b0a2-780f82f3e176]: BUSY {"metadata":{"emulator":{"name":"functions"},"function":{"name":"us-central1-nextssr"},"extension":{},"message":"[worker-us-central1-nextssr-d906d7b6-62b8-4707-b0a2-780f82f3e176]: BUSY"}}
[debug] [2025-05-29T19:20:10.244Z] [worker-us-central1-nextssr-89f52e74-da14-4caf-bf86-8ed4e8d37581]: IDLE {"metadata":{"emulator":{"name":"functions"},"function":{"name":"us-central1-nextssr"},"extension":{},"message":"[worker-us-central1-nextssr-89f52e74-da14-4caf-bf86-8ed4e8d37581]: IDLE"}}
[debug] [2025-05-29T19:20:10.247Z] [worker-pool] submitRequest(triggerId=us-central1-nextssr) {"metadata":{"emulator":{"name":"functions"},"message":"[worker-pool] submitRequest(triggerId=us-central1-nextssr)"}}
[info] i  functions: Beginning execution of "us-central1-nextssr" {"metadata":{"emulator":{"name":"functions"},"function":{"name":"us-central1-nextssr"},"extension":{},"message":"Beginning execution of \"us-central1-nextssr\""}}
[debug] [2025-05-29T19:20:10.254Z] [worker-us-central1-nextssr-ea3e2665-57ff-45a1-ab5e-cb41a72c8ae8]: BUSY {"metadata":{"emulator":{"name":"functions"},"function":{"name":"us-central1-nextssr"},"extension":{},"message":"[worker-us-central1-nextssr-ea3e2665-57ff-45a1-ab5e-cb41a72c8ae8]: BUSY"}}
[debug] [2025-05-29T19:20:10.268Z] [worker-us-central1-nextssr-cfeb0f11-f7dc-44e2-95ca-e5e1e51a641b]: IDLE {"metadata":{"emulator":{"name":"functions"},"function":{"name":"us-central1-nextssr"},"extension":{},"message":"[worker-us-central1-nextssr-cfeb0f11-f7dc-44e2-95ca-e5e1e51a641b]: IDLE"}}
[debug] [2025-05-29T19:20:10.268Z] [worker-pool] submitRequest(triggerId=us-central1-nextssr) {"metadata":{"emulator":{"name":"functions"},"message":"[worker-pool] submitRequest(triggerId=us-central1-nextssr)"}}
[info] i  functions: Beginning execution of "us-central1-nextssr" {"metadata":{"emulator":{"name":"functions"},"function":{"name":"us-central1-nextssr"},"extension":{},"message":"Beginning execution of \"us-central1-nextssr\""}}
[debug] [2025-05-29T19:20:10.294Z] [worker-us-central1-nextssr-89f52e74-da14-4caf-bf86-8ed4e8d37581]: BUSY {"metadata":{"emulator":{"name":"functions"},"function":{"name":"us-central1-nextssr"},"extension":{},"message":"[worker-us-central1-nextssr-89f52e74-da14-4caf-bf86-8ed4e8d37581]: BUSY"}}
[debug] [2025-05-29T19:20:10.296Z] Finishing up request with event=pause {"metadata":{"emulator":{"name":"functions"},"function":{"name":"us-central1-nextssr"},"extension":{},"message":"Finishing up request with event=pause"}}
[info] i  functions: Finished "us-central1-nextssr" in 78.2681ms {"metadata":{"emulator":{"name":"functions"},"function":{"name":"us-central1-nextssr"},"extension":{},"message":"Finished \"us-central1-nextssr\" in 78.2681ms"}}
[debug] [2025-05-29T19:20:10.298Z] [worker-us-central1-nextssr-d906d7b6-62b8-4707-b0a2-780f82f3e176]: IDLE {"metadata":{"emulator":{"name":"functions"},"function":{"name":"us-central1-nextssr"},"extension":{},"message":"[worker-us-central1-nextssr-d906d7b6-62b8-4707-b0a2-780f82f3e176]: IDLE"}}
[debug] [2025-05-29T19:20:10.299Z] [work-queue] {"queuedWork":[],"queueLength":0,"runningWork":["/familia-viva-recife/us-central1/nextssr/_next/static/chunks/684-eba31c851dc2295d.js-2025-05-29T19:20:03.665Z","/familia-viva-recife/us-central1/nextssr/_next/static/chunks/webpack-0ef715be9e18c719.js-2025-05-29T19:20:03.695Z","/familia-viva-recife/us-central1/nextssr/_next/static/chunks/main-app-43ba455159c4a4e4.js-2025-05-29T19:20:03.734Z"],"workRunningCount":3}
[debug] [2025-05-29T19:20:10.300Z] <<< [apiv2][status] GET http://127.0.0.1:5001/familia-viva-recife/us-central1/nextssr/_next/static/chunks/4bd1b696-cd1290cb101887c7.js 200
[debug] [2025-05-29T19:20:10.300Z] <<< [apiv2][body] GET http://127.0.0.1:5001/familia-viva-recife/us-central1/nextssr/_next/static/chunks/4bd1b696-cd1290cb101887c7.js [stream]
[debug] [2025-05-29T19:20:10.302Z] Finishing up request with event=pause {"metadata":{"emulator":{"name":"functions"},"function":{"name":"us-central1-nextssr"},"extension":{},"message":"Finishing up request with event=pause"}}
[debug] [2025-05-29T19:20:10.303Z] Finishing up request with event=pause {"metadata":{"emulator":{"name":"functions"},"function":{"name":"us-central1-nextssr"},"extension":{},"message":"Finishing up request with event=pause"}}
[debug] [2025-05-29T19:20:10.303Z] Finishing up request with event=finish {"metadata":{"emulator":{"name":"functions"},"function":{"name":"us-central1-nextssr"},"extension":{},"message":"Finishing up request with event=finish"}}
[debug] [2025-05-29T19:20:10.303Z] Finishing up request with event=close {"metadata":{"emulator":{"name":"functions"},"function":{"name":"us-central1-nextssr"},"extension":{},"message":"Finishing up request with event=close"}}
[info] i  hosting: 127.0.0.1 - - [29/May/2025:19:20:10 +0000] "GET /_next/static/chunks/4bd1b696-cd1290cb101887c7.js HTTP/1.1" 200 169106 "http://127.0.0.1:5000/" "Mozilla/5.0 (Windows NT 10.0; Win64; x64) AppleWebKit/537.36 (KHTML, like Gecko) Chrome/136.0.0.0 Safari/537.36 Edg/136.0.0.0" {"metadata":{"emulator":{"name":"hosting"},"message":"127.0.0.1 - - [29/May/2025:19:20:10 +0000] \"GET /_next/static/chunks/4bd1b696-cd1290cb101887c7.js HTTP/1.1\" 200 169106 \"http://127.0.0.1:5000/\" \"Mozilla/5.0 (Windows NT 10.0; Win64; x64) AppleWebKit/537.36 (KHTML, like Gecko) Chrome/136.0.0.0 Safari/537.36 Edg/136.0.0.0\""}}
[debug] [2025-05-29T19:20:10.440Z] [runtime-status] [9556] Functions runtime initialized. {"cwd":"C:\\Users\\Danielxpdk\\Desktop\\Aplicacao-familia-viva\\frontend","node_version":"20.17.0"} {"metadata":{"emulator":{"name":"functions"},"function":{"name":"us-central1-nextssr"},"extension":{},"message":"[runtime-status] [9556] Functions runtime initialized. {\"cwd\":\"C:\\\\Users\\\\Danielxpdk\\\\Desktop\\\\Aplicacao-familia-viva\\\\frontend\",\"node_version\":\"20.17.0\"}"}}
[debug] [2025-05-29T19:20:10.443Z] [runtime-status] [9556] Listening to port: \\?\pipe\fire_emu_497e128ed4c17084 {"metadata":{"emulator":{"name":"functions"},"function":{"name":"us-central1-nextssr"},"extension":{},"message":"[runtime-status] [9556] Listening to port: \\\\?\\pipe\\fire_emu_497e128ed4c17084"}}
[debug] [2025-05-29T19:20:10.509Z] [worker-us-central1-nextssr-5cfe5c8c-1817-4ecb-9501-a83ff42a8866]: IDLE {"metadata":{"emulator":{"name":"functions"},"function":{"name":"us-central1-nextssr"},"extension":{},"message":"[worker-us-central1-nextssr-5cfe5c8c-1817-4ecb-9501-a83ff42a8866]: IDLE"}}
[debug] [2025-05-29T19:20:10.510Z] [worker-pool] submitRequest(triggerId=us-central1-nextssr) {"metadata":{"emulator":{"name":"functions"},"message":"[worker-pool] submitRequest(triggerId=us-central1-nextssr)"}}
[info] i  functions: Beginning execution of "us-central1-nextssr" {"metadata":{"emulator":{"name":"functions"},"function":{"name":"us-central1-nextssr"},"extension":{},"message":"Beginning execution of \"us-central1-nextssr\""}}
[debug] [2025-05-29T19:20:10.518Z] [worker-us-central1-nextssr-d906d7b6-62b8-4707-b0a2-780f82f3e176]: BUSY {"metadata":{"emulator":{"name":"functions"},"function":{"name":"us-central1-nextssr"},"extension":{},"message":"[worker-us-central1-nextssr-d906d7b6-62b8-4707-b0a2-780f82f3e176]: BUSY"}}
[debug] [2025-05-29T19:20:10.560Z] Finishing up request with event=pause {"metadata":{"emulator":{"name":"functions"},"function":{"name":"us-central1-nextssr"},"extension":{},"message":"Finishing up request with event=pause"}}
[info] i  functions: Finished "us-central1-nextssr" in 42.3025ms {"metadata":{"emulator":{"name":"functions"},"function":{"name":"us-central1-nextssr"},"extension":{},"message":"Finished \"us-central1-nextssr\" in 42.3025ms"}}
[debug] [2025-05-29T19:20:10.561Z] [worker-us-central1-nextssr-d906d7b6-62b8-4707-b0a2-780f82f3e176]: IDLE {"metadata":{"emulator":{"name":"functions"},"function":{"name":"us-central1-nextssr"},"extension":{},"message":"[worker-us-central1-nextssr-d906d7b6-62b8-4707-b0a2-780f82f3e176]: IDLE"}}
[debug] [2025-05-29T19:20:10.562Z] [work-queue] {"queuedWork":[],"queueLength":0,"runningWork":["/familia-viva-recife/us-central1/nextssr/_next/static/chunks/webpack-0ef715be9e18c719.js-2025-05-29T19:20:03.695Z","/familia-viva-recife/us-central1/nextssr/_next/static/chunks/main-app-43ba455159c4a4e4.js-2025-05-29T19:20:03.734Z"],"workRunningCount":2}
[debug] [2025-05-29T19:20:10.564Z] <<< [apiv2][status] GET http://127.0.0.1:5001/familia-viva-recife/us-central1/nextssr/_next/static/chunks/684-eba31c851dc2295d.js 200
[debug] [2025-05-29T19:20:10.564Z] <<< [apiv2][body] GET http://127.0.0.1:5001/familia-viva-recife/us-central1/nextssr/_next/static/chunks/684-eba31c851dc2295d.js [stream]
[debug] [2025-05-29T19:20:10.566Z] Finishing up request with event=pause {"metadata":{"emulator":{"name":"functions"},"function":{"name":"us-central1-nextssr"},"extension":{},"message":"Finishing up request with event=pause"}}
[debug] [2025-05-29T19:20:10.567Z] Finishing up request with event=pause {"metadata":{"emulator":{"name":"functions"},"function":{"name":"us-central1-nextssr"},"extension":{},"message":"Finishing up request with event=pause"}}
[debug] [2025-05-29T19:20:10.568Z] Finishing up request with event=pause {"metadata":{"emulator":{"name":"functions"},"function":{"name":"us-central1-nextssr"},"extension":{},"message":"Finishing up request with event=pause"}}
[debug] [2025-05-29T19:20:10.568Z] Finishing up request with event=finish {"metadata":{"emulator":{"name":"functions"},"function":{"name":"us-central1-nextssr"},"extension":{},"message":"Finishing up request with event=finish"}}
[debug] [2025-05-29T19:20:10.569Z] Finishing up request with event=close {"metadata":{"emulator":{"name":"functions"},"function":{"name":"us-central1-nextssr"},"extension":{},"message":"Finishing up request with event=close"}}
[info] i  hosting: 127.0.0.1 - - [29/May/2025:19:20:10 +0000] "GET /_next/static/chunks/684-eba31c851dc2295d.js HTTP/1.1" 200 172958 "http://127.0.0.1:5000/" "Mozilla/5.0 (Windows NT 10.0; Win64; x64) AppleWebKit/537.36 (KHTML, like Gecko) Chrome/136.0.0.0 Safari/537.36 Edg/136.0.0.0" {"metadata":{"emulator":{"name":"hosting"},"message":"127.0.0.1 - - [29/May/2025:19:20:10 +0000] \"GET /_next/static/chunks/684-eba31c851dc2295d.js HTTP/1.1\" 200 172958 \"http://127.0.0.1:5000/\" \"Mozilla/5.0 (Windows NT 10.0; Win64; x64) AppleWebKit/537.36 (KHTML, like Gecko) Chrome/136.0.0.0 Safari/537.36 Edg/136.0.0.0\""}}
[debug] [2025-05-29T19:20:11.729Z] Finishing up request with event=pause {"metadata":{"emulator":{"name":"functions"},"function":{"name":"us-central1-nextssr"},"extension":{},"message":"Finishing up request with event=pause"}}
[info] i  functions: Finished "us-central1-nextssr" in 1474.7739000000001ms {"metadata":{"emulator":{"name":"functions"},"function":{"name":"us-central1-nextssr"},"extension":{},"message":"Finished \"us-central1-nextssr\" in 1474.7739000000001ms"}}
[debug] [2025-05-29T19:20:11.729Z] [worker-us-central1-nextssr-ea3e2665-57ff-45a1-ab5e-cb41a72c8ae8]: IDLE {"metadata":{"emulator":{"name":"functions"},"function":{"name":"us-central1-nextssr"},"extension":{},"message":"[worker-us-central1-nextssr-ea3e2665-57ff-45a1-ab5e-cb41a72c8ae8]: IDLE"}}
[debug] [2025-05-29T19:20:11.730Z] Finishing up request with event=finish {"metadata":{"emulator":{"name":"functions"},"function":{"name":"us-central1-nextssr"},"extension":{},"message":"Finishing up request with event=finish"}}
[debug] [2025-05-29T19:20:11.730Z] Finishing up request with event=close {"metadata":{"emulator":{"name":"functions"},"function":{"name":"us-central1-nextssr"},"extension":{},"message":"Finishing up request with event=close"}}
[debug] [2025-05-29T19:20:11.730Z] [work-queue] {"queuedWork":[],"queueLength":0,"runningWork":["/familia-viva-recife/us-central1/nextssr/_next/static/chunks/main-app-43ba455159c4a4e4.js-2025-05-29T19:20:03.734Z"],"workRunningCount":1}
[debug] [2025-05-29T19:20:11.731Z] <<< [apiv2][status] GET http://127.0.0.1:5001/familia-viva-recife/us-central1/nextssr/_next/static/chunks/webpack-0ef715be9e18c719.js 200
[debug] [2025-05-29T19:20:11.731Z] <<< [apiv2][body] GET http://127.0.0.1:5001/familia-viva-recife/us-central1/nextssr/_next/static/chunks/webpack-0ef715be9e18c719.js [stream]
[info] i  hosting: 127.0.0.1 - - [29/May/2025:19:20:11 +0000] "GET /_next/static/chunks/webpack-0ef715be9e18c719.js HTTP/1.1" 200 4907 "http://127.0.0.1:5000/" "Mozilla/5.0 (Windows NT 10.0; Win64; x64) AppleWebKit/537.36 (KHTML, like Gecko) Chrome/136.0.0.0 Safari/537.36 Edg/136.0.0.0" {"metadata":{"emulator":{"name":"hosting"},"message":"127.0.0.1 - - [29/May/2025:19:20:11 +0000] \"GET /_next/static/chunks/webpack-0ef715be9e18c719.js HTTP/1.1\" 200 4907 \"http://127.0.0.1:5000/\" \"Mozilla/5.0 (Windows NT 10.0; Win64; x64) AppleWebKit/537.36 (KHTML, like Gecko) Chrome/136.0.0.0 Safari/537.36 Edg/136.0.0.0\""}}
[debug] [2025-05-29T19:20:11.831Z] Finishing up request with event=pause {"metadata":{"emulator":{"name":"functions"},"function":{"name":"us-central1-nextssr"},"extension":{},"message":"Finishing up request with event=pause"}}
[info] i  functions: Finished "us-central1-nextssr" in 1537.8084ms {"metadata":{"emulator":{"name":"functions"},"function":{"name":"us-central1-nextssr"},"extension":{},"message":"Finished \"us-central1-nextssr\" in 1537.8084ms"}}
[debug] [2025-05-29T19:20:11.832Z] [worker-us-central1-nextssr-89f52e74-da14-4caf-bf86-8ed4e8d37581]: IDLE {"metadata":{"emulator":{"name":"functions"},"function":{"name":"us-central1-nextssr"},"extension":{},"message":"[worker-us-central1-nextssr-89f52e74-da14-4caf-bf86-8ed4e8d37581]: IDLE"}}
[debug] [2025-05-29T19:20:11.832Z] Finishing up request with event=finish {"metadata":{"emulator":{"name":"functions"},"function":{"name":"us-central1-nextssr"},"extension":{},"message":"Finishing up request with event=finish"}}
[debug] [2025-05-29T19:20:11.833Z] Finishing up request with event=close {"metadata":{"emulator":{"name":"functions"},"function":{"name":"us-central1-nextssr"},"extension":{},"message":"Finishing up request with event=close"}}
[debug] [2025-05-29T19:20:11.833Z] [work-queue] {"queuedWork":[],"queueLength":0,"runningWork":[],"workRunningCount":0}
[debug] [2025-05-29T19:20:11.833Z] <<< [apiv2][status] GET http://127.0.0.1:5001/familia-viva-recife/us-central1/nextssr/_next/static/chunks/main-app-43ba455159c4a4e4.js 200
[debug] [2025-05-29T19:20:11.834Z] <<< [apiv2][body] GET http://127.0.0.1:5001/familia-viva-recife/us-central1/nextssr/_next/static/chunks/main-app-43ba455159c4a4e4.js [stream]
[info] i  hosting: 127.0.0.1 - - [29/May/2025:19:20:11 +0000] "GET /_next/static/chunks/main-app-43ba455159c4a4e4.js HTTP/1.1" 200 504 "http://127.0.0.1:5000/" "Mozilla/5.0 (Windows NT 10.0; Win64; x64) AppleWebKit/537.36 (KHTML, like Gecko) Chrome/136.0.0.0 Safari/537.36 Edg/136.0.0.0" {"metadata":{"emulator":{"name":"hosting"},"message":"127.0.0.1 - - [29/May/2025:19:20:11 +0000] \"GET /_next/static/chunks/main-app-43ba455159c4a4e4.js HTTP/1.1\" 200 504 \"http://127.0.0.1:5000/\" \"Mozilla/5.0 (Windows NT 10.0; Win64; x64) AppleWebKit/537.36 (KHTML, like Gecko) Chrome/136.0.0.0 Safari/537.36 Edg/136.0.0.0\""}}
[info] [hosting] Rewriting /undefined/firebase/pages?category=projects to http://127.0.0.1:5001/familia-viva-recife/us-central1/nextssr for local Function us-central1/nextssr
[debug] [2025-05-29T19:20:11.963Z] >>> [apiv2][query] GET http://127.0.0.1:5001/familia-viva-recife/us-central1/nextssr/undefined/firebase/pages category=projects
[debug] [2025-05-29T19:20:11.969Z] [work-queue] {"queuedWork":["/familia-viva-recife/us-central1/nextssr/undefined/firebase/pages-2025-05-29T19:20:11.969Z"],"queueLength":1,"runningWork":[],"workRunningCount":0}
[debug] [2025-05-29T19:20:11.969Z] [work-queue] {"queuedWork":[],"queueLength":0,"runningWork":["/familia-viva-recife/us-central1/nextssr/undefined/firebase/pages-2025-05-29T19:20:11.969Z"],"workRunningCount":1}
[debug] [2025-05-29T19:20:11.969Z] Accepted request GET /familia-viva-recife/us-central1/nextssr/undefined/firebase/pages?category=projects --> us-central1-nextssr
[debug] [2025-05-29T19:20:11.970Z] [functions] Runtime ready! Sending request! {"metadata":{"emulator":{"name":"functions"},"message":"[functions] Runtime ready! Sending request!"}}
[debug] [2025-05-29T19:20:11.970Z] [functions] Got req.url=/familia-viva-recife/us-central1/nextssr/undefined/firebase/pages?category=projects, mapping to path=/undefined/firebase/pages?category=projects {"metadata":{"emulator":{"name":"functions"},"message":"[functions] Got req.url=/familia-viva-recife/us-central1/nextssr/undefined/firebase/pages?category=projects, mapping to path=/undefined/firebase/pages?category=projects"}}
[debug] [2025-05-29T19:20:11.970Z] [worker-pool] submitRequest(triggerId=us-central1-nextssr) {"metadata":{"emulator":{"name":"functions"},"message":"[worker-pool] submitRequest(triggerId=us-central1-nextssr)"}}
[info] i  functions: Beginning execution of "us-central1-nextssr" {"metadata":{"emulator":{"name":"functions"},"function":{"name":"us-central1-nextssr"},"extension":{},"message":"Beginning execution of \"us-central1-nextssr\""}}
[debug] [2025-05-29T19:20:11.976Z] [worker-us-central1-nextssr-d906d7b6-62b8-4707-b0a2-780f82f3e176]: BUSY {"metadata":{"emulator":{"name":"functions"},"function":{"name":"us-central1-nextssr"},"extension":{},"message":"[worker-us-central1-nextssr-d906d7b6-62b8-4707-b0a2-780f82f3e176]: BUSY"}}
[info] [hosting] Rewriting /undefined/firebase/list?category=gallery to http://127.0.0.1:5001/familia-viva-recife/us-central1/nextssr for local Function us-central1/nextssr
[debug] [2025-05-29T19:20:11.981Z] >>> [apiv2][query] GET http://127.0.0.1:5001/familia-viva-recife/us-central1/nextssr/undefined/firebase/list category=gallery
[info] [hosting] Rewriting /undefined/events to http://127.0.0.1:5001/familia-viva-recife/us-central1/nextssr for local Function us-central1/nextssr
[debug] [2025-05-29T19:20:11.986Z] >>> [apiv2][query] GET http://127.0.0.1:5001/familia-viva-recife/us-central1/nextssr/undefined/events 
[info] [hosting] Rewriting /undefined/sobre to http://127.0.0.1:5001/familia-viva-recife/us-central1/nextssr for local Function us-central1/nextssr
[debug] [2025-05-29T19:20:11.988Z] >>> [apiv2][query] GET http://127.0.0.1:5001/familia-viva-recife/us-central1/nextssr/undefined/sobre 
[info] [hosting] Rewriting /undefined/banner to http://127.0.0.1:5001/familia-viva-recife/us-central1/nextssr for local Function us-central1/nextssr
[debug] [2025-05-29T19:20:11.991Z] >>> [apiv2][query] GET http://127.0.0.1:5001/familia-viva-recife/us-central1/nextssr/undefined/banner 
[info] [hosting] Rewriting /undefined/footer to http://127.0.0.1:5001/familia-viva-recife/us-central1/nextssr for local Function us-central1/nextssr
[debug] [2025-05-29T19:20:11.998Z] >>> [apiv2][query] GET http://127.0.0.1:5001/familia-viva-recife/us-central1/nextssr/undefined/footer 
[debug] [2025-05-29T19:20:12.000Z] [work-queue] {"queuedWork":["/familia-viva-recife/us-central1/nextssr/undefined/firebase/list-2025-05-29T19:20:12.000Z"],"queueLength":1,"runningWork":["/familia-viva-recife/us-central1/nextssr/undefined/firebase/pages-2025-05-29T19:20:11.969Z"],"workRunningCount":1}
[debug] [2025-05-29T19:20:12.000Z] [work-queue] {"queuedWork":[],"queueLength":0,"runningWork":["/familia-viva-recife/us-central1/nextssr/undefined/firebase/pages-2025-05-29T19:20:11.969Z","/familia-viva-recife/us-central1/nextssr/undefined/firebase/list-2025-05-29T19:20:12.000Z"],"workRunningCount":2}
[debug] [2025-05-29T19:20:12.000Z] Accepted request GET /familia-viva-recife/us-central1/nextssr/undefined/firebase/list?category=gallery --> us-central1-nextssr
[debug] [2025-05-29T19:20:12.001Z] [functions] Runtime ready! Sending request! {"metadata":{"emulator":{"name":"functions"},"message":"[functions] Runtime ready! Sending request!"}}
[debug] [2025-05-29T19:20:12.001Z] [functions] Got req.url=/familia-viva-recife/us-central1/nextssr/undefined/firebase/list?category=gallery, mapping to path=/undefined/firebase/list?category=gallery {"metadata":{"emulator":{"name":"functions"},"message":"[functions] Got req.url=/familia-viva-recife/us-central1/nextssr/undefined/firebase/list?category=gallery, mapping to path=/undefined/firebase/list?category=gallery"}}
[debug] [2025-05-29T19:20:12.001Z] [worker-pool] submitRequest(triggerId=us-central1-nextssr) {"metadata":{"emulator":{"name":"functions"},"message":"[worker-pool] submitRequest(triggerId=us-central1-nextssr)"}}
[info] i  functions: Beginning execution of "us-central1-nextssr" {"metadata":{"emulator":{"name":"functions"},"function":{"name":"us-central1-nextssr"},"extension":{},"message":"Beginning execution of \"us-central1-nextssr\""}}
[debug] [2025-05-29T19:20:12.002Z] [worker-us-central1-nextssr-ea3e2665-57ff-45a1-ab5e-cb41a72c8ae8]: BUSY {"metadata":{"emulator":{"name":"functions"},"function":{"name":"us-central1-nextssr"},"extension":{},"message":"[worker-us-central1-nextssr-ea3e2665-57ff-45a1-ab5e-cb41a72c8ae8]: BUSY"}}
[debug] [2025-05-29T19:20:12.003Z] [work-queue] {"queuedWork":["/familia-viva-recife/us-central1/nextssr/undefined/events-2025-05-29T19:20:12.003Z"],"queueLength":1,"runningWork":["/familia-viva-recife/us-central1/nextssr/undefined/firebase/pages-2025-05-29T19:20:11.969Z","/familia-viva-recife/us-central1/nextssr/undefined/firebase/list-2025-05-29T19:20:12.000Z"],"workRunningCount":2}
[debug] [2025-05-29T19:20:12.004Z] [work-queue] {"queuedWork":[],"queueLength":0,"runningWork":["/familia-viva-recife/us-central1/nextssr/undefined/firebase/pages-2025-05-29T19:20:11.969Z","/familia-viva-recife/us-central1/nextssr/undefined/firebase/list-2025-05-29T19:20:12.000Z","/familia-viva-recife/us-central1/nextssr/undefined/events-2025-05-29T19:20:12.003Z"],"workRunningCount":3}
[debug] [2025-05-29T19:20:12.004Z] Accepted request GET /familia-viva-recife/us-central1/nextssr/undefined/events --> us-central1-nextssr
[debug] [2025-05-29T19:20:12.004Z] [functions] Runtime ready! Sending request! {"metadata":{"emulator":{"name":"functions"},"message":"[functions] Runtime ready! Sending request!"}}
[debug] [2025-05-29T19:20:12.005Z] [functions] Got req.url=/familia-viva-recife/us-central1/nextssr/undefined/events, mapping to path=/undefined/events {"metadata":{"emulator":{"name":"functions"},"message":"[functions] Got req.url=/familia-viva-recife/us-central1/nextssr/undefined/events, mapping to path=/undefined/events"}}
[debug] [2025-05-29T19:20:12.005Z] [worker-pool] submitRequest(triggerId=us-central1-nextssr) {"metadata":{"emulator":{"name":"functions"},"message":"[worker-pool] submitRequest(triggerId=us-central1-nextssr)"}}
[info] i  functions: Beginning execution of "us-central1-nextssr" {"metadata":{"emulator":{"name":"functions"},"function":{"name":"us-central1-nextssr"},"extension":{},"message":"Beginning execution of \"us-central1-nextssr\""}}
[debug] [2025-05-29T19:20:12.006Z] [worker-us-central1-nextssr-5cfe5c8c-1817-4ecb-9501-a83ff42a8866]: BUSY {"metadata":{"emulator":{"name":"functions"},"function":{"name":"us-central1-nextssr"},"extension":{},"message":"[worker-us-central1-nextssr-5cfe5c8c-1817-4ecb-9501-a83ff42a8866]: BUSY"}}
[debug] [2025-05-29T19:20:12.007Z] [work-queue] {"queuedWork":["/familia-viva-recife/us-central1/nextssr/undefined/sobre-2025-05-29T19:20:12.007Z"],"queueLength":1,"runningWork":["/familia-viva-recife/us-central1/nextssr/undefined/firebase/pages-2025-05-29T19:20:11.969Z","/familia-viva-recife/us-central1/nextssr/undefined/firebase/list-2025-05-29T19:20:12.000Z","/familia-viva-recife/us-central1/nextssr/undefined/events-2025-05-29T19:20:12.003Z"],"workRunningCount":3}
[debug] [2025-05-29T19:20:12.007Z] [work-queue] {"queuedWork":[],"queueLength":0,"runningWork":["/familia-viva-recife/us-central1/nextssr/undefined/firebase/pages-2025-05-29T19:20:11.969Z","/familia-viva-recife/us-central1/nextssr/undefined/firebase/list-2025-05-29T19:20:12.000Z","/familia-viva-recife/us-central1/nextssr/undefined/events-2025-05-29T19:20:12.003Z","/familia-viva-recife/us-central1/nextssr/undefined/sobre-2025-05-29T19:20:12.007Z"],"workRunningCount":4}
[debug] [2025-05-29T19:20:12.007Z] Accepted request GET /familia-viva-recife/us-central1/nextssr/undefined/sobre --> us-central1-nextssr
[debug] [2025-05-29T19:20:12.008Z] [functions] Runtime ready! Sending request! {"metadata":{"emulator":{"name":"functions"},"message":"[functions] Runtime ready! Sending request!"}}
[debug] [2025-05-29T19:20:12.008Z] [functions] Got req.url=/familia-viva-recife/us-central1/nextssr/undefined/sobre, mapping to path=/undefined/sobre {"metadata":{"emulator":{"name":"functions"},"message":"[functions] Got req.url=/familia-viva-recife/us-central1/nextssr/undefined/sobre, mapping to path=/undefined/sobre"}}
[debug] [2025-05-29T19:20:12.009Z] [worker-pool] submitRequest(triggerId=us-central1-nextssr) {"metadata":{"emulator":{"name":"functions"},"message":"[worker-pool] submitRequest(triggerId=us-central1-nextssr)"}}
[info] i  functions: Beginning execution of "us-central1-nextssr" {"metadata":{"emulator":{"name":"functions"},"function":{"name":"us-central1-nextssr"},"extension":{},"message":"Beginning execution of \"us-central1-nextssr\""}}
[debug] [2025-05-29T19:20:12.019Z] [worker-us-central1-nextssr-89f52e74-da14-4caf-bf86-8ed4e8d37581]: BUSY {"metadata":{"emulator":{"name":"functions"},"function":{"name":"us-central1-nextssr"},"extension":{},"message":"[worker-us-central1-nextssr-89f52e74-da14-4caf-bf86-8ed4e8d37581]: BUSY"}}
[debug] [2025-05-29T19:20:12.021Z] [work-queue] {"queuedWork":["/familia-viva-recife/us-central1/nextssr/undefined/banner-2025-05-29T19:20:12.021Z"],"queueLength":1,"runningWork":["/familia-viva-recife/us-central1/nextssr/undefined/firebase/pages-2025-05-29T19:20:11.969Z","/familia-viva-recife/us-central1/nextssr/undefined/firebase/list-2025-05-29T19:20:12.000Z","/familia-viva-recife/us-central1/nextssr/undefined/events-2025-05-29T19:20:12.003Z","/familia-viva-recife/us-central1/nextssr/undefined/sobre-2025-05-29T19:20:12.007Z"],"workRunningCount":4}
[debug] [2025-05-29T19:20:12.022Z] [work-queue] {"queuedWork":[],"queueLength":0,"runningWork":["/familia-viva-recife/us-central1/nextssr/undefined/firebase/pages-2025-05-29T19:20:11.969Z","/familia-viva-recife/us-central1/nextssr/undefined/firebase/list-2025-05-29T19:20:12.000Z","/familia-viva-recife/us-central1/nextssr/undefined/events-2025-05-29T19:20:12.003Z","/familia-viva-recife/us-central1/nextssr/undefined/sobre-2025-05-29T19:20:12.007Z","/familia-viva-recife/us-central1/nextssr/undefined/banner-2025-05-29T19:20:12.021Z"],"workRunningCount":5}
[debug] [2025-05-29T19:20:12.022Z] Accepted request GET /familia-viva-recife/us-central1/nextssr/undefined/banner --> us-central1-nextssr
[debug] [2025-05-29T19:20:12.023Z] [functions] Runtime ready! Sending request! {"metadata":{"emulator":{"name":"functions"},"message":"[functions] Runtime ready! Sending request!"}}
[debug] [2025-05-29T19:20:12.023Z] [functions] Got req.url=/familia-viva-recife/us-central1/nextssr/undefined/banner, mapping to path=/undefined/banner {"metadata":{"emulator":{"name":"functions"},"message":"[functions] Got req.url=/familia-viva-recife/us-central1/nextssr/undefined/banner, mapping to path=/undefined/banner"}}
[debug] [2025-05-29T19:20:12.023Z] [worker-pool] submitRequest(triggerId=us-central1-nextssr) {"metadata":{"emulator":{"name":"functions"},"message":"[worker-pool] submitRequest(triggerId=us-central1-nextssr)"}}
[info] i  functions: Beginning execution of "us-central1-nextssr" {"metadata":{"emulator":{"name":"functions"},"function":{"name":"us-central1-nextssr"},"extension":{},"message":"Beginning execution of \"us-central1-nextssr\""}}
[debug] [2025-05-29T19:20:12.029Z] [worker-us-central1-nextssr-04a77653-b7dd-4019-b6da-a3388e629c3b]: BUSY {"metadata":{"emulator":{"name":"functions"},"function":{"name":"us-central1-nextssr"},"extension":{},"message":"[worker-us-central1-nextssr-04a77653-b7dd-4019-b6da-a3388e629c3b]: BUSY"}}
[debug] [2025-05-29T19:20:12.031Z] [work-queue] {"queuedWork":["/familia-viva-recife/us-central1/nextssr/undefined/footer-2025-05-29T19:20:12.031Z"],"queueLength":1,"runningWork":["/familia-viva-recife/us-central1/nextssr/undefined/firebase/pages-2025-05-29T19:20:11.969Z","/familia-viva-recife/us-central1/nextssr/undefined/firebase/list-2025-05-29T19:20:12.000Z","/familia-viva-recife/us-central1/nextssr/undefined/events-2025-05-29T19:20:12.003Z","/familia-viva-recife/us-central1/nextssr/undefined/sobre-2025-05-29T19:20:12.007Z","/familia-viva-recife/us-central1/nextssr/undefined/banner-2025-05-29T19:20:12.021Z"],"workRunningCount":5}
[debug] [2025-05-29T19:20:12.032Z] [work-queue] {"queuedWork":[],"queueLength":0,"runningWork":["/familia-viva-recife/us-central1/nextssr/undefined/firebase/pages-2025-05-29T19:20:11.969Z","/familia-viva-recife/us-central1/nextssr/undefined/firebase/list-2025-05-29T19:20:12.000Z","/familia-viva-recife/us-central1/nextssr/undefined/events-2025-05-29T19:20:12.003Z","/familia-viva-recife/us-central1/nextssr/undefined/sobre-2025-05-29T19:20:12.007Z","/familia-viva-recife/us-central1/nextssr/undefined/banner-2025-05-29T19:20:12.021Z","/familia-viva-recife/us-central1/nextssr/undefined/footer-2025-05-29T19:20:12.031Z"],"workRunningCount":6}
[debug] [2025-05-29T19:20:12.032Z] Accepted request GET /familia-viva-recife/us-central1/nextssr/undefined/footer --> us-central1-nextssr
[debug] [2025-05-29T19:20:12.032Z] [functions] Runtime ready! Sending request! {"metadata":{"emulator":{"name":"functions"},"message":"[functions] Runtime ready! Sending request!"}}
[debug] [2025-05-29T19:20:12.033Z] [functions] Got req.url=/familia-viva-recife/us-central1/nextssr/undefined/footer, mapping to path=/undefined/footer {"metadata":{"emulator":{"name":"functions"},"message":"[functions] Got req.url=/familia-viva-recife/us-central1/nextssr/undefined/footer, mapping to path=/undefined/footer"}}
[debug] [2025-05-29T19:20:12.033Z] [worker-pool] submitRequest(triggerId=us-central1-nextssr) {"metadata":{"emulator":{"name":"functions"},"message":"[worker-pool] submitRequest(triggerId=us-central1-nextssr)"}}
[info] i  functions: Beginning execution of "us-central1-nextssr" {"metadata":{"emulator":{"name":"functions"},"function":{"name":"us-central1-nextssr"},"extension":{},"message":"Beginning execution of \"us-central1-nextssr\""}}
[debug] [2025-05-29T19:20:12.085Z] [worker-us-central1-nextssr-cfeb0f11-f7dc-44e2-95ca-e5e1e51a641b]: BUSY {"metadata":{"emulator":{"name":"functions"},"function":{"name":"us-central1-nextssr"},"extension":{},"message":"[worker-us-central1-nextssr-cfeb0f11-f7dc-44e2-95ca-e5e1e51a641b]: BUSY"}}
[debug] [2025-05-29T19:20:12.223Z] <<< [apiv2][status] GET http://127.0.0.1:5001/familia-viva-recife/us-central1/nextssr/undefined/firebase/pages 404
[debug] [2025-05-29T19:20:12.223Z] <<< [apiv2][body] GET http://127.0.0.1:5001/familia-viva-recife/us-central1/nextssr/undefined/firebase/pages [stream]
[debug] [2025-05-29T19:20:12.269Z] Finishing up request with event=pause {"metadata":{"emulator":{"name":"functions"},"function":{"name":"us-central1-nextssr"},"extension":{},"message":"Finishing up request with event=pause"}}
[info] i  functions: Finished "us-central1-nextssr" in 292.4429ms {"metadata":{"emulator":{"name":"functions"},"function":{"name":"us-central1-nextssr"},"extension":{},"message":"Finished \"us-central1-nextssr\" in 292.4429ms"}}
[debug] [2025-05-29T19:20:12.291Z] [worker-us-central1-nextssr-d906d7b6-62b8-4707-b0a2-780f82f3e176]: IDLE {"metadata":{"emulator":{"name":"functions"},"function":{"name":"us-central1-nextssr"},"extension":{},"message":"[worker-us-central1-nextssr-d906d7b6-62b8-4707-b0a2-780f82f3e176]: IDLE"}}
[debug] [2025-05-29T19:20:12.291Z] Finishing up request with event=finish {"metadata":{"emulator":{"name":"functions"},"function":{"name":"us-central1-nextssr"},"extension":{},"message":"Finishing up request with event=finish"}}
[debug] [2025-05-29T19:20:12.292Z] Finishing up request with event=close {"metadata":{"emulator":{"name":"functions"},"function":{"name":"us-central1-nextssr"},"extension":{},"message":"Finishing up request with event=close"}}
[debug] [2025-05-29T19:20:12.292Z] [work-queue] {"queuedWork":[],"queueLength":0,"runningWork":["/familia-viva-recife/us-central1/nextssr/undefined/firebase/list-2025-05-29T19:20:12.000Z","/familia-viva-recife/us-central1/nextssr/undefined/events-2025-05-29T19:20:12.003Z","/familia-viva-recife/us-central1/nextssr/undefined/sobre-2025-05-29T19:20:12.007Z","/familia-viva-recife/us-central1/nextssr/undefined/banner-2025-05-29T19:20:12.021Z","/familia-viva-recife/us-central1/nextssr/undefined/footer-2025-05-29T19:20:12.031Z"],"workRunningCount":5}
[info] i  hosting: 127.0.0.1 - - [29/May/2025:19:20:12 +0000] "GET /undefined/firebase/pages?category=projects HTTP/1.1" 404 - "http://127.0.0.1:5000/" "Mozilla/5.0 (Windows NT 10.0; Win64; x64) AppleWebKit/537.36 (KHTML, like Gecko) Chrome/136.0.0.0 Safari/537.36 Edg/136.0.0.0" {"metadata":{"emulator":{"name":"hosting"},"message":"127.0.0.1 - - [29/May/2025:19:20:12 +0000] \"GET /undefined/firebase/pages?category=projects HTTP/1.1\" 404 - \"http://127.0.0.1:5000/\" \"Mozilla/5.0 (Windows NT 10.0; Win64; x64) AppleWebKit/537.36 (KHTML, like Gecko) Chrome/136.0.0.0 Safari/537.36 Edg/136.0.0.0\""}}
[info] [hosting] Rewriting /_next/static/css/1bc49930e68693ae.css to http://127.0.0.1:5001/familia-viva-recife/us-central1/nextssr for local Function us-central1/nextssr
[debug] [2025-05-29T19:20:12.323Z] >>> [apiv2][query] GET http://127.0.0.1:5001/familia-viva-recife/us-central1/nextssr/_next/static/css/1bc49930e68693ae.css 
[debug] [2025-05-29T19:20:12.324Z] [work-queue] {"queuedWork":["/familia-viva-recife/us-central1/nextssr/_next/static/css/1bc49930e68693ae.css-2025-05-29T19:20:12.324Z"],"queueLength":1,"runningWork":["/familia-viva-recife/us-central1/nextssr/undefined/firebase/list-2025-05-29T19:20:12.000Z","/familia-viva-recife/us-central1/nextssr/undefined/events-2025-05-29T19:20:12.003Z","/familia-viva-recife/us-central1/nextssr/undefined/sobre-2025-05-29T19:20:12.007Z","/familia-viva-recife/us-central1/nextssr/undefined/banner-2025-05-29T19:20:12.021Z","/familia-viva-recife/us-central1/nextssr/undefined/footer-2025-05-29T19:20:12.031Z"],"workRunningCount":5}
[debug] [2025-05-29T19:20:12.325Z] [work-queue] {"queuedWork":[],"queueLength":0,"runningWork":["/familia-viva-recife/us-central1/nextssr/undefined/firebase/list-2025-05-29T19:20:12.000Z","/familia-viva-recife/us-central1/nextssr/undefined/events-2025-05-29T19:20:12.003Z","/familia-viva-recife/us-central1/nextssr/undefined/sobre-2025-05-29T19:20:12.007Z","/familia-viva-recife/us-central1/nextssr/undefined/banner-2025-05-29T19:20:12.021Z","/familia-viva-recife/us-central1/nextssr/undefined/footer-2025-05-29T19:20:12.031Z","/familia-viva-recife/us-central1/nextssr/_next/static/css/1bc49930e68693ae.css-2025-05-29T19:20:12.324Z"],"workRunningCount":6}
[debug] [2025-05-29T19:20:12.325Z] Accepted request GET /familia-viva-recife/us-central1/nextssr/_next/static/css/1bc49930e68693ae.css --> us-central1-nextssr
[debug] [2025-05-29T19:20:12.326Z] [functions] Runtime ready! Sending request! {"metadata":{"emulator":{"name":"functions"},"message":"[functions] Runtime ready! Sending request!"}}
[debug] [2025-05-29T19:20:12.326Z] [functions] Got req.url=/familia-viva-recife/us-central1/nextssr/_next/static/css/1bc49930e68693ae.css, mapping to path=/_next/static/css/1bc49930e68693ae.css {"metadata":{"emulator":{"name":"functions"},"message":"[functions] Got req.url=/familia-viva-recife/us-central1/nextssr/_next/static/css/1bc49930e68693ae.css, mapping to path=/_next/static/css/1bc49930e68693ae.css"}}
[debug] [2025-05-29T19:20:12.326Z] [worker-pool] submitRequest(triggerId=us-central1-nextssr) {"metadata":{"emulator":{"name":"functions"},"message":"[worker-pool] submitRequest(triggerId=us-central1-nextssr)"}}
[info] i  functions: Beginning execution of "us-central1-nextssr" {"metadata":{"emulator":{"name":"functions"},"function":{"name":"us-central1-nextssr"},"extension":{},"message":"Beginning execution of \"us-central1-nextssr\""}}
[debug] [2025-05-29T19:20:12.387Z] [worker-us-central1-nextssr-d906d7b6-62b8-4707-b0a2-780f82f3e176]: BUSY {"metadata":{"emulator":{"name":"functions"},"function":{"name":"us-central1-nextssr"},"extension":{},"message":"[worker-us-central1-nextssr-d906d7b6-62b8-4707-b0a2-780f82f3e176]: BUSY"}}
[debug] [2025-05-29T19:20:12.463Z] Finishing up request with event=pause {"metadata":{"emulator":{"name":"functions"},"function":{"name":"us-central1-nextssr"},"extension":{},"message":"Finishing up request with event=pause"}}
[info] i  functions: Finished "us-central1-nextssr" in 75.7361ms {"metadata":{"emulator":{"name":"functions"},"function":{"name":"us-central1-nextssr"},"extension":{},"message":"Finished \"us-central1-nextssr\" in 75.7361ms"}}
[debug] [2025-05-29T19:20:12.514Z] [worker-us-central1-nextssr-d906d7b6-62b8-4707-b0a2-780f82f3e176]: IDLE {"metadata":{"emulator":{"name":"functions"},"function":{"name":"us-central1-nextssr"},"extension":{},"message":"[worker-us-central1-nextssr-d906d7b6-62b8-4707-b0a2-780f82f3e176]: IDLE"}}
[debug] [2025-05-29T19:20:12.514Z] Finishing up request with event=finish {"metadata":{"emulator":{"name":"functions"},"function":{"name":"us-central1-nextssr"},"extension":{},"message":"Finishing up request with event=finish"}}
[debug] [2025-05-29T19:20:12.515Z] Finishing up request with event=close {"metadata":{"emulator":{"name":"functions"},"function":{"name":"us-central1-nextssr"},"extension":{},"message":"Finishing up request with event=close"}}
[debug] [2025-05-29T19:20:12.515Z] [work-queue] {"queuedWork":[],"queueLength":0,"runningWork":["/familia-viva-recife/us-central1/nextssr/undefined/firebase/list-2025-05-29T19:20:12.000Z","/familia-viva-recife/us-central1/nextssr/undefined/events-2025-05-29T19:20:12.003Z","/familia-viva-recife/us-central1/nextssr/undefined/sobre-2025-05-29T19:20:12.007Z","/familia-viva-recife/us-central1/nextssr/undefined/banner-2025-05-29T19:20:12.021Z","/familia-viva-recife/us-central1/nextssr/undefined/footer-2025-05-29T19:20:12.031Z"],"workRunningCount":5}
[debug] [2025-05-29T19:20:12.516Z] <<< [apiv2][status] GET http://127.0.0.1:5001/familia-viva-recife/us-central1/nextssr/_next/static/css/1bc49930e68693ae.css 200
[debug] [2025-05-29T19:20:12.516Z] <<< [apiv2][body] GET http://127.0.0.1:5001/familia-viva-recife/us-central1/nextssr/_next/static/css/1bc49930e68693ae.css [stream]
[info] i  hosting: 127.0.0.1 - - [29/May/2025:19:20:12 +0000] "GET /_next/static/css/1bc49930e68693ae.css HTTP/1.1" 200 3928 "http://127.0.0.1:5000/" "Mozilla/5.0 (Windows NT 10.0; Win64; x64) AppleWebKit/537.36 (KHTML, like Gecko) Chrome/136.0.0.0 Safari/537.36 Edg/136.0.0.0" {"metadata":{"emulator":{"name":"hosting"},"message":"127.0.0.1 - - [29/May/2025:19:20:12 +0000] \"GET /_next/static/css/1bc49930e68693ae.css HTTP/1.1\" 200 3928 \"http://127.0.0.1:5000/\" \"Mozilla/5.0 (Windows NT 10.0; Win64; x64) AppleWebKit/537.36 (KHTML, like Gecko) Chrome/136.0.0.0 Safari/537.36 Edg/136.0.0.0\""}}
[info] [hosting] Rewriting /api/auth/session to http://127.0.0.1:5001/familia-viva-recife/us-central1/nextssr for local Function us-central1/nextssr
[debug] [2025-05-29T19:20:12.654Z] >>> [apiv2][query] GET http://127.0.0.1:5001/familia-viva-recife/us-central1/nextssr/api/auth/session 
[debug] [2025-05-29T19:20:12.656Z] [work-queue] {"queuedWork":["/familia-viva-recife/us-central1/nextssr/api/auth/session-2025-05-29T19:20:12.656Z"],"queueLength":1,"runningWork":["/familia-viva-recife/us-central1/nextssr/undefined/firebase/list-2025-05-29T19:20:12.000Z","/familia-viva-recife/us-central1/nextssr/undefined/events-2025-05-29T19:20:12.003Z","/familia-viva-recife/us-central1/nextssr/undefined/sobre-2025-05-29T19:20:12.007Z","/familia-viva-recife/us-central1/nextssr/undefined/banner-2025-05-29T19:20:12.021Z","/familia-viva-recife/us-central1/nextssr/undefined/footer-2025-05-29T19:20:12.031Z"],"workRunningCount":5}
[debug] [2025-05-29T19:20:12.656Z] [work-queue] {"queuedWork":[],"queueLength":0,"runningWork":["/familia-viva-recife/us-central1/nextssr/undefined/firebase/list-2025-05-29T19:20:12.000Z","/familia-viva-recife/us-central1/nextssr/undefined/events-2025-05-29T19:20:12.003Z","/familia-viva-recife/us-central1/nextssr/undefined/sobre-2025-05-29T19:20:12.007Z","/familia-viva-recife/us-central1/nextssr/undefined/banner-2025-05-29T19:20:12.021Z","/familia-viva-recife/us-central1/nextssr/undefined/footer-2025-05-29T19:20:12.031Z","/familia-viva-recife/us-central1/nextssr/api/auth/session-2025-05-29T19:20:12.656Z"],"workRunningCount":6}
[debug] [2025-05-29T19:20:12.656Z] Accepted request GET /familia-viva-recife/us-central1/nextssr/api/auth/session --> us-central1-nextssr
[debug] [2025-05-29T19:20:12.657Z] [functions] Runtime ready! Sending request! {"metadata":{"emulator":{"name":"functions"},"message":"[functions] Runtime ready! Sending request!"}}
[debug] [2025-05-29T19:20:12.657Z] [functions] Got req.url=/familia-viva-recife/us-central1/nextssr/api/auth/session, mapping to path=/api/auth/session {"metadata":{"emulator":{"name":"functions"},"message":"[functions] Got req.url=/familia-viva-recife/us-central1/nextssr/api/auth/session, mapping to path=/api/auth/session"}}
[debug] [2025-05-29T19:20:12.657Z] [worker-pool] submitRequest(triggerId=us-central1-nextssr) {"metadata":{"emulator":{"name":"functions"},"message":"[worker-pool] submitRequest(triggerId=us-central1-nextssr)"}}
[info] i  functions: Beginning execution of "us-central1-nextssr" {"metadata":{"emulator":{"name":"functions"},"function":{"name":"us-central1-nextssr"},"extension":{},"message":"Beginning execution of \"us-central1-nextssr\""}}
[debug] [2025-05-29T19:20:12.687Z] [worker-us-central1-nextssr-d906d7b6-62b8-4707-b0a2-780f82f3e176]: BUSY {"metadata":{"emulator":{"name":"functions"},"function":{"name":"us-central1-nextssr"},"extension":{},"message":"[worker-us-central1-nextssr-d906d7b6-62b8-4707-b0a2-780f82f3e176]: BUSY"}}
[info] >  [next-auth][error][NO_SECRET]  {"user":"[next-auth][error][NO_SECRET] ","metadata":{"emulator":{"name":"functions"},"function":{"name":"us-central1-nextssr"},"extension":{},"message":"\u001b[90m> \u001b[39m [next-auth][error][NO_SECRET] "}}
[info] >  https://next-auth.js.org/errors#no_secret Please define a `secret` in production. Error [MissingSecretError]: Please define a `secret` in production. {"user":"https://next-auth.js.org/errors#no_secret Please define a `secret` in production. Error [MissingSecretError]: Please define a `secret` in production.","metadata":{"emulator":{"name":"functions"},"function":{"name":"us-central1-nextssr"},"extension":{},"message":"\u001b[90m> \u001b[39m https://next-auth.js.org/errors#no_secret Please define a `secret` in production. Error [MissingSecretError]: Please define a `secret` in production."}}
[info] >      at t.assertConfig (C:\Users\Danielxpdk\Desktop\Aplicacao-familia-viva\frontend\.next\server\app\api\auth\[...nextauth]\route.js:25:67753) {"user":"    at t.assertConfig (C:\\Users\\Danielxpdk\\Desktop\\Aplicacao-familia-viva\\frontend\\.next\\server\\app\\api\\auth\\[...nextauth]\\route.js:25:67753)","metadata":{"emulator":{"name":"functions"},"function":{"name":"us-central1-nextssr"},"extension":{},"message":"\u001b[90m> \u001b[39m     at t.assertConfig (C:\\Users\\Danielxpdk\\Desktop\\Aplicacao-familia-viva\\frontend\\.next\\server\\app\\api\\auth\\[...nextauth]\\route.js:25:67753)"}}
[info] >      at _ (C:\Users\Danielxpdk\Desktop\Aplicacao-familia-viva\frontend\.next\server\app\api\auth\[...nextauth]\route.js:25:54359) {"user":"    at _ (C:\\Users\\Danielxpdk\\Desktop\\Aplicacao-familia-viva\\frontend\\.next\\server\\app\\api\\auth\\[...nextauth]\\route.js:25:54359)","metadata":{"emulator":{"name":"functions"},"function":{"name":"us-central1-nextssr"},"extension":{},"message":"\u001b[90m> \u001b[39m     at _ (C:\\Users\\Danielxpdk\\Desktop\\Aplicacao-familia-viva\\frontend\\.next\\server\\app\\api\\auth\\[...nextauth]\\route.js:25:54359)"}}
[info] >      at async a (C:\Users\Danielxpdk\Desktop\Aplicacao-familia-viva\frontend\.next\server\app\api\auth\[...nextauth]\route.js:17:20599) {"user":"    at async a (C:\\Users\\Danielxpdk\\Desktop\\Aplicacao-familia-viva\\frontend\\.next\\server\\app\\api\\auth\\[...nextauth]\\route.js:17:20599)","metadata":{"emulator":{"name":"functions"},"function":{"name":"us-central1-nextssr"},"extension":{},"message":"\u001b[90m> \u001b[39m     at async a (C:\\Users\\Danielxpdk\\Desktop\\Aplicacao-familia-viva\\frontend\\.next\\server\\app\\api\\auth\\[...nextauth]\\route.js:17:20599)"}}
[info] >      at async e.length.t (C:\Users\Danielxpdk\Desktop\Aplicacao-familia-viva\frontend\.next\server\app\api\auth\[...nextauth]\route.js:17:22089) { {"user":"    at async e.length.t (C:\\Users\\Danielxpdk\\Desktop\\Aplicacao-familia-viva\\frontend\\.next\\server\\app\\api\\auth\\[...nextauth]\\route.js:17:22089) {","metadata":{"emulator":{"name":"functions"},"function":{"name":"us-central1-nextssr"},"extension":{},"message":"\u001b[90m> \u001b[39m     at async e.length.t (C:\\Users\\Danielxpdk\\Desktop\\Aplicacao-familia-viva\\frontend\\.next\\server\\app\\api\\auth\\[...nextauth]\\route.js:17:22089) {"}}
[info] >    code: 'NO_SECRET' {"user":"  code: 'NO_SECRET'","metadata":{"emulator":{"name":"functions"},"function":{"name":"us-central1-nextssr"},"extension":{},"message":"\u001b[90m> \u001b[39m   code: 'NO_SECRET'"}}
[info] >  } {"user":"}","metadata":{"emulator":{"name":"functions"},"function":{"name":"us-central1-nextssr"},"extension":{},"message":"\u001b[90m> \u001b[39m }"}}
[debug] [2025-05-29T19:20:12.925Z] Finishing up request with event=pause {"metadata":{"emulator":{"name":"functions"},"function":{"name":"us-central1-nextssr"},"extension":{},"message":"Finishing up request with event=pause"}}
[info] i  functions: Finished "us-central1-nextssr" in 238.2914ms {"metadata":{"emulator":{"name":"functions"},"function":{"name":"us-central1-nextssr"},"extension":{},"message":"Finished \"us-central1-nextssr\" in 238.2914ms"}}
[debug] [2025-05-29T19:20:12.936Z] [worker-us-central1-nextssr-d906d7b6-62b8-4707-b0a2-780f82f3e176]: IDLE {"metadata":{"emulator":{"name":"functions"},"function":{"name":"us-central1-nextssr"},"extension":{},"message":"[worker-us-central1-nextssr-d906d7b6-62b8-4707-b0a2-780f82f3e176]: IDLE"}}
[debug] [2025-05-29T19:20:12.937Z] Finishing up request with event=finish {"metadata":{"emulator":{"name":"functions"},"function":{"name":"us-central1-nextssr"},"extension":{},"message":"Finishing up request with event=finish"}}
[debug] [2025-05-29T19:20:12.939Z] Finishing up request with event=close {"metadata":{"emulator":{"name":"functions"},"function":{"name":"us-central1-nextssr"},"extension":{},"message":"Finishing up request with event=close"}}
[debug] [2025-05-29T19:20:12.939Z] [work-queue] {"queuedWork":[],"queueLength":0,"runningWork":["/familia-viva-recife/us-central1/nextssr/undefined/firebase/list-2025-05-29T19:20:12.000Z","/familia-viva-recife/us-central1/nextssr/undefined/events-2025-05-29T19:20:12.003Z","/familia-viva-recife/us-central1/nextssr/undefined/sobre-2025-05-29T19:20:12.007Z","/familia-viva-recife/us-central1/nextssr/undefined/banner-2025-05-29T19:20:12.021Z","/familia-viva-recife/us-central1/nextssr/undefined/footer-2025-05-29T19:20:12.031Z"],"workRunningCount":5}
[debug] [2025-05-29T19:20:12.940Z] Finishing up request with event=pause {"metadata":{"emulator":{"name":"functions"},"function":{"name":"us-central1-nextssr"},"extension":{},"message":"Finishing up request with event=pause"}}
[info] i  functions: Finished "us-central1-nextssr" in 937.9324ms {"metadata":{"emulator":{"name":"functions"},"function":{"name":"us-central1-nextssr"},"extension":{},"message":"Finished \"us-central1-nextssr\" in 937.9324ms"}}
[debug] [2025-05-29T19:20:12.948Z] [worker-us-central1-nextssr-ea3e2665-57ff-45a1-ab5e-cb41a72c8ae8]: IDLE {"metadata":{"emulator":{"name":"functions"},"function":{"name":"us-central1-nextssr"},"extension":{},"message":"[worker-us-central1-nextssr-ea3e2665-57ff-45a1-ab5e-cb41a72c8ae8]: IDLE"}}
[debug] [2025-05-29T19:20:12.948Z] Finishing up request with event=finish {"metadata":{"emulator":{"name":"functions"},"function":{"name":"us-central1-nextssr"},"extension":{},"message":"Finishing up request with event=finish"}}
[debug] [2025-05-29T19:20:12.948Z] Finishing up request with event=close {"metadata":{"emulator":{"name":"functions"},"function":{"name":"us-central1-nextssr"},"extension":{},"message":"Finishing up request with event=close"}}
[debug] [2025-05-29T19:20:12.948Z] [work-queue] {"queuedWork":[],"queueLength":0,"runningWork":["/familia-viva-recife/us-central1/nextssr/undefined/events-2025-05-29T19:20:12.003Z","/familia-viva-recife/us-central1/nextssr/undefined/sobre-2025-05-29T19:20:12.007Z","/familia-viva-recife/us-central1/nextssr/undefined/banner-2025-05-29T19:20:12.021Z","/familia-viva-recife/us-central1/nextssr/undefined/footer-2025-05-29T19:20:12.031Z"],"workRunningCount":4}
[debug] [2025-05-29T19:20:12.949Z] Finishing up request with event=pause {"metadata":{"emulator":{"name":"functions"},"function":{"name":"us-central1-nextssr"},"extension":{},"message":"Finishing up request with event=pause"}}
[info] i  functions: Finished "us-central1-nextssr" in 929.8576ms {"metadata":{"emulator":{"name":"functions"},"function":{"name":"us-central1-nextssr"},"extension":{},"message":"Finished \"us-central1-nextssr\" in 929.8576ms"}}
[debug] [2025-05-29T19:20:12.951Z] [worker-us-central1-nextssr-89f52e74-da14-4caf-bf86-8ed4e8d37581]: IDLE {"metadata":{"emulator":{"name":"functions"},"function":{"name":"us-central1-nextssr"},"extension":{},"message":"[worker-us-central1-nextssr-89f52e74-da14-4caf-bf86-8ed4e8d37581]: IDLE"}}
[debug] [2025-05-29T19:20:12.951Z] Finishing up request with event=finish {"metadata":{"emulator":{"name":"functions"},"function":{"name":"us-central1-nextssr"},"extension":{},"message":"Finishing up request with event=finish"}}
[debug] [2025-05-29T19:20:12.951Z] Finishing up request with event=close {"metadata":{"emulator":{"name":"functions"},"function":{"name":"us-central1-nextssr"},"extension":{},"message":"Finishing up request with event=close"}}
[debug] [2025-05-29T19:20:12.951Z] [work-queue] {"queuedWork":[],"queueLength":0,"runningWork":["/familia-viva-recife/us-central1/nextssr/undefined/events-2025-05-29T19:20:12.003Z","/familia-viva-recife/us-central1/nextssr/undefined/banner-2025-05-29T19:20:12.021Z","/familia-viva-recife/us-central1/nextssr/undefined/footer-2025-05-29T19:20:12.031Z"],"workRunningCount":3}
[debug] [2025-05-29T19:20:12.952Z] <<< [apiv2][status] GET http://127.0.0.1:5001/familia-viva-recife/us-central1/nextssr/api/auth/session 500
[debug] [2025-05-29T19:20:12.952Z] <<< [apiv2][body] GET http://127.0.0.1:5001/familia-viva-recife/us-central1/nextssr/api/auth/session [stream]
[info] i  hosting: 127.0.0.1 - - [29/May/2025:19:20:12 +0000] "GET /api/auth/session HTTP/1.1" 500 - "http://127.0.0.1:5000/" "Mozilla/5.0 (Windows NT 10.0; Win64; x64) AppleWebKit/537.36 (KHTML, like Gecko) Chrome/136.0.0.0 Safari/537.36 Edg/136.0.0.0" {"metadata":{"emulator":{"name":"hosting"},"message":"127.0.0.1 - - [29/May/2025:19:20:12 +0000] \"GET /api/auth/session HTTP/1.1\" 500 - \"http://127.0.0.1:5000/\" \"Mozilla/5.0 (Windows NT 10.0; Win64; x64) AppleWebKit/537.36 (KHTML, like Gecko) Chrome/136.0.0.0 Safari/537.36 Edg/136.0.0.0\""}}
[debug] [2025-05-29T19:20:12.959Z] <<< [apiv2][status] GET http://127.0.0.1:5001/familia-viva-recife/us-central1/nextssr/undefined/firebase/list 404
[debug] [2025-05-29T19:20:12.959Z] <<< [apiv2][body] GET http://127.0.0.1:5001/familia-viva-recife/us-central1/nextssr/undefined/firebase/list [stream]
[info] i  hosting: 127.0.0.1 - - [29/May/2025:19:20:12 +0000] "GET /undefined/firebase/list?category=gallery HTTP/1.1" 404 - "http://127.0.0.1:5000/" "Mozilla/5.0 (Windows NT 10.0; Win64; x64) AppleWebKit/537.36 (KHTML, like Gecko) Chrome/136.0.0.0 Safari/537.36 Edg/136.0.0.0" {"metadata":{"emulator":{"name":"hosting"},"message":"127.0.0.1 - - [29/May/2025:19:20:12 +0000] \"GET /undefined/firebase/list?category=gallery HTTP/1.1\" 404 - \"http://127.0.0.1:5000/\" \"Mozilla/5.0 (Windows NT 10.0; Win64; x64) AppleWebKit/537.36 (KHTML, like Gecko) Chrome/136.0.0.0 Safari/537.36 Edg/136.0.0.0\""}}
[debug] [2025-05-29T19:20:12.973Z] <<< [apiv2][status] GET http://127.0.0.1:5001/familia-viva-recife/us-central1/nextssr/undefined/sobre 404
[debug] [2025-05-29T19:20:12.974Z] <<< [apiv2][body] GET http://127.0.0.1:5001/familia-viva-recife/us-central1/nextssr/undefined/sobre [stream]
[info] i  hosting: 127.0.0.1 - - [29/May/2025:19:20:12 +0000] "GET /undefined/sobre HTTP/1.1" 404 - "http://127.0.0.1:5000/" "Mozilla/5.0 (Windows NT 10.0; Win64; x64) AppleWebKit/537.36 (KHTML, like Gecko) Chrome/136.0.0.0 Safari/537.36 Edg/136.0.0.0" {"metadata":{"emulator":{"name":"hosting"},"message":"127.0.0.1 - - [29/May/2025:19:20:12 +0000] \"GET /undefined/sobre HTTP/1.1\" 404 - \"http://127.0.0.1:5000/\" \"Mozilla/5.0 (Windows NT 10.0; Win64; x64) AppleWebKit/537.36 (KHTML, like Gecko) Chrome/136.0.0.0 Safari/537.36 Edg/136.0.0.0\""}}
[info] [hosting] Rewriting /_next/static/chunks/266.4232b22ae0dc4e10.js to http://127.0.0.1:5001/familia-viva-recife/us-central1/nextssr for local Function us-central1/nextssr
[debug] [2025-05-29T19:20:12.994Z] >>> [apiv2][query] GET http://127.0.0.1:5001/familia-viva-recife/us-central1/nextssr/_next/static/chunks/266.4232b22ae0dc4e10.js 
[info] [hosting] Rewriting /projeto?_rsc=1ld0r to http://127.0.0.1:5001/familia-viva-recife/us-central1/nextssr for local Function us-central1/nextssr
[debug] [2025-05-29T19:20:12.997Z] >>> [apiv2][query] GET http://127.0.0.1:5001/familia-viva-recife/us-central1/nextssr/projeto _rsc=1ld0r
[info] [hosting] Rewriting /galeria?_rsc=1ld0r to http://127.0.0.1:5001/familia-viva-recife/us-central1/nextssr for local Function us-central1/nextssr
[debug] [2025-05-29T19:20:13.000Z] >>> [apiv2][query] GET http://127.0.0.1:5001/familia-viva-recife/us-central1/nextssr/galeria _rsc=1ld0r
[debug] [2025-05-29T19:20:13.001Z] [work-queue] {"queuedWork":["/familia-viva-recife/us-central1/nextssr/_next/static/chunks/266.4232b22ae0dc4e10.js-2025-05-29T19:20:13.001Z"],"queueLength":1,"runningWork":["/familia-viva-recife/us-central1/nextssr/undefined/events-2025-05-29T19:20:12.003Z","/familia-viva-recife/us-central1/nextssr/undefined/banner-2025-05-29T19:20:12.021Z","/familia-viva-recife/us-central1/nextssr/undefined/footer-2025-05-29T19:20:12.031Z"],"workRunningCount":3}
[debug] [2025-05-29T19:20:13.002Z] [work-queue] {"queuedWork":[],"queueLength":0,"runningWork":["/familia-viva-recife/us-central1/nextssr/undefined/events-2025-05-29T19:20:12.003Z","/familia-viva-recife/us-central1/nextssr/undefined/banner-2025-05-29T19:20:12.021Z","/familia-viva-recife/us-central1/nextssr/undefined/footer-2025-05-29T19:20:12.031Z","/familia-viva-recife/us-central1/nextssr/_next/static/chunks/266.4232b22ae0dc4e10.js-2025-05-29T19:20:13.001Z"],"workRunningCount":4}
[debug] [2025-05-29T19:20:13.002Z] Accepted request GET /familia-viva-recife/us-central1/nextssr/_next/static/chunks/266.4232b22ae0dc4e10.js --> us-central1-nextssr
[debug] [2025-05-29T19:20:13.002Z] [functions] Runtime ready! Sending request! {"metadata":{"emulator":{"name":"functions"},"message":"[functions] Runtime ready! Sending request!"}}
[debug] [2025-05-29T19:20:13.002Z] [functions] Got req.url=/familia-viva-recife/us-central1/nextssr/_next/static/chunks/266.4232b22ae0dc4e10.js, mapping to path=/_next/static/chunks/266.4232b22ae0dc4e10.js {"metadata":{"emulator":{"name":"functions"},"message":"[functions] Got req.url=/familia-viva-recife/us-central1/nextssr/_next/static/chunks/266.4232b22ae0dc4e10.js, mapping to path=/_next/static/chunks/266.4232b22ae0dc4e10.js"}}
[debug] [2025-05-29T19:20:13.002Z] [worker-pool] submitRequest(triggerId=us-central1-nextssr) {"metadata":{"emulator":{"name":"functions"},"message":"[worker-pool] submitRequest(triggerId=us-central1-nextssr)"}}
[info] i  functions: Beginning execution of "us-central1-nextssr" {"metadata":{"emulator":{"name":"functions"},"function":{"name":"us-central1-nextssr"},"extension":{},"message":"Beginning execution of \"us-central1-nextssr\""}}
[debug] [2025-05-29T19:20:13.004Z] [worker-us-central1-nextssr-d906d7b6-62b8-4707-b0a2-780f82f3e176]: BUSY {"metadata":{"emulator":{"name":"functions"},"function":{"name":"us-central1-nextssr"},"extension":{},"message":"[worker-us-central1-nextssr-d906d7b6-62b8-4707-b0a2-780f82f3e176]: BUSY"}}
[debug] [2025-05-29T19:20:13.005Z] [work-queue] {"queuedWork":["/familia-viva-recife/us-central1/nextssr/projeto-2025-05-29T19:20:13.005Z"],"queueLength":1,"runningWork":["/familia-viva-recife/us-central1/nextssr/undefined/events-2025-05-29T19:20:12.003Z","/familia-viva-recife/us-central1/nextssr/undefined/banner-2025-05-29T19:20:12.021Z","/familia-viva-recife/us-central1/nextssr/undefined/footer-2025-05-29T19:20:12.031Z","/familia-viva-recife/us-central1/nextssr/_next/static/chunks/266.4232b22ae0dc4e10.js-2025-05-29T19:20:13.001Z"],"workRunningCount":4}
[debug] [2025-05-29T19:20:13.005Z] [work-queue] {"queuedWork":[],"queueLength":0,"runningWork":["/familia-viva-recife/us-central1/nextssr/undefined/events-2025-05-29T19:20:12.003Z","/familia-viva-recife/us-central1/nextssr/undefined/banner-2025-05-29T19:20:12.021Z","/familia-viva-recife/us-central1/nextssr/undefined/footer-2025-05-29T19:20:12.031Z","/familia-viva-recife/us-central1/nextssr/_next/static/chunks/266.4232b22ae0dc4e10.js-2025-05-29T19:20:13.001Z","/familia-viva-recife/us-central1/nextssr/projeto-2025-05-29T19:20:13.005Z"],"workRunningCount":5}
[debug] [2025-05-29T19:20:13.005Z] Accepted request GET /familia-viva-recife/us-central1/nextssr/projeto?_rsc=1ld0r --> us-central1-nextssr
[debug] [2025-05-29T19:20:13.005Z] [functions] Runtime ready! Sending request! {"metadata":{"emulator":{"name":"functions"},"message":"[functions] Runtime ready! Sending request!"}}
[debug] [2025-05-29T19:20:13.006Z] [functions] Got req.url=/familia-viva-recife/us-central1/nextssr/projeto?_rsc=1ld0r, mapping to path=/projeto?_rsc=1ld0r {"metadata":{"emulator":{"name":"functions"},"message":"[functions] Got req.url=/familia-viva-recife/us-central1/nextssr/projeto?_rsc=1ld0r, mapping to path=/projeto?_rsc=1ld0r"}}
[debug] [2025-05-29T19:20:13.006Z] [worker-pool] submitRequest(triggerId=us-central1-nextssr) {"metadata":{"emulator":{"name":"functions"},"message":"[worker-pool] submitRequest(triggerId=us-central1-nextssr)"}}
[info] i  functions: Beginning execution of "us-central1-nextssr" {"metadata":{"emulator":{"name":"functions"},"function":{"name":"us-central1-nextssr"},"extension":{},"message":"Beginning execution of \"us-central1-nextssr\""}}
[debug] [2025-05-29T19:20:13.010Z] [worker-us-central1-nextssr-ea3e2665-57ff-45a1-ab5e-cb41a72c8ae8]: BUSY {"metadata":{"emulator":{"name":"functions"},"function":{"name":"us-central1-nextssr"},"extension":{},"message":"[worker-us-central1-nextssr-ea3e2665-57ff-45a1-ab5e-cb41a72c8ae8]: BUSY"}}
[debug] [2025-05-29T19:20:13.012Z] [work-queue] {"queuedWork":["/familia-viva-recife/us-central1/nextssr/galeria-2025-05-29T19:20:13.012Z"],"queueLength":1,"runningWork":["/familia-viva-recife/us-central1/nextssr/undefined/events-2025-05-29T19:20:12.003Z","/familia-viva-recife/us-central1/nextssr/undefined/banner-2025-05-29T19:20:12.021Z","/familia-viva-recife/us-central1/nextssr/undefined/footer-2025-05-29T19:20:12.031Z","/familia-viva-recife/us-central1/nextssr/_next/static/chunks/266.4232b22ae0dc4e10.js-2025-05-29T19:20:13.001Z","/familia-viva-recife/us-central1/nextssr/projeto-2025-05-29T19:20:13.005Z"],"workRunningCount":5}
[debug] [2025-05-29T19:20:13.012Z] [work-queue] {"queuedWork":[],"queueLength":0,"runningWork":["/familia-viva-recife/us-central1/nextssr/undefined/events-2025-05-29T19:20:12.003Z","/familia-viva-recife/us-central1/nextssr/undefined/banner-2025-05-29T19:20:12.021Z","/familia-viva-recife/us-central1/nextssr/undefined/footer-2025-05-29T19:20:12.031Z","/familia-viva-recife/us-central1/nextssr/_next/static/chunks/266.4232b22ae0dc4e10.js-2025-05-29T19:20:13.001Z","/familia-viva-recife/us-central1/nextssr/projeto-2025-05-29T19:20:13.005Z","/familia-viva-recife/us-central1/nextssr/galeria-2025-05-29T19:20:13.012Z"],"workRunningCount":6}
[debug] [2025-05-29T19:20:13.012Z] Accepted request GET /familia-viva-recife/us-central1/nextssr/galeria?_rsc=1ld0r --> us-central1-nextssr
[debug] [2025-05-29T19:20:13.013Z] [functions] Runtime ready! Sending request! {"metadata":{"emulator":{"name":"functions"},"message":"[functions] Runtime ready! Sending request!"}}
[debug] [2025-05-29T19:20:13.013Z] [functions] Got req.url=/familia-viva-recife/us-central1/nextssr/galeria?_rsc=1ld0r, mapping to path=/galeria?_rsc=1ld0r {"metadata":{"emulator":{"name":"functions"},"message":"[functions] Got req.url=/familia-viva-recife/us-central1/nextssr/galeria?_rsc=1ld0r, mapping to path=/galeria?_rsc=1ld0r"}}
[debug] [2025-05-29T19:20:13.013Z] [worker-pool] submitRequest(triggerId=us-central1-nextssr) {"metadata":{"emulator":{"name":"functions"},"message":"[worker-pool] submitRequest(triggerId=us-central1-nextssr)"}}
[info] i  functions: Beginning execution of "us-central1-nextssr" {"metadata":{"emulator":{"name":"functions"},"function":{"name":"us-central1-nextssr"},"extension":{},"message":"Beginning execution of \"us-central1-nextssr\""}}
[debug] [2025-05-29T19:20:13.024Z] [worker-us-central1-nextssr-89f52e74-da14-4caf-bf86-8ed4e8d37581]: BUSY {"metadata":{"emulator":{"name":"functions"},"function":{"name":"us-central1-nextssr"},"extension":{},"message":"[worker-us-central1-nextssr-89f52e74-da14-4caf-bf86-8ed4e8d37581]: BUSY"}}
[debug] [2025-05-29T19:20:13.077Z] <<< [apiv2][status] GET http://127.0.0.1:5001/familia-viva-recife/us-central1/nextssr/projeto 200
[debug] [2025-05-29T19:20:13.077Z] <<< [apiv2][body] GET http://127.0.0.1:5001/familia-viva-recife/us-central1/nextssr/projeto [stream]
[debug] [2025-05-29T19:20:13.078Z] Finishing up request with event=pause {"metadata":{"emulator":{"name":"functions"},"function":{"name":"us-central1-nextssr"},"extension":{},"message":"Finishing up request with event=pause"}}
[info] i  functions: Finished "us-central1-nextssr" in 68.0981ms {"metadata":{"emulator":{"name":"functions"},"function":{"name":"us-central1-nextssr"},"extension":{},"message":"Finished \"us-central1-nextssr\" in 68.0981ms"}}
[debug] [2025-05-29T19:20:13.104Z] [worker-us-central1-nextssr-ea3e2665-57ff-45a1-ab5e-cb41a72c8ae8]: IDLE {"metadata":{"emulator":{"name":"functions"},"function":{"name":"us-central1-nextssr"},"extension":{},"message":"[worker-us-central1-nextssr-ea3e2665-57ff-45a1-ab5e-cb41a72c8ae8]: IDLE"}}
[debug] [2025-05-29T19:20:13.104Z] Finishing up request with event=finish {"metadata":{"emulator":{"name":"functions"},"function":{"name":"us-central1-nextssr"},"extension":{},"message":"Finishing up request with event=finish"}}
[debug] [2025-05-29T19:20:13.104Z] Finishing up request with event=close {"metadata":{"emulator":{"name":"functions"},"function":{"name":"us-central1-nextssr"},"extension":{},"message":"Finishing up request with event=close"}}
[debug] [2025-05-29T19:20:13.104Z] [work-queue] {"queuedWork":[],"queueLength":0,"runningWork":["/familia-viva-recife/us-central1/nextssr/undefined/events-2025-05-29T19:20:12.003Z","/familia-viva-recife/us-central1/nextssr/undefined/banner-2025-05-29T19:20:12.021Z","/familia-viva-recife/us-central1/nextssr/undefined/footer-2025-05-29T19:20:12.031Z","/familia-viva-recife/us-central1/nextssr/_next/static/chunks/266.4232b22ae0dc4e10.js-2025-05-29T19:20:13.001Z","/familia-viva-recife/us-central1/nextssr/galeria-2025-05-29T19:20:13.012Z"],"workRunningCount":5}
[info] i  hosting: 127.0.0.1 - - [29/May/2025:19:20:13 +0000] "GET /projeto?_rsc=1ld0r HTTP/1.1" 200 - "http://127.0.0.1:5000/" "Mozilla/5.0 (Windows NT 10.0; Win64; x64) AppleWebKit/537.36 (KHTML, like Gecko) Chrome/136.0.0.0 Safari/537.36 Edg/136.0.0.0" {"metadata":{"emulator":{"name":"hosting"},"message":"127.0.0.1 - - [29/May/2025:19:20:13 +0000] \"GET /projeto?_rsc=1ld0r HTTP/1.1\" 200 - \"http://127.0.0.1:5000/\" \"Mozilla/5.0 (Windows NT 10.0; Win64; x64) AppleWebKit/537.36 (KHTML, like Gecko) Chrome/136.0.0.0 Safari/537.36 Edg/136.0.0.0\""}}
[debug] [2025-05-29T19:20:13.122Z] Finishing up request with event=pause {"metadata":{"emulator":{"name":"functions"},"function":{"name":"us-central1-nextssr"},"extension":{},"message":"Finishing up request with event=pause"}}
[info] i  functions: Finished "us-central1-nextssr" in 98.7508ms {"metadata":{"emulator":{"name":"functions"},"function":{"name":"us-central1-nextssr"},"extension":{},"message":"Finished \"us-central1-nextssr\" in 98.7508ms"}}
[debug] [2025-05-29T19:20:13.123Z] [worker-us-central1-nextssr-89f52e74-da14-4caf-bf86-8ed4e8d37581]: IDLE {"metadata":{"emulator":{"name":"functions"},"function":{"name":"us-central1-nextssr"},"extension":{},"message":"[worker-us-central1-nextssr-89f52e74-da14-4caf-bf86-8ed4e8d37581]: IDLE"}}
[debug] [2025-05-29T19:20:13.124Z] Finishing up request with event=finish {"metadata":{"emulator":{"name":"functions"},"function":{"name":"us-central1-nextssr"},"extension":{},"message":"Finishing up request with event=finish"}}
[debug] [2025-05-29T19:20:13.124Z] Finishing up request with event=close {"metadata":{"emulator":{"name":"functions"},"function":{"name":"us-central1-nextssr"},"extension":{},"message":"Finishing up request with event=close"}}
[debug] [2025-05-29T19:20:13.124Z] [work-queue] {"queuedWork":[],"queueLength":0,"runningWork":["/familia-viva-recife/us-central1/nextssr/undefined/events-2025-05-29T19:20:12.003Z","/familia-viva-recife/us-central1/nextssr/undefined/banner-2025-05-29T19:20:12.021Z","/familia-viva-recife/us-central1/nextssr/undefined/footer-2025-05-29T19:20:12.031Z","/familia-viva-recife/us-central1/nextssr/_next/static/chunks/266.4232b22ae0dc4e10.js-2025-05-29T19:20:13.001Z"],"workRunningCount":4}
[debug] [2025-05-29T19:20:13.125Z] Finishing up request with event=pause {"metadata":{"emulator":{"name":"functions"},"function":{"name":"us-central1-nextssr"},"extension":{},"message":"Finishing up request with event=pause"}}
[info] i  functions: Finished "us-central1-nextssr" in 121.5519ms {"metadata":{"emulator":{"name":"functions"},"function":{"name":"us-central1-nextssr"},"extension":{},"message":"Finished \"us-central1-nextssr\" in 121.5519ms"}}
[debug] [2025-05-29T19:20:13.133Z] [worker-us-central1-nextssr-d906d7b6-62b8-4707-b0a2-780f82f3e176]: IDLE {"metadata":{"emulator":{"name":"functions"},"function":{"name":"us-central1-nextssr"},"extension":{},"message":"[worker-us-central1-nextssr-d906d7b6-62b8-4707-b0a2-780f82f3e176]: IDLE"}}
[debug] [2025-05-29T19:20:13.133Z] Finishing up request with event=finish {"metadata":{"emulator":{"name":"functions"},"function":{"name":"us-central1-nextssr"},"extension":{},"message":"Finishing up request with event=finish"}}
[debug] [2025-05-29T19:20:13.133Z] Finishing up request with event=close {"metadata":{"emulator":{"name":"functions"},"function":{"name":"us-central1-nextssr"},"extension":{},"message":"Finishing up request with event=close"}}
[debug] [2025-05-29T19:20:13.133Z] [work-queue] {"queuedWork":[],"queueLength":0,"runningWork":["/familia-viva-recife/us-central1/nextssr/undefined/events-2025-05-29T19:20:12.003Z","/familia-viva-recife/us-central1/nextssr/undefined/banner-2025-05-29T19:20:12.021Z","/familia-viva-recife/us-central1/nextssr/undefined/footer-2025-05-29T19:20:12.031Z"],"workRunningCount":3}
[debug] [2025-05-29T19:20:13.134Z] <<< [apiv2][status] GET http://127.0.0.1:5001/familia-viva-recife/us-central1/nextssr/galeria 200
[debug] [2025-05-29T19:20:13.134Z] <<< [apiv2][body] GET http://127.0.0.1:5001/familia-viva-recife/us-central1/nextssr/galeria [stream]
[info] i  hosting: 127.0.0.1 - - [29/May/2025:19:20:13 +0000] "GET /galeria?_rsc=1ld0r HTTP/1.1" 200 - "http://127.0.0.1:5000/" "Mozilla/5.0 (Windows NT 10.0; Win64; x64) AppleWebKit/537.36 (KHTML, like Gecko) Chrome/136.0.0.0 Safari/537.36 Edg/136.0.0.0" {"metadata":{"emulator":{"name":"hosting"},"message":"127.0.0.1 - - [29/May/2025:19:20:13 +0000] \"GET /galeria?_rsc=1ld0r HTTP/1.1\" 200 - \"http://127.0.0.1:5000/\" \"Mozilla/5.0 (Windows NT 10.0; Win64; x64) AppleWebKit/537.36 (KHTML, like Gecko) Chrome/136.0.0.0 Safari/537.36 Edg/136.0.0.0\""}}
[debug] [2025-05-29T19:20:13.136Z] <<< [apiv2][status] GET http://127.0.0.1:5001/familia-viva-recife/us-central1/nextssr/_next/static/chunks/266.4232b22ae0dc4e10.js 200
[debug] [2025-05-29T19:20:13.136Z] <<< [apiv2][body] GET http://127.0.0.1:5001/familia-viva-recife/us-central1/nextssr/_next/static/chunks/266.4232b22ae0dc4e10.js [stream]
[info] i  hosting: 127.0.0.1 - - [29/May/2025:19:20:13 +0000] "GET /_next/static/chunks/266.4232b22ae0dc4e10.js HTTP/1.1" 200 6339 "http://127.0.0.1:5000/" "Mozilla/5.0 (Windows NT 10.0; Win64; x64) AppleWebKit/537.36 (KHTML, like Gecko) Chrome/136.0.0.0 Safari/537.36 Edg/136.0.0.0" {"metadata":{"emulator":{"name":"hosting"},"message":"127.0.0.1 - - [29/May/2025:19:20:13 +0000] \"GET /_next/static/chunks/266.4232b22ae0dc4e10.js HTTP/1.1\" 200 6339 \"http://127.0.0.1:5000/\" \"Mozilla/5.0 (Windows NT 10.0; Win64; x64) AppleWebKit/537.36 (KHTML, like Gecko) Chrome/136.0.0.0 Safari/537.36 Edg/136.0.0.0\""}}
[info] [hosting] Rewriting /api/auth/_log to http://127.0.0.1:5001/familia-viva-recife/us-central1/nextssr for local Function us-central1/nextssr
[debug] [2025-05-29T19:20:13.176Z] >>> [apiv2][query] POST http://127.0.0.1:5001/familia-viva-recife/us-central1/nextssr/api/auth/_log 
[debug] [2025-05-29T19:20:13.177Z] >>> [apiv2][body] POST http://127.0.0.1:5001/familia-viva-recife/us-central1/nextssr/api/auth/_log [stream]
[info] [hosting] Rewriting /_next/static/css/5a00a8e1b666989f.css to http://127.0.0.1:5001/familia-viva-recife/us-central1/nextssr for local Function us-central1/nextssr
[debug] [2025-05-29T19:20:13.185Z] >>> [apiv2][query] GET http://127.0.0.1:5001/familia-viva-recife/us-central1/nextssr/_next/static/css/5a00a8e1b666989f.css 
[debug] [2025-05-29T19:20:13.186Z] [work-queue] {"queuedWork":["/familia-viva-recife/us-central1/nextssr/api/auth/_log-2025-05-29T19:20:13.186Z"],"queueLength":1,"runningWork":["/familia-viva-recife/us-central1/nextssr/undefined/events-2025-05-29T19:20:12.003Z","/familia-viva-recife/us-central1/nextssr/undefined/banner-2025-05-29T19:20:12.021Z","/familia-viva-recife/us-central1/nextssr/undefined/footer-2025-05-29T19:20:12.031Z"],"workRunningCount":3}
[debug] [2025-05-29T19:20:13.186Z] [work-queue] {"queuedWork":[],"queueLength":0,"runningWork":["/familia-viva-recife/us-central1/nextssr/undefined/events-2025-05-29T19:20:12.003Z","/familia-viva-recife/us-central1/nextssr/undefined/banner-2025-05-29T19:20:12.021Z","/familia-viva-recife/us-central1/nextssr/undefined/footer-2025-05-29T19:20:12.031Z","/familia-viva-recife/us-central1/nextssr/api/auth/_log-2025-05-29T19:20:13.186Z"],"workRunningCount":4}
[debug] [2025-05-29T19:20:13.186Z] Accepted request POST /familia-viva-recife/us-central1/nextssr/api/auth/_log --> us-central1-nextssr
[debug] [2025-05-29T19:20:13.187Z] [functions] Runtime ready! Sending request! {"metadata":{"emulator":{"name":"functions"},"message":"[functions] Runtime ready! Sending request!"}}
[debug] [2025-05-29T19:20:13.187Z] [functions] Got req.url=/familia-viva-recife/us-central1/nextssr/api/auth/_log, mapping to path=/api/auth/_log {"metadata":{"emulator":{"name":"functions"},"message":"[functions] Got req.url=/familia-viva-recife/us-central1/nextssr/api/auth/_log, mapping to path=/api/auth/_log"}}
[debug] [2025-05-29T19:20:13.187Z] [worker-pool] submitRequest(triggerId=us-central1-nextssr) {"metadata":{"emulator":{"name":"functions"},"message":"[worker-pool] submitRequest(triggerId=us-central1-nextssr)"}}
[info] i  functions: Beginning execution of "us-central1-nextssr" {"metadata":{"emulator":{"name":"functions"},"function":{"name":"us-central1-nextssr"},"extension":{},"message":"Beginning execution of \"us-central1-nextssr\""}}
[debug] [2025-05-29T19:20:13.190Z] [worker-us-central1-nextssr-d906d7b6-62b8-4707-b0a2-780f82f3e176]: BUSY {"metadata":{"emulator":{"name":"functions"},"function":{"name":"us-central1-nextssr"},"extension":{},"message":"[worker-us-central1-nextssr-d906d7b6-62b8-4707-b0a2-780f82f3e176]: BUSY"}}
[debug] [2025-05-29T19:20:13.191Z] [work-queue] {"queuedWork":["/familia-viva-recife/us-central1/nextssr/_next/static/css/5a00a8e1b666989f.css-2025-05-29T19:20:13.191Z"],"queueLength":1,"runningWork":["/familia-viva-recife/us-central1/nextssr/undefined/events-2025-05-29T19:20:12.003Z","/familia-viva-recife/us-central1/nextssr/undefined/banner-2025-05-29T19:20:12.021Z","/familia-viva-recife/us-central1/nextssr/undefined/footer-2025-05-29T19:20:12.031Z","/familia-viva-recife/us-central1/nextssr/api/auth/_log-2025-05-29T19:20:13.186Z"],"workRunningCount":4}
[debug] [2025-05-29T19:20:13.192Z] [work-queue] {"queuedWork":[],"queueLength":0,"runningWork":["/familia-viva-recife/us-central1/nextssr/undefined/events-2025-05-29T19:20:12.003Z","/familia-viva-recife/us-central1/nextssr/undefined/banner-2025-05-29T19:20:12.021Z","/familia-viva-recife/us-central1/nextssr/undefined/footer-2025-05-29T19:20:12.031Z","/familia-viva-recife/us-central1/nextssr/api/auth/_log-2025-05-29T19:20:13.186Z","/familia-viva-recife/us-central1/nextssr/_next/static/css/5a00a8e1b666989f.css-2025-05-29T19:20:13.191Z"],"workRunningCount":5}
[debug] [2025-05-29T19:20:13.192Z] Accepted request GET /familia-viva-recife/us-central1/nextssr/_next/static/css/5a00a8e1b666989f.css --> us-central1-nextssr
[debug] [2025-05-29T19:20:13.193Z] [functions] Runtime ready! Sending request! {"metadata":{"emulator":{"name":"functions"},"message":"[functions] Runtime ready! Sending request!"}}
[debug] [2025-05-29T19:20:13.194Z] [functions] Got req.url=/familia-viva-recife/us-central1/nextssr/_next/static/css/5a00a8e1b666989f.css, mapping to path=/_next/static/css/5a00a8e1b666989f.css {"metadata":{"emulator":{"name":"functions"},"message":"[functions] Got req.url=/familia-viva-recife/us-central1/nextssr/_next/static/css/5a00a8e1b666989f.css, mapping to path=/_next/static/css/5a00a8e1b666989f.css"}}
[debug] [2025-05-29T19:20:13.194Z] [worker-pool] submitRequest(triggerId=us-central1-nextssr) {"metadata":{"emulator":{"name":"functions"},"message":"[worker-pool] submitRequest(triggerId=us-central1-nextssr)"}}
[info] i  functions: Beginning execution of "us-central1-nextssr" {"metadata":{"emulator":{"name":"functions"},"function":{"name":"us-central1-nextssr"},"extension":{},"message":"Beginning execution of \"us-central1-nextssr\""}}
[debug] [2025-05-29T19:20:13.201Z] [worker-us-central1-nextssr-ea3e2665-57ff-45a1-ab5e-cb41a72c8ae8]: BUSY {"metadata":{"emulator":{"name":"functions"},"function":{"name":"us-central1-nextssr"},"extension":{},"message":"[worker-us-central1-nextssr-ea3e2665-57ff-45a1-ab5e-cb41a72c8ae8]: BUSY"}}
[info] [hosting] Rewriting /undefined/firebase/logo to http://127.0.0.1:5001/familia-viva-recife/us-central1/nextssr for local Function us-central1/nextssr
[debug] [2025-05-29T19:20:13.204Z] >>> [apiv2][query] GET http://127.0.0.1:5001/familia-viva-recife/us-central1/nextssr/undefined/firebase/logo 
[debug] [2025-05-29T19:20:13.206Z] [work-queue] {"queuedWork":["/familia-viva-recife/us-central1/nextssr/undefined/firebase/logo-2025-05-29T19:20:13.206Z"],"queueLength":1,"runningWork":["/familia-viva-recife/us-central1/nextssr/undefined/events-2025-05-29T19:20:12.003Z","/familia-viva-recife/us-central1/nextssr/undefined/banner-2025-05-29T19:20:12.021Z","/familia-viva-recife/us-central1/nextssr/undefined/footer-2025-05-29T19:20:12.031Z","/familia-viva-recife/us-central1/nextssr/api/auth/_log-2025-05-29T19:20:13.186Z","/familia-viva-recife/us-central1/nextssr/_next/static/css/5a00a8e1b666989f.css-2025-05-29T19:20:13.191Z"],"workRunningCount":5}
[debug] [2025-05-29T19:20:13.206Z] [work-queue] {"queuedWork":[],"queueLength":0,"runningWork":["/familia-viva-recife/us-central1/nextssr/undefined/events-2025-05-29T19:20:12.003Z","/familia-viva-recife/us-central1/nextssr/undefined/banner-2025-05-29T19:20:12.021Z","/familia-viva-recife/us-central1/nextssr/undefined/footer-2025-05-29T19:20:12.031Z","/familia-viva-recife/us-central1/nextssr/api/auth/_log-2025-05-29T19:20:13.186Z","/familia-viva-recife/us-central1/nextssr/_next/static/css/5a00a8e1b666989f.css-2025-05-29T19:20:13.191Z","/familia-viva-recife/us-central1/nextssr/undefined/firebase/logo-2025-05-29T19:20:13.206Z"],"workRunningCount":6}
[debug] [2025-05-29T19:20:13.206Z] Accepted request GET /familia-viva-recife/us-central1/nextssr/undefined/firebase/logo --> us-central1-nextssr
[debug] [2025-05-29T19:20:13.206Z] [functions] Runtime ready! Sending request! {"metadata":{"emulator":{"name":"functions"},"message":"[functions] Runtime ready! Sending request!"}}
[debug] [2025-05-29T19:20:13.207Z] [functions] Got req.url=/familia-viva-recife/us-central1/nextssr/undefined/firebase/logo, mapping to path=/undefined/firebase/logo {"metadata":{"emulator":{"name":"functions"},"message":"[functions] Got req.url=/familia-viva-recife/us-central1/nextssr/undefined/firebase/logo, mapping to path=/undefined/firebase/logo"}}
[debug] [2025-05-29T19:20:13.207Z] [worker-pool] submitRequest(triggerId=us-central1-nextssr) {"metadata":{"emulator":{"name":"functions"},"message":"[worker-pool] submitRequest(triggerId=us-central1-nextssr)"}}
[info] i  functions: Beginning execution of "us-central1-nextssr" {"metadata":{"emulator":{"name":"functions"},"function":{"name":"us-central1-nextssr"},"extension":{},"message":"Beginning execution of \"us-central1-nextssr\""}}
[debug] [2025-05-29T19:20:13.240Z] [worker-us-central1-nextssr-89f52e74-da14-4caf-bf86-8ed4e8d37581]: BUSY {"metadata":{"emulator":{"name":"functions"},"function":{"name":"us-central1-nextssr"},"extension":{},"message":"[worker-us-central1-nextssr-89f52e74-da14-4caf-bf86-8ed4e8d37581]: BUSY"}}
[debug] [2025-05-29T19:20:13.242Z] Finishing up request with event=pause {"metadata":{"emulator":{"name":"functions"},"function":{"name":"us-central1-nextssr"},"extension":{},"message":"Finishing up request with event=pause"}}
[info] i  functions: Finished "us-central1-nextssr" in 40.7331ms {"metadata":{"emulator":{"name":"functions"},"function":{"name":"us-central1-nextssr"},"extension":{},"message":"Finished \"us-central1-nextssr\" in 40.7331ms"}}
[debug] [2025-05-29T19:20:13.279Z] [worker-us-central1-nextssr-ea3e2665-57ff-45a1-ab5e-cb41a72c8ae8]: IDLE {"metadata":{"emulator":{"name":"functions"},"function":{"name":"us-central1-nextssr"},"extension":{},"message":"[worker-us-central1-nextssr-ea3e2665-57ff-45a1-ab5e-cb41a72c8ae8]: IDLE"}}
[debug] [2025-05-29T19:20:13.279Z] Finishing up request with event=finish {"metadata":{"emulator":{"name":"functions"},"function":{"name":"us-central1-nextssr"},"extension":{},"message":"Finishing up request with event=finish"}}
[debug] [2025-05-29T19:20:13.279Z] Finishing up request with event=close {"metadata":{"emulator":{"name":"functions"},"function":{"name":"us-central1-nextssr"},"extension":{},"message":"Finishing up request with event=close"}}
[debug] [2025-05-29T19:20:13.279Z] [work-queue] {"queuedWork":[],"queueLength":0,"runningWork":["/familia-viva-recife/us-central1/nextssr/undefined/events-2025-05-29T19:20:12.003Z","/familia-viva-recife/us-central1/nextssr/undefined/banner-2025-05-29T19:20:12.021Z","/familia-viva-recife/us-central1/nextssr/undefined/footer-2025-05-29T19:20:12.031Z","/familia-viva-recife/us-central1/nextssr/api/auth/_log-2025-05-29T19:20:13.186Z","/familia-viva-recife/us-central1/nextssr/undefined/firebase/logo-2025-05-29T19:20:13.206Z"],"workRunningCount":5}
[debug] [2025-05-29T19:20:13.280Z] <<< [apiv2][status] GET http://127.0.0.1:5001/familia-viva-recife/us-central1/nextssr/_next/static/css/5a00a8e1b666989f.css 200
[debug] [2025-05-29T19:20:13.280Z] <<< [apiv2][body] GET http://127.0.0.1:5001/familia-viva-recife/us-central1/nextssr/_next/static/css/5a00a8e1b666989f.css [stream]
[info] i  hosting: 127.0.0.1 - - [29/May/2025:19:20:13 +0000] "GET /_next/static/css/5a00a8e1b666989f.css HTTP/1.1" 200 1217 "http://127.0.0.1:5000/" "Mozilla/5.0 (Windows NT 10.0; Win64; x64) AppleWebKit/537.36 (KHTML, like Gecko) Chrome/136.0.0.0 Safari/537.36 Edg/136.0.0.0" {"metadata":{"emulator":{"name":"hosting"},"message":"127.0.0.1 - - [29/May/2025:19:20:13 +0000] \"GET /_next/static/css/5a00a8e1b666989f.css HTTP/1.1\" 200 1217 \"http://127.0.0.1:5000/\" \"Mozilla/5.0 (Windows NT 10.0; Win64; x64) AppleWebKit/537.36 (KHTML, like Gecko) Chrome/136.0.0.0 Safari/537.36 Edg/136.0.0.0\""}}
[info] >   ⨯ [TypeError: Response body object should not be disturbed or locked] {"user":" ⨯ [TypeError: Response body object should not be disturbed or locked]","metadata":{"emulator":{"name":"functions"},"function":{"name":"us-central1-nextssr"},"extension":{},"message":"\u001b[90m> \u001b[39m  ⨯ [TypeError: Response body object should not be disturbed or locked]"}}
[info] >   ⨯ [TypeError: Response body object should not be disturbed or locked] {"user":" ⨯ [TypeError: Response body object should not be disturbed or locked]","metadata":{"emulator":{"name":"functions"},"function":{"name":"us-central1-nextssr"},"extension":{},"message":"\u001b[90m> \u001b[39m  ⨯ [TypeError: Response body object should not be disturbed or locked]"}}
[debug] [2025-05-29T19:20:13.316Z] Finishing up request with event=pause {"metadata":{"emulator":{"name":"functions"},"function":{"name":"us-central1-nextssr"},"extension":{},"message":"Finishing up request with event=pause"}}
[info] i  functions: Finished "us-central1-nextssr" in 126.7557ms {"metadata":{"emulator":{"name":"functions"},"function":{"name":"us-central1-nextssr"},"extension":{},"message":"Finished \"us-central1-nextssr\" in 126.7557ms"}}
[debug] [2025-05-29T19:20:13.317Z] [worker-us-central1-nextssr-d906d7b6-62b8-4707-b0a2-780f82f3e176]: IDLE {"metadata":{"emulator":{"name":"functions"},"function":{"name":"us-central1-nextssr"},"extension":{},"message":"[worker-us-central1-nextssr-d906d7b6-62b8-4707-b0a2-780f82f3e176]: IDLE"}}
[debug] [2025-05-29T19:20:13.318Z] Finishing up request with event=finish {"metadata":{"emulator":{"name":"functions"},"function":{"name":"us-central1-nextssr"},"extension":{},"message":"Finishing up request with event=finish"}}
[debug] [2025-05-29T19:20:13.318Z] Finishing up request with event=close {"metadata":{"emulator":{"name":"functions"},"function":{"name":"us-central1-nextssr"},"extension":{},"message":"Finishing up request with event=close"}}
[debug] [2025-05-29T19:20:13.318Z] [work-queue] {"queuedWork":[],"queueLength":0,"runningWork":["/familia-viva-recife/us-central1/nextssr/undefined/events-2025-05-29T19:20:12.003Z","/familia-viva-recife/us-central1/nextssr/undefined/banner-2025-05-29T19:20:12.021Z","/familia-viva-recife/us-central1/nextssr/undefined/footer-2025-05-29T19:20:12.031Z","/familia-viva-recife/us-central1/nextssr/undefined/firebase/logo-2025-05-29T19:20:13.206Z"],"workRunningCount":4}
[debug] [2025-05-29T19:20:13.319Z] Finishing up request with event=pause {"metadata":{"emulator":{"name":"functions"},"function":{"name":"us-central1-nextssr"},"extension":{},"message":"Finishing up request with event=pause"}}
[info] i  functions: Finished "us-central1-nextssr" in 78.9747ms {"metadata":{"emulator":{"name":"functions"},"function":{"name":"us-central1-nextssr"},"extension":{},"message":"Finished \"us-central1-nextssr\" in 78.9747ms"}}
[debug] [2025-05-29T19:20:13.320Z] [worker-us-central1-nextssr-89f52e74-da14-4caf-bf86-8ed4e8d37581]: IDLE {"metadata":{"emulator":{"name":"functions"},"function":{"name":"us-central1-nextssr"},"extension":{},"message":"[worker-us-central1-nextssr-89f52e74-da14-4caf-bf86-8ed4e8d37581]: IDLE"}}
[debug] [2025-05-29T19:20:13.320Z] Finishing up request with event=finish {"metadata":{"emulator":{"name":"functions"},"function":{"name":"us-central1-nextssr"},"extension":{},"message":"Finishing up request with event=finish"}}
[debug] [2025-05-29T19:20:13.320Z] Finishing up request with event=close {"metadata":{"emulator":{"name":"functions"},"function":{"name":"us-central1-nextssr"},"extension":{},"message":"Finishing up request with event=close"}}
[debug] [2025-05-29T19:20:13.320Z] [work-queue] {"queuedWork":[],"queueLength":0,"runningWork":["/familia-viva-recife/us-central1/nextssr/undefined/events-2025-05-29T19:20:12.003Z","/familia-viva-recife/us-central1/nextssr/undefined/banner-2025-05-29T19:20:12.021Z","/familia-viva-recife/us-central1/nextssr/undefined/footer-2025-05-29T19:20:12.031Z"],"workRunningCount":3}
[debug] [2025-05-29T19:20:13.322Z] <<< [apiv2][status] POST http://127.0.0.1:5001/familia-viva-recife/us-central1/nextssr/api/auth/_log 500
[debug] [2025-05-29T19:20:13.322Z] <<< [apiv2][body] POST http://127.0.0.1:5001/familia-viva-recife/us-central1/nextssr/api/auth/_log [stream]
[info] i  hosting: 127.0.0.1 - - [29/May/2025:19:20:13 +0000] "POST /api/auth/_log HTTP/1.1" 500 - "http://127.0.0.1:5000/" "Mozilla/5.0 (Windows NT 10.0; Win64; x64) AppleWebKit/537.36 (KHTML, like Gecko) Chrome/136.0.0.0 Safari/537.36 Edg/136.0.0.0" {"metadata":{"emulator":{"name":"hosting"},"message":"127.0.0.1 - - [29/May/2025:19:20:13 +0000] \"POST /api/auth/_log HTTP/1.1\" 500 - \"http://127.0.0.1:5000/\" \"Mozilla/5.0 (Windows NT 10.0; Win64; x64) AppleWebKit/537.36 (KHTML, like Gecko) Chrome/136.0.0.0 Safari/537.36 Edg/136.0.0.0\""}}
[debug] [2025-05-29T19:20:13.328Z] <<< [apiv2][status] GET http://127.0.0.1:5001/familia-viva-recife/us-central1/nextssr/undefined/firebase/logo 404
[debug] [2025-05-29T19:20:13.328Z] <<< [apiv2][body] GET http://127.0.0.1:5001/familia-viva-recife/us-central1/nextssr/undefined/firebase/logo [stream]
[info] i  hosting: 127.0.0.1 - - [29/May/2025:19:20:13 +0000] "GET /undefined/firebase/logo HTTP/1.1" 404 - "http://127.0.0.1:5000/" "Mozilla/5.0 (Windows NT 10.0; Win64; x64) AppleWebKit/537.36 (KHTML, like Gecko) Chrome/136.0.0.0 Safari/537.36 Edg/136.0.0.0" {"metadata":{"emulator":{"name":"hosting"},"message":"127.0.0.1 - - [29/May/2025:19:20:13 +0000] \"GET /undefined/firebase/logo HTTP/1.1\" 404 - \"http://127.0.0.1:5000/\" \"Mozilla/5.0 (Windows NT 10.0; Win64; x64) AppleWebKit/537.36 (KHTML, like Gecko) Chrome/136.0.0.0 Safari/537.36 Edg/136.0.0.0\""}}
[info] [hosting] Rewriting /_next/static/chunks/app/(pages)/projeto/page-e1047bd6f9afc095.js to http://127.0.0.1:5001/familia-viva-recife/us-central1/nextssr for local Function us-central1/nextssr
[debug] [2025-05-29T19:20:13.341Z] >>> [apiv2][query] GET http://127.0.0.1:5001/familia-viva-recife/us-central1/nextssr/_next/static/chunks/app/(pages)/projeto/page-e1047bd6f9afc095.js 
[debug] [2025-05-29T19:20:13.347Z] [work-queue] {"queuedWork":["/familia-viva-recife/us-central1/nextssr/_next/static/chunks/app/(pages)/projeto/page-e1047bd6f9afc095.js-2025-05-29T19:20:13.347Z"],"queueLength":1,"runningWork":["/familia-viva-recife/us-central1/nextssr/undefined/events-2025-05-29T19:20:12.003Z","/familia-viva-recife/us-central1/nextssr/undefined/banner-2025-05-29T19:20:12.021Z","/familia-viva-recife/us-central1/nextssr/undefined/footer-2025-05-29T19:20:12.031Z"],"workRunningCount":3}
[debug] [2025-05-29T19:20:13.347Z] [work-queue] {"queuedWork":[],"queueLength":0,"runningWork":["/familia-viva-recife/us-central1/nextssr/undefined/events-2025-05-29T19:20:12.003Z","/familia-viva-recife/us-central1/nextssr/undefined/banner-2025-05-29T19:20:12.021Z","/familia-viva-recife/us-central1/nextssr/undefined/footer-2025-05-29T19:20:12.031Z","/familia-viva-recife/us-central1/nextssr/_next/static/chunks/app/(pages)/projeto/page-e1047bd6f9afc095.js-2025-05-29T19:20:13.347Z"],"workRunningCount":4}
[debug] [2025-05-29T19:20:13.347Z] Accepted request GET /familia-viva-recife/us-central1/nextssr/_next/static/chunks/app/(pages)/projeto/page-e1047bd6f9afc095.js --> us-central1-nextssr
[debug] [2025-05-29T19:20:13.347Z] [functions] Runtime ready! Sending request! {"metadata":{"emulator":{"name":"functions"},"message":"[functions] Runtime ready! Sending request!"}}
[debug] [2025-05-29T19:20:13.348Z] [functions] Got req.url=/familia-viva-recife/us-central1/nextssr/_next/static/chunks/app/(pages)/projeto/page-e1047bd6f9afc095.js, mapping to path=/_next/static/chunks/app/(pages)/projeto/page-e1047bd6f9afc095.js {"metadata":{"emulator":{"name":"functions"},"message":"[functions] Got req.url=/familia-viva-recife/us-central1/nextssr/_next/static/chunks/app/(pages)/projeto/page-e1047bd6f9afc095.js, mapping to path=/_next/static/chunks/app/(pages)/projeto/page-e1047bd6f9afc095.js"}}
[debug] [2025-05-29T19:20:13.348Z] [worker-pool] submitRequest(triggerId=us-central1-nextssr) {"metadata":{"emulator":{"name":"functions"},"message":"[worker-pool] submitRequest(triggerId=us-central1-nextssr)"}}
[info] i  functions: Beginning execution of "us-central1-nextssr" {"metadata":{"emulator":{"name":"functions"},"function":{"name":"us-central1-nextssr"},"extension":{},"message":"Beginning execution of \"us-central1-nextssr\""}}
[debug] [2025-05-29T19:20:13.350Z] [worker-us-central1-nextssr-d906d7b6-62b8-4707-b0a2-780f82f3e176]: BUSY {"metadata":{"emulator":{"name":"functions"},"function":{"name":"us-central1-nextssr"},"extension":{},"message":"[worker-us-central1-nextssr-d906d7b6-62b8-4707-b0a2-780f82f3e176]: BUSY"}}
[info] [hosting] Rewriting /_next/static/chunks/app/(pages)/galeria/page-99e05ec00a415c71.js to http://127.0.0.1:5001/familia-viva-recife/us-central1/nextssr for local Function us-central1/nextssr
[debug] [2025-05-29T19:20:13.373Z] >>> [apiv2][query] GET http://127.0.0.1:5001/familia-viva-recife/us-central1/nextssr/_next/static/chunks/app/(pages)/galeria/page-99e05ec00a415c71.js 
[info] [hosting] Rewriting /logo.svg to http://127.0.0.1:5001/familia-viva-recife/us-central1/nextssr for local Function us-central1/nextssr
[debug] [2025-05-29T19:20:13.380Z] >>> [apiv2][query] GET http://127.0.0.1:5001/familia-viva-recife/us-central1/nextssr/logo.svg 
[debug] [2025-05-29T19:20:13.383Z] Finishing up request with event=pause {"metadata":{"emulator":{"name":"functions"},"function":{"name":"us-central1-nextssr"},"extension":{},"message":"Finishing up request with event=pause"}}
[info] i  functions: Finished "us-central1-nextssr" in 33.0681ms {"metadata":{"emulator":{"name":"functions"},"function":{"name":"us-central1-nextssr"},"extension":{},"message":"Finished \"us-central1-nextssr\" in 33.0681ms"}}
[debug] [2025-05-29T19:20:13.385Z] [worker-us-central1-nextssr-d906d7b6-62b8-4707-b0a2-780f82f3e176]: IDLE {"metadata":{"emulator":{"name":"functions"},"function":{"name":"us-central1-nextssr"},"extension":{},"message":"[worker-us-central1-nextssr-d906d7b6-62b8-4707-b0a2-780f82f3e176]: IDLE"}}
[debug] [2025-05-29T19:20:13.386Z] Finishing up request with event=finish {"metadata":{"emulator":{"name":"functions"},"function":{"name":"us-central1-nextssr"},"extension":{},"message":"Finishing up request with event=finish"}}
[debug] [2025-05-29T19:20:13.387Z] Finishing up request with event=close {"metadata":{"emulator":{"name":"functions"},"function":{"name":"us-central1-nextssr"},"extension":{},"message":"Finishing up request with event=close"}}
[debug] [2025-05-29T19:20:13.387Z] [work-queue] {"queuedWork":[],"queueLength":0,"runningWork":["/familia-viva-recife/us-central1/nextssr/undefined/events-2025-05-29T19:20:12.003Z","/familia-viva-recife/us-central1/nextssr/undefined/banner-2025-05-29T19:20:12.021Z","/familia-viva-recife/us-central1/nextssr/undefined/footer-2025-05-29T19:20:12.031Z"],"workRunningCount":3}
[debug] [2025-05-29T19:20:13.388Z] [work-queue] {"queuedWork":["/familia-viva-recife/us-central1/nextssr/_next/static/chunks/app/(pages)/galeria/page-99e05ec00a415c71.js-2025-05-29T19:20:13.388Z"],"queueLength":1,"runningWork":["/familia-viva-recife/us-central1/nextssr/undefined/events-2025-05-29T19:20:12.003Z","/familia-viva-recife/us-central1/nextssr/undefined/banner-2025-05-29T19:20:12.021Z","/familia-viva-recife/us-central1/nextssr/undefined/footer-2025-05-29T19:20:12.031Z"],"workRunningCount":3}
[debug] [2025-05-29T19:20:13.388Z] [work-queue] {"queuedWork":[],"queueLength":0,"runningWork":["/familia-viva-recife/us-central1/nextssr/undefined/events-2025-05-29T19:20:12.003Z","/familia-viva-recife/us-central1/nextssr/undefined/banner-2025-05-29T19:20:12.021Z","/familia-viva-recife/us-central1/nextssr/undefined/footer-2025-05-29T19:20:12.031Z","/familia-viva-recife/us-central1/nextssr/_next/static/chunks/app/(pages)/galeria/page-99e05ec00a415c71.js-2025-05-29T19:20:13.388Z"],"workRunningCount":4}
[debug] [2025-05-29T19:20:13.388Z] Accepted request GET /familia-viva-recife/us-central1/nextssr/_next/static/chunks/app/(pages)/galeria/page-99e05ec00a415c71.js --> us-central1-nextssr
[debug] [2025-05-29T19:20:13.388Z] [functions] Runtime ready! Sending request! {"metadata":{"emulator":{"name":"functions"},"message":"[functions] Runtime ready! Sending request!"}}
[debug] [2025-05-29T19:20:13.389Z] [functions] Got req.url=/familia-viva-recife/us-central1/nextssr/_next/static/chunks/app/(pages)/galeria/page-99e05ec00a415c71.js, mapping to path=/_next/static/chunks/app/(pages)/galeria/page-99e05ec00a415c71.js {"metadata":{"emulator":{"name":"functions"},"message":"[functions] Got req.url=/familia-viva-recife/us-central1/nextssr/_next/static/chunks/app/(pages)/galeria/page-99e05ec00a415c71.js, mapping to path=/_next/static/chunks/app/(pages)/galeria/page-99e05ec00a415c71.js"}}
[debug] [2025-05-29T19:20:13.389Z] [worker-pool] submitRequest(triggerId=us-central1-nextssr) {"metadata":{"emulator":{"name":"functions"},"message":"[worker-pool] submitRequest(triggerId=us-central1-nextssr)"}}
[info] i  functions: Beginning execution of "us-central1-nextssr" {"metadata":{"emulator":{"name":"functions"},"function":{"name":"us-central1-nextssr"},"extension":{},"message":"Beginning execution of \"us-central1-nextssr\""}}
[debug] [2025-05-29T19:20:13.391Z] [worker-us-central1-nextssr-d906d7b6-62b8-4707-b0a2-780f82f3e176]: BUSY {"metadata":{"emulator":{"name":"functions"},"function":{"name":"us-central1-nextssr"},"extension":{},"message":"[worker-us-central1-nextssr-d906d7b6-62b8-4707-b0a2-780f82f3e176]: BUSY"}}
[debug] [2025-05-29T19:20:13.391Z] [work-queue] {"queuedWork":["/familia-viva-recife/us-central1/nextssr/logo.svg-2025-05-29T19:20:13.391Z"],"queueLength":1,"runningWork":["/familia-viva-recife/us-central1/nextssr/undefined/events-2025-05-29T19:20:12.003Z","/familia-viva-recife/us-central1/nextssr/undefined/banner-2025-05-29T19:20:12.021Z","/familia-viva-recife/us-central1/nextssr/undefined/footer-2025-05-29T19:20:12.031Z","/familia-viva-recife/us-central1/nextssr/_next/static/chunks/app/(pages)/galeria/page-99e05ec00a415c71.js-2025-05-29T19:20:13.388Z"],"workRunningCount":4}
[debug] [2025-05-29T19:20:13.392Z] [work-queue] {"queuedWork":[],"queueLength":0,"runningWork":["/familia-viva-recife/us-central1/nextssr/undefined/events-2025-05-29T19:20:12.003Z","/familia-viva-recife/us-central1/nextssr/undefined/banner-2025-05-29T19:20:12.021Z","/familia-viva-recife/us-central1/nextssr/undefined/footer-2025-05-29T19:20:12.031Z","/familia-viva-recife/us-central1/nextssr/_next/static/chunks/app/(pages)/galeria/page-99e05ec00a415c71.js-2025-05-29T19:20:13.388Z","/familia-viva-recife/us-central1/nextssr/logo.svg-2025-05-29T19:20:13.391Z"],"workRunningCount":5}
[debug] [2025-05-29T19:20:13.392Z] Accepted request GET /familia-viva-recife/us-central1/nextssr/logo.svg --> us-central1-nextssr
[debug] [2025-05-29T19:20:13.399Z] [functions] Runtime ready! Sending request! {"metadata":{"emulator":{"name":"functions"},"message":"[functions] Runtime ready! Sending request!"}}
[debug] [2025-05-29T19:20:13.399Z] [functions] Got req.url=/familia-viva-recife/us-central1/nextssr/logo.svg, mapping to path=/logo.svg {"metadata":{"emulator":{"name":"functions"},"message":"[functions] Got req.url=/familia-viva-recife/us-central1/nextssr/logo.svg, mapping to path=/logo.svg"}}
[debug] [2025-05-29T19:20:13.399Z] [worker-pool] submitRequest(triggerId=us-central1-nextssr) {"metadata":{"emulator":{"name":"functions"},"message":"[worker-pool] submitRequest(triggerId=us-central1-nextssr)"}}
[info] i  functions: Beginning execution of "us-central1-nextssr" {"metadata":{"emulator":{"name":"functions"},"function":{"name":"us-central1-nextssr"},"extension":{},"message":"Beginning execution of \"us-central1-nextssr\""}}
[debug] [2025-05-29T19:20:13.405Z] [worker-us-central1-nextssr-ea3e2665-57ff-45a1-ab5e-cb41a72c8ae8]: BUSY {"metadata":{"emulator":{"name":"functions"},"function":{"name":"us-central1-nextssr"},"extension":{},"message":"[worker-us-central1-nextssr-ea3e2665-57ff-45a1-ab5e-cb41a72c8ae8]: BUSY"}}
[debug] [2025-05-29T19:20:13.426Z] <<< [apiv2][status] GET http://127.0.0.1:5001/familia-viva-recife/us-central1/nextssr/_next/static/chunks/app/(pages)/projeto/page-e1047bd6f9afc095.js 200
[debug] [2025-05-29T19:20:13.433Z] <<< [apiv2][body] GET http://127.0.0.1:5001/familia-viva-recife/us-central1/nextssr/_next/static/chunks/app/(pages)/projeto/page-e1047bd6f9afc095.js [stream]
[info] i  hosting: 127.0.0.1 - - [29/May/2025:19:20:13 +0000] "GET /_next/static/chunks/app/(pages)/projeto/page-e1047bd6f9afc095.js HTTP/1.1" 200 3507 "http://127.0.0.1:5000/" "Mozilla/5.0 (Windows NT 10.0; Win64; x64) AppleWebKit/537.36 (KHTML, like Gecko) Chrome/136.0.0.0 Safari/537.36 Edg/136.0.0.0" {"metadata":{"emulator":{"name":"hosting"},"message":"127.0.0.1 - - [29/May/2025:19:20:13 +0000] \"GET /_next/static/chunks/app/(pages)/projeto/page-e1047bd6f9afc095.js HTTP/1.1\" 200 3507 \"http://127.0.0.1:5000/\" \"Mozilla/5.0 (Windows NT 10.0; Win64; x64) AppleWebKit/537.36 (KHTML, like Gecko) Chrome/136.0.0.0 Safari/537.36 Edg/136.0.0.0\""}}
[debug] [2025-05-29T19:20:13.456Z] Finishing up request with event=pause {"metadata":{"emulator":{"name":"functions"},"function":{"name":"us-central1-nextssr"},"extension":{},"message":"Finishing up request with event=pause"}}
[info] i  functions: Finished "us-central1-nextssr" in 65.9095ms {"metadata":{"emulator":{"name":"functions"},"function":{"name":"us-central1-nextssr"},"extension":{},"message":"Finished \"us-central1-nextssr\" in 65.9095ms"}}
[debug] [2025-05-29T19:20:13.462Z] [worker-us-central1-nextssr-d906d7b6-62b8-4707-b0a2-780f82f3e176]: IDLE {"metadata":{"emulator":{"name":"functions"},"function":{"name":"us-central1-nextssr"},"extension":{},"message":"[worker-us-central1-nextssr-d906d7b6-62b8-4707-b0a2-780f82f3e176]: IDLE"}}
[debug] [2025-05-29T19:20:13.464Z] Finishing up request with event=finish {"metadata":{"emulator":{"name":"functions"},"function":{"name":"us-central1-nextssr"},"extension":{},"message":"Finishing up request with event=finish"}}
[debug] [2025-05-29T19:20:13.464Z] Finishing up request with event=close {"metadata":{"emulator":{"name":"functions"},"function":{"name":"us-central1-nextssr"},"extension":{},"message":"Finishing up request with event=close"}}
[debug] [2025-05-29T19:20:13.464Z] [work-queue] {"queuedWork":[],"queueLength":0,"runningWork":["/familia-viva-recife/us-central1/nextssr/undefined/events-2025-05-29T19:20:12.003Z","/familia-viva-recife/us-central1/nextssr/undefined/banner-2025-05-29T19:20:12.021Z","/familia-viva-recife/us-central1/nextssr/undefined/footer-2025-05-29T19:20:12.031Z","/familia-viva-recife/us-central1/nextssr/logo.svg-2025-05-29T19:20:13.391Z"],"workRunningCount":4}
[debug] [2025-05-29T19:20:13.467Z] <<< [apiv2][status] GET http://127.0.0.1:5001/familia-viva-recife/us-central1/nextssr/_next/static/chunks/app/(pages)/galeria/page-99e05ec00a415c71.js 200
[debug] [2025-05-29T19:20:13.467Z] <<< [apiv2][body] GET http://127.0.0.1:5001/familia-viva-recife/us-central1/nextssr/_next/static/chunks/app/(pages)/galeria/page-99e05ec00a415c71.js [stream]
[info] i  hosting: 127.0.0.1 - - [29/May/2025:19:20:13 +0000] "GET /_next/static/chunks/app/(pages)/galeria/page-99e05ec00a415c71.js HTTP/1.1" 200 6609 "http://127.0.0.1:5000/" "Mozilla/5.0 (Windows NT 10.0; Win64; x64) AppleWebKit/537.36 (KHTML, like Gecko) Chrome/136.0.0.0 Safari/537.36 Edg/136.0.0.0" {"metadata":{"emulator":{"name":"hosting"},"message":"127.0.0.1 - - [29/May/2025:19:20:13 +0000] \"GET /_next/static/chunks/app/(pages)/galeria/page-99e05ec00a415c71.js HTTP/1.1\" 200 6609 \"http://127.0.0.1:5000/\" \"Mozilla/5.0 (Windows NT 10.0; Win64; x64) AppleWebKit/537.36 (KHTML, like Gecko) Chrome/136.0.0.0 Safari/537.36 Edg/136.0.0.0\""}}
[debug] [2025-05-29T19:20:13.486Z] Finishing up request with event=pause {"metadata":{"emulator":{"name":"functions"},"function":{"name":"us-central1-nextssr"},"extension":{},"message":"Finishing up request with event=pause"}}
[info] i  functions: Finished "us-central1-nextssr" in 81.1449ms {"metadata":{"emulator":{"name":"functions"},"function":{"name":"us-central1-nextssr"},"extension":{},"message":"Finished \"us-central1-nextssr\" in 81.1449ms"}}
[debug] [2025-05-29T19:20:13.494Z] [worker-us-central1-nextssr-ea3e2665-57ff-45a1-ab5e-cb41a72c8ae8]: IDLE {"metadata":{"emulator":{"name":"functions"},"function":{"name":"us-central1-nextssr"},"extension":{},"message":"[worker-us-central1-nextssr-ea3e2665-57ff-45a1-ab5e-cb41a72c8ae8]: IDLE"}}
[debug] [2025-05-29T19:20:13.495Z] Finishing up request with event=pause {"metadata":{"emulator":{"name":"functions"},"function":{"name":"us-central1-nextssr"},"extension":{},"message":"Finishing up request with event=pause"}}
[debug] [2025-05-29T19:20:13.495Z] Finishing up request with event=pause {"metadata":{"emulator":{"name":"functions"},"function":{"name":"us-central1-nextssr"},"extension":{},"message":"Finishing up request with event=pause"}}
[debug] [2025-05-29T19:20:13.495Z] Finishing up request with event=pause {"metadata":{"emulator":{"name":"functions"},"function":{"name":"us-central1-nextssr"},"extension":{},"message":"Finishing up request with event=pause"}}
[debug] [2025-05-29T19:20:13.503Z] [work-queue] {"queuedWork":[],"queueLength":0,"runningWork":["/familia-viva-recife/us-central1/nextssr/undefined/events-2025-05-29T19:20:12.003Z","/familia-viva-recife/us-central1/nextssr/undefined/banner-2025-05-29T19:20:12.021Z","/familia-viva-recife/us-central1/nextssr/undefined/footer-2025-05-29T19:20:12.031Z"],"workRunningCount":3}
[debug] [2025-05-29T19:20:13.504Z] <<< [apiv2][status] GET http://127.0.0.1:5001/familia-viva-recife/us-central1/nextssr/logo.svg 200
[debug] [2025-05-29T19:20:13.504Z] <<< [apiv2][body] GET http://127.0.0.1:5001/familia-viva-recife/us-central1/nextssr/logo.svg [stream]
[debug] [2025-05-29T19:20:13.511Z] Finishing up request with event=pause {"metadata":{"emulator":{"name":"functions"},"function":{"name":"us-central1-nextssr"},"extension":{},"message":"Finishing up request with event=pause"}}
[debug] [2025-05-29T19:20:13.511Z] Finishing up request with event=pause {"metadata":{"emulator":{"name":"functions"},"function":{"name":"us-central1-nextssr"},"extension":{},"message":"Finishing up request with event=pause"}}
[debug] [2025-05-29T19:20:13.512Z] Finishing up request with event=pause {"metadata":{"emulator":{"name":"functions"},"function":{"name":"us-central1-nextssr"},"extension":{},"message":"Finishing up request with event=pause"}}
[debug] [2025-05-29T19:20:13.513Z] Finishing up request with event=pause {"metadata":{"emulator":{"name":"functions"},"function":{"name":"us-central1-nextssr"},"extension":{},"message":"Finishing up request with event=pause"}}
[debug] [2025-05-29T19:20:13.515Z] Finishing up request with event=pause {"metadata":{"emulator":{"name":"functions"},"function":{"name":"us-central1-nextssr"},"extension":{},"message":"Finishing up request with event=pause"}}
[debug] [2025-05-29T19:20:13.516Z] Finishing up request with event=pause {"metadata":{"emulator":{"name":"functions"},"function":{"name":"us-central1-nextssr"},"extension":{},"message":"Finishing up request with event=pause"}}
[debug] [2025-05-29T19:20:13.517Z] Finishing up request with event=pause {"metadata":{"emulator":{"name":"functions"},"function":{"name":"us-central1-nextssr"},"extension":{},"message":"Finishing up request with event=pause"}}
[debug] [2025-05-29T19:20:13.517Z] Finishing up request with event=pause {"metadata":{"emulator":{"name":"functions"},"function":{"name":"us-central1-nextssr"},"extension":{},"message":"Finishing up request with event=pause"}}
[debug] [2025-05-29T19:20:13.520Z] Finishing up request with event=pause {"metadata":{"emulator":{"name":"functions"},"function":{"name":"us-central1-nextssr"},"extension":{},"message":"Finishing up request with event=pause"}}
[debug] [2025-05-29T19:20:13.520Z] Finishing up request with event=pause {"metadata":{"emulator":{"name":"functions"},"function":{"name":"us-central1-nextssr"},"extension":{},"message":"Finishing up request with event=pause"}}
[debug] [2025-05-29T19:20:13.521Z] Finishing up request with event=pause {"metadata":{"emulator":{"name":"functions"},"function":{"name":"us-central1-nextssr"},"extension":{},"message":"Finishing up request with event=pause"}}
[debug] [2025-05-29T19:20:13.521Z] Finishing up request with event=pause {"metadata":{"emulator":{"name":"functions"},"function":{"name":"us-central1-nextssr"},"extension":{},"message":"Finishing up request with event=pause"}}
[debug] [2025-05-29T19:20:13.523Z] Finishing up request with event=pause {"metadata":{"emulator":{"name":"functions"},"function":{"name":"us-central1-nextssr"},"extension":{},"message":"Finishing up request with event=pause"}}
[debug] [2025-05-29T19:20:13.524Z] Finishing up request with event=pause {"metadata":{"emulator":{"name":"functions"},"function":{"name":"us-central1-nextssr"},"extension":{},"message":"Finishing up request with event=pause"}}
[debug] [2025-05-29T19:20:13.526Z] Finishing up request with event=pause {"metadata":{"emulator":{"name":"functions"},"function":{"name":"us-central1-nextssr"},"extension":{},"message":"Finishing up request with event=pause"}}
[debug] [2025-05-29T19:20:13.529Z] Finishing up request with event=pause {"metadata":{"emulator":{"name":"functions"},"function":{"name":"us-central1-nextssr"},"extension":{},"message":"Finishing up request with event=pause"}}
[info] [hosting] Rewriting /redes?_rsc=1ld0r to http://127.0.0.1:5001/familia-viva-recife/us-central1/nextssr for local Function us-central1/nextssr
[debug] [2025-05-29T19:20:13.536Z] >>> [apiv2][query] GET http://127.0.0.1:5001/familia-viva-recife/us-central1/nextssr/redes _rsc=1ld0r
[debug] [2025-05-29T19:20:13.541Z] Finishing up request with event=pause {"metadata":{"emulator":{"name":"functions"},"function":{"name":"us-central1-nextssr"},"extension":{},"message":"Finishing up request with event=pause"}}
[debug] [2025-05-29T19:20:13.541Z] Finishing up request with event=pause {"metadata":{"emulator":{"name":"functions"},"function":{"name":"us-central1-nextssr"},"extension":{},"message":"Finishing up request with event=pause"}}
[debug] [2025-05-29T19:20:13.542Z] Finishing up request with event=pause {"metadata":{"emulator":{"name":"functions"},"function":{"name":"us-central1-nextssr"},"extension":{},"message":"Finishing up request with event=pause"}}
[debug] [2025-05-29T19:20:13.542Z] Finishing up request with event=finish {"metadata":{"emulator":{"name":"functions"},"function":{"name":"us-central1-nextssr"},"extension":{},"message":"Finishing up request with event=finish"}}
[debug] [2025-05-29T19:20:13.542Z] Finishing up request with event=close {"metadata":{"emulator":{"name":"functions"},"function":{"name":"us-central1-nextssr"},"extension":{},"message":"Finishing up request with event=close"}}
[debug] [2025-05-29T19:20:13.548Z] [work-queue] {"queuedWork":["/familia-viva-recife/us-central1/nextssr/redes-2025-05-29T19:20:13.548Z"],"queueLength":1,"runningWork":["/familia-viva-recife/us-central1/nextssr/undefined/events-2025-05-29T19:20:12.003Z","/familia-viva-recife/us-central1/nextssr/undefined/banner-2025-05-29T19:20:12.021Z","/familia-viva-recife/us-central1/nextssr/undefined/footer-2025-05-29T19:20:12.031Z"],"workRunningCount":3}
[debug] [2025-05-29T19:20:13.548Z] [work-queue] {"queuedWork":[],"queueLength":0,"runningWork":["/familia-viva-recife/us-central1/nextssr/undefined/events-2025-05-29T19:20:12.003Z","/familia-viva-recife/us-central1/nextssr/undefined/banner-2025-05-29T19:20:12.021Z","/familia-viva-recife/us-central1/nextssr/undefined/footer-2025-05-29T19:20:12.031Z","/familia-viva-recife/us-central1/nextssr/redes-2025-05-29T19:20:13.548Z"],"workRunningCount":4}
[debug] [2025-05-29T19:20:13.548Z] Accepted request GET /familia-viva-recife/us-central1/nextssr/redes?_rsc=1ld0r --> us-central1-nextssr
[debug] [2025-05-29T19:20:13.549Z] [functions] Runtime ready! Sending request! {"metadata":{"emulator":{"name":"functions"},"message":"[functions] Runtime ready! Sending request!"}}
[debug] [2025-05-29T19:20:13.549Z] [functions] Got req.url=/familia-viva-recife/us-central1/nextssr/redes?_rsc=1ld0r, mapping to path=/redes?_rsc=1ld0r {"metadata":{"emulator":{"name":"functions"},"message":"[functions] Got req.url=/familia-viva-recife/us-central1/nextssr/redes?_rsc=1ld0r, mapping to path=/redes?_rsc=1ld0r"}}
[debug] [2025-05-29T19:20:13.549Z] [worker-pool] submitRequest(triggerId=us-central1-nextssr) {"metadata":{"emulator":{"name":"functions"},"message":"[worker-pool] submitRequest(triggerId=us-central1-nextssr)"}}
[info] i  functions: Beginning execution of "us-central1-nextssr" {"metadata":{"emulator":{"name":"functions"},"function":{"name":"us-central1-nextssr"},"extension":{},"message":"Beginning execution of \"us-central1-nextssr\""}}
[debug] [2025-05-29T19:20:13.558Z] [worker-us-central1-nextssr-d906d7b6-62b8-4707-b0a2-780f82f3e176]: BUSY {"metadata":{"emulator":{"name":"functions"},"function":{"name":"us-central1-nextssr"},"extension":{},"message":"[worker-us-central1-nextssr-d906d7b6-62b8-4707-b0a2-780f82f3e176]: BUSY"}}
[info] i  hosting: 127.0.0.1 - - [29/May/2025:19:20:13 +0000] "GET /logo.svg HTTP/1.1" 200 - "http://127.0.0.1:5000/" "Mozilla/5.0 (Windows NT 10.0; Win64; x64) AppleWebKit/537.36 (KHTML, like Gecko) Chrome/136.0.0.0 Safari/537.36 Edg/136.0.0.0" {"metadata":{"emulator":{"name":"hosting"},"message":"127.0.0.1 - - [29/May/2025:19:20:13 +0000] \"GET /logo.svg HTTP/1.1\" 200 - \"http://127.0.0.1:5000/\" \"Mozilla/5.0 (Windows NT 10.0; Win64; x64) AppleWebKit/537.36 (KHTML, like Gecko) Chrome/136.0.0.0 Safari/537.36 Edg/136.0.0.0\""}}
[debug] [2025-05-29T19:20:13.619Z] Finishing up request with event=pause {"metadata":{"emulator":{"name":"functions"},"function":{"name":"us-central1-nextssr"},"extension":{},"message":"Finishing up request with event=pause"}}
[info] i  functions: Finished "us-central1-nextssr" in 60.9017ms {"metadata":{"emulator":{"name":"functions"},"function":{"name":"us-central1-nextssr"},"extension":{},"message":"Finished \"us-central1-nextssr\" in 60.9017ms"}}
[debug] [2025-05-29T19:20:13.621Z] [worker-us-central1-nextssr-d906d7b6-62b8-4707-b0a2-780f82f3e176]: IDLE {"metadata":{"emulator":{"name":"functions"},"function":{"name":"us-central1-nextssr"},"extension":{},"message":"[worker-us-central1-nextssr-d906d7b6-62b8-4707-b0a2-780f82f3e176]: IDLE"}}
[debug] [2025-05-29T19:20:13.621Z] Finishing up request with event=finish {"metadata":{"emulator":{"name":"functions"},"function":{"name":"us-central1-nextssr"},"extension":{},"message":"Finishing up request with event=finish"}}
[debug] [2025-05-29T19:20:13.621Z] Finishing up request with event=close {"metadata":{"emulator":{"name":"functions"},"function":{"name":"us-central1-nextssr"},"extension":{},"message":"Finishing up request with event=close"}}
[debug] [2025-05-29T19:20:13.621Z] [work-queue] {"queuedWork":[],"queueLength":0,"runningWork":["/familia-viva-recife/us-central1/nextssr/undefined/events-2025-05-29T19:20:12.003Z","/familia-viva-recife/us-central1/nextssr/undefined/banner-2025-05-29T19:20:12.021Z","/familia-viva-recife/us-central1/nextssr/undefined/footer-2025-05-29T19:20:12.031Z"],"workRunningCount":3}
[debug] [2025-05-29T19:20:13.623Z] <<< [apiv2][status] GET http://127.0.0.1:5001/familia-viva-recife/us-central1/nextssr/redes 200
[debug] [2025-05-29T19:20:13.623Z] <<< [apiv2][body] GET http://127.0.0.1:5001/familia-viva-recife/us-central1/nextssr/redes [stream]
[info] i  hosting: 127.0.0.1 - - [29/May/2025:19:20:13 +0000] "GET /redes?_rsc=1ld0r HTTP/1.1" 200 - "http://127.0.0.1:5000/" "Mozilla/5.0 (Windows NT 10.0; Win64; x64) AppleWebKit/537.36 (KHTML, like Gecko) Chrome/136.0.0.0 Safari/537.36 Edg/136.0.0.0" {"metadata":{"emulator":{"name":"hosting"},"message":"127.0.0.1 - - [29/May/2025:19:20:13 +0000] \"GET /redes?_rsc=1ld0r HTTP/1.1\" 200 - \"http://127.0.0.1:5000/\" \"Mozilla/5.0 (Windows NT 10.0; Win64; x64) AppleWebKit/537.36 (KHTML, like Gecko) Chrome/136.0.0.0 Safari/537.36 Edg/136.0.0.0\""}}
[info] [hosting] Rewriting /login?_rsc=1ld0r to http://127.0.0.1:5001/familia-viva-recife/us-central1/nextssr for local Function us-central1/nextssr
[debug] [2025-05-29T19:20:13.648Z] >>> [apiv2][query] GET http://127.0.0.1:5001/familia-viva-recife/us-central1/nextssr/login _rsc=1ld0r
[debug] [2025-05-29T19:20:13.651Z] [work-queue] {"queuedWork":["/familia-viva-recife/us-central1/nextssr/login-2025-05-29T19:20:13.651Z"],"queueLength":1,"runningWork":["/familia-viva-recife/us-central1/nextssr/undefined/events-2025-05-29T19:20:12.003Z","/familia-viva-recife/us-central1/nextssr/undefined/banner-2025-05-29T19:20:12.021Z","/familia-viva-recife/us-central1/nextssr/undefined/footer-2025-05-29T19:20:12.031Z"],"workRunningCount":3}
[debug] [2025-05-29T19:20:13.651Z] [work-queue] {"queuedWork":[],"queueLength":0,"runningWork":["/familia-viva-recife/us-central1/nextssr/undefined/events-2025-05-29T19:20:12.003Z","/familia-viva-recife/us-central1/nextssr/undefined/banner-2025-05-29T19:20:12.021Z","/familia-viva-recife/us-central1/nextssr/undefined/footer-2025-05-29T19:20:12.031Z","/familia-viva-recife/us-central1/nextssr/login-2025-05-29T19:20:13.651Z"],"workRunningCount":4}
[debug] [2025-05-29T19:20:13.651Z] Accepted request GET /familia-viva-recife/us-central1/nextssr/login?_rsc=1ld0r --> us-central1-nextssr
[debug] [2025-05-29T19:20:13.651Z] [functions] Runtime ready! Sending request! {"metadata":{"emulator":{"name":"functions"},"message":"[functions] Runtime ready! Sending request!"}}
[debug] [2025-05-29T19:20:13.651Z] [functions] Got req.url=/familia-viva-recife/us-central1/nextssr/login?_rsc=1ld0r, mapping to path=/login?_rsc=1ld0r {"metadata":{"emulator":{"name":"functions"},"message":"[functions] Got req.url=/familia-viva-recife/us-central1/nextssr/login?_rsc=1ld0r, mapping to path=/login?_rsc=1ld0r"}}
[debug] [2025-05-29T19:20:13.652Z] [worker-pool] submitRequest(triggerId=us-central1-nextssr) {"metadata":{"emulator":{"name":"functions"},"message":"[worker-pool] submitRequest(triggerId=us-central1-nextssr)"}}
[info] i  functions: Beginning execution of "us-central1-nextssr" {"metadata":{"emulator":{"name":"functions"},"function":{"name":"us-central1-nextssr"},"extension":{},"message":"Beginning execution of \"us-central1-nextssr\""}}
[debug] [2025-05-29T19:20:13.657Z] [worker-us-central1-nextssr-d906d7b6-62b8-4707-b0a2-780f82f3e176]: BUSY {"metadata":{"emulator":{"name":"functions"},"function":{"name":"us-central1-nextssr"},"extension":{},"message":"[worker-us-central1-nextssr-d906d7b6-62b8-4707-b0a2-780f82f3e176]: BUSY"}}
[info] [hosting] Rewriting /_next/static/chunks/app/(pages)/redes/page-579852284e7672d0.js to http://127.0.0.1:5001/familia-viva-recife/us-central1/nextssr for local Function us-central1/nextssr
[debug] [2025-05-29T19:20:13.701Z] >>> [apiv2][query] GET http://127.0.0.1:5001/familia-viva-recife/us-central1/nextssr/_next/static/chunks/app/(pages)/redes/page-579852284e7672d0.js 
[info] [hosting] Rewriting /_next/static/css/d1cfcbd3a0edc131.css to http://127.0.0.1:5001/familia-viva-recife/us-central1/nextssr for local Function us-central1/nextssr
[debug] [2025-05-29T19:20:13.705Z] >>> [apiv2][query] GET http://127.0.0.1:5001/familia-viva-recife/us-central1/nextssr/_next/static/css/d1cfcbd3a0edc131.css 
[debug] [2025-05-29T19:20:13.708Z] Finishing up request with event=pause {"metadata":{"emulator":{"name":"functions"},"function":{"name":"us-central1-nextssr"},"extension":{},"message":"Finishing up request with event=pause"}}
[info] i  functions: Finished "us-central1-nextssr" in 51.12ms {"metadata":{"emulator":{"name":"functions"},"function":{"name":"us-central1-nextssr"},"extension":{},"message":"Finished \"us-central1-nextssr\" in 51.12ms"}}
[debug] [2025-05-29T19:20:13.715Z] [worker-us-central1-nextssr-d906d7b6-62b8-4707-b0a2-780f82f3e176]: IDLE {"metadata":{"emulator":{"name":"functions"},"function":{"name":"us-central1-nextssr"},"extension":{},"message":"[worker-us-central1-nextssr-d906d7b6-62b8-4707-b0a2-780f82f3e176]: IDLE"}}
[debug] [2025-05-29T19:20:13.715Z] Finishing up request with event=finish {"metadata":{"emulator":{"name":"functions"},"function":{"name":"us-central1-nextssr"},"extension":{},"message":"Finishing up request with event=finish"}}
[debug] [2025-05-29T19:20:13.716Z] Finishing up request with event=close {"metadata":{"emulator":{"name":"functions"},"function":{"name":"us-central1-nextssr"},"extension":{},"message":"Finishing up request with event=close"}}
[debug] [2025-05-29T19:20:13.716Z] [work-queue] {"queuedWork":[],"queueLength":0,"runningWork":["/familia-viva-recife/us-central1/nextssr/undefined/events-2025-05-29T19:20:12.003Z","/familia-viva-recife/us-central1/nextssr/undefined/banner-2025-05-29T19:20:12.021Z","/familia-viva-recife/us-central1/nextssr/undefined/footer-2025-05-29T19:20:12.031Z"],"workRunningCount":3}
[debug] [2025-05-29T19:20:13.718Z] [work-queue] {"queuedWork":["/familia-viva-recife/us-central1/nextssr/_next/static/chunks/app/(pages)/redes/page-579852284e7672d0.js-2025-05-29T19:20:13.718Z"],"queueLength":1,"runningWork":["/familia-viva-recife/us-central1/nextssr/undefined/events-2025-05-29T19:20:12.003Z","/familia-viva-recife/us-central1/nextssr/undefined/banner-2025-05-29T19:20:12.021Z","/familia-viva-recife/us-central1/nextssr/undefined/footer-2025-05-29T19:20:12.031Z"],"workRunningCount":3}
[debug] [2025-05-29T19:20:13.719Z] [work-queue] {"queuedWork":[],"queueLength":0,"runningWork":["/familia-viva-recife/us-central1/nextssr/undefined/events-2025-05-29T19:20:12.003Z","/familia-viva-recife/us-central1/nextssr/undefined/banner-2025-05-29T19:20:12.021Z","/familia-viva-recife/us-central1/nextssr/undefined/footer-2025-05-29T19:20:12.031Z","/familia-viva-recife/us-central1/nextssr/_next/static/chunks/app/(pages)/redes/page-579852284e7672d0.js-2025-05-29T19:20:13.718Z"],"workRunningCount":4}
[debug] [2025-05-29T19:20:13.719Z] Accepted request GET /familia-viva-recife/us-central1/nextssr/_next/static/chunks/app/(pages)/redes/page-579852284e7672d0.js --> us-central1-nextssr
[debug] [2025-05-29T19:20:13.719Z] [functions] Runtime ready! Sending request! {"metadata":{"emulator":{"name":"functions"},"message":"[functions] Runtime ready! Sending request!"}}
[debug] [2025-05-29T19:20:13.719Z] [functions] Got req.url=/familia-viva-recife/us-central1/nextssr/_next/static/chunks/app/(pages)/redes/page-579852284e7672d0.js, mapping to path=/_next/static/chunks/app/(pages)/redes/page-579852284e7672d0.js {"metadata":{"emulator":{"name":"functions"},"message":"[functions] Got req.url=/familia-viva-recife/us-central1/nextssr/_next/static/chunks/app/(pages)/redes/page-579852284e7672d0.js, mapping to path=/_next/static/chunks/app/(pages)/redes/page-579852284e7672d0.js"}}
[debug] [2025-05-29T19:20:13.719Z] [worker-pool] submitRequest(triggerId=us-central1-nextssr) {"metadata":{"emulator":{"name":"functions"},"message":"[worker-pool] submitRequest(triggerId=us-central1-nextssr)"}}
[info] i  functions: Beginning execution of "us-central1-nextssr" {"metadata":{"emulator":{"name":"functions"},"function":{"name":"us-central1-nextssr"},"extension":{},"message":"Beginning execution of \"us-central1-nextssr\""}}
[debug] [2025-05-29T19:20:13.748Z] [worker-us-central1-nextssr-d906d7b6-62b8-4707-b0a2-780f82f3e176]: BUSY {"metadata":{"emulator":{"name":"functions"},"function":{"name":"us-central1-nextssr"},"extension":{},"message":"[worker-us-central1-nextssr-d906d7b6-62b8-4707-b0a2-780f82f3e176]: BUSY"}}
[debug] [2025-05-29T19:20:13.750Z] [work-queue] {"queuedWork":["/familia-viva-recife/us-central1/nextssr/_next/static/css/d1cfcbd3a0edc131.css-2025-05-29T19:20:13.750Z"],"queueLength":1,"runningWork":["/familia-viva-recife/us-central1/nextssr/undefined/events-2025-05-29T19:20:12.003Z","/familia-viva-recife/us-central1/nextssr/undefined/banner-2025-05-29T19:20:12.021Z","/familia-viva-recife/us-central1/nextssr/undefined/footer-2025-05-29T19:20:12.031Z","/familia-viva-recife/us-central1/nextssr/_next/static/chunks/app/(pages)/redes/page-579852284e7672d0.js-2025-05-29T19:20:13.718Z"],"workRunningCount":4}
[debug] [2025-05-29T19:20:13.750Z] [work-queue] {"queuedWork":[],"queueLength":0,"runningWork":["/familia-viva-recife/us-central1/nextssr/undefined/events-2025-05-29T19:20:12.003Z","/familia-viva-recife/us-central1/nextssr/undefined/banner-2025-05-29T19:20:12.021Z","/familia-viva-recife/us-central1/nextssr/undefined/footer-2025-05-29T19:20:12.031Z","/familia-viva-recife/us-central1/nextssr/_next/static/chunks/app/(pages)/redes/page-579852284e7672d0.js-2025-05-29T19:20:13.718Z","/familia-viva-recife/us-central1/nextssr/_next/static/css/d1cfcbd3a0edc131.css-2025-05-29T19:20:13.750Z"],"workRunningCount":5}
[debug] [2025-05-29T19:20:13.750Z] Accepted request GET /familia-viva-recife/us-central1/nextssr/_next/static/css/d1cfcbd3a0edc131.css --> us-central1-nextssr
[debug] [2025-05-29T19:20:13.751Z] [functions] Runtime ready! Sending request! {"metadata":{"emulator":{"name":"functions"},"message":"[functions] Runtime ready! Sending request!"}}
[debug] [2025-05-29T19:20:13.751Z] [functions] Got req.url=/familia-viva-recife/us-central1/nextssr/_next/static/css/d1cfcbd3a0edc131.css, mapping to path=/_next/static/css/d1cfcbd3a0edc131.css {"metadata":{"emulator":{"name":"functions"},"message":"[functions] Got req.url=/familia-viva-recife/us-central1/nextssr/_next/static/css/d1cfcbd3a0edc131.css, mapping to path=/_next/static/css/d1cfcbd3a0edc131.css"}}
[debug] [2025-05-29T19:20:13.751Z] [worker-pool] submitRequest(triggerId=us-central1-nextssr) {"metadata":{"emulator":{"name":"functions"},"message":"[worker-pool] submitRequest(triggerId=us-central1-nextssr)"}}
[info] i  functions: Beginning execution of "us-central1-nextssr" {"metadata":{"emulator":{"name":"functions"},"function":{"name":"us-central1-nextssr"},"extension":{},"message":"Beginning execution of \"us-central1-nextssr\""}}
[debug] [2025-05-29T19:20:13.774Z] [worker-us-central1-nextssr-ea3e2665-57ff-45a1-ab5e-cb41a72c8ae8]: BUSY {"metadata":{"emulator":{"name":"functions"},"function":{"name":"us-central1-nextssr"},"extension":{},"message":"[worker-us-central1-nextssr-ea3e2665-57ff-45a1-ab5e-cb41a72c8ae8]: BUSY"}}
[debug] [2025-05-29T19:20:13.780Z] <<< [apiv2][status] GET http://127.0.0.1:5001/familia-viva-recife/us-central1/nextssr/login 200
[debug] [2025-05-29T19:20:13.781Z] <<< [apiv2][body] GET http://127.0.0.1:5001/familia-viva-recife/us-central1/nextssr/login [stream]
[info] i  hosting: 127.0.0.1 - - [29/May/2025:19:20:13 +0000] "GET /login?_rsc=1ld0r HTTP/1.1" 200 - "http://127.0.0.1:5000/" "Mozilla/5.0 (Windows NT 10.0; Win64; x64) AppleWebKit/537.36 (KHTML, like Gecko) Chrome/136.0.0.0 Safari/537.36 Edg/136.0.0.0" {"metadata":{"emulator":{"name":"hosting"},"message":"127.0.0.1 - - [29/May/2025:19:20:13 +0000] \"GET /login?_rsc=1ld0r HTTP/1.1\" 200 - \"http://127.0.0.1:5000/\" \"Mozilla/5.0 (Windows NT 10.0; Win64; x64) AppleWebKit/537.36 (KHTML, like Gecko) Chrome/136.0.0.0 Safari/537.36 Edg/136.0.0.0\""}}
[debug] [2025-05-29T19:20:13.807Z] Finishing up request with event=pause {"metadata":{"emulator":{"name":"functions"},"function":{"name":"us-central1-nextssr"},"extension":{},"message":"Finishing up request with event=pause"}}
[info] i  functions: Finished "us-central1-nextssr" in 59.9125ms {"metadata":{"emulator":{"name":"functions"},"function":{"name":"us-central1-nextssr"},"extension":{},"message":"Finished \"us-central1-nextssr\" in 59.9125ms"}}
[debug] [2025-05-29T19:20:13.821Z] [worker-us-central1-nextssr-d906d7b6-62b8-4707-b0a2-780f82f3e176]: IDLE {"metadata":{"emulator":{"name":"functions"},"function":{"name":"us-central1-nextssr"},"extension":{},"message":"[worker-us-central1-nextssr-d906d7b6-62b8-4707-b0a2-780f82f3e176]: IDLE"}}
[debug] [2025-05-29T19:20:13.821Z] Finishing up request with event=finish {"metadata":{"emulator":{"name":"functions"},"function":{"name":"us-central1-nextssr"},"extension":{},"message":"Finishing up request with event=finish"}}
[debug] [2025-05-29T19:20:13.821Z] Finishing up request with event=close {"metadata":{"emulator":{"name":"functions"},"function":{"name":"us-central1-nextssr"},"extension":{},"message":"Finishing up request with event=close"}}
[debug] [2025-05-29T19:20:13.822Z] [work-queue] {"queuedWork":[],"queueLength":0,"runningWork":["/familia-viva-recife/us-central1/nextssr/undefined/events-2025-05-29T19:20:12.003Z","/familia-viva-recife/us-central1/nextssr/undefined/banner-2025-05-29T19:20:12.021Z","/familia-viva-recife/us-central1/nextssr/undefined/footer-2025-05-29T19:20:12.031Z","/familia-viva-recife/us-central1/nextssr/_next/static/css/d1cfcbd3a0edc131.css-2025-05-29T19:20:13.750Z"],"workRunningCount":4}
[debug] [2025-05-29T19:20:13.823Z] Finishing up request with event=pause {"metadata":{"emulator":{"name":"functions"},"function":{"name":"us-central1-nextssr"},"extension":{},"message":"Finishing up request with event=pause"}}
[info] i  functions: Finished "us-central1-nextssr" in 48.8862ms {"metadata":{"emulator":{"name":"functions"},"function":{"name":"us-central1-nextssr"},"extension":{},"message":"Finished \"us-central1-nextssr\" in 48.8862ms"}}
[debug] [2025-05-29T19:20:13.834Z] [worker-us-central1-nextssr-ea3e2665-57ff-45a1-ab5e-cb41a72c8ae8]: IDLE {"metadata":{"emulator":{"name":"functions"},"function":{"name":"us-central1-nextssr"},"extension":{},"message":"[worker-us-central1-nextssr-ea3e2665-57ff-45a1-ab5e-cb41a72c8ae8]: IDLE"}}
[debug] [2025-05-29T19:20:13.834Z] Finishing up request with event=finish {"metadata":{"emulator":{"name":"functions"},"function":{"name":"us-central1-nextssr"},"extension":{},"message":"Finishing up request with event=finish"}}
[debug] [2025-05-29T19:20:13.834Z] Finishing up request with event=close {"metadata":{"emulator":{"name":"functions"},"function":{"name":"us-central1-nextssr"},"extension":{},"message":"Finishing up request with event=close"}}
[debug] [2025-05-29T19:20:13.835Z] [work-queue] {"queuedWork":[],"queueLength":0,"runningWork":["/familia-viva-recife/us-central1/nextssr/undefined/events-2025-05-29T19:20:12.003Z","/familia-viva-recife/us-central1/nextssr/undefined/banner-2025-05-29T19:20:12.021Z","/familia-viva-recife/us-central1/nextssr/undefined/footer-2025-05-29T19:20:12.031Z"],"workRunningCount":3}
[debug] [2025-05-29T19:20:13.836Z] <<< [apiv2][status] GET http://127.0.0.1:5001/familia-viva-recife/us-central1/nextssr/_next/static/chunks/app/(pages)/redes/page-579852284e7672d0.js 200
[debug] [2025-05-29T19:20:13.837Z] <<< [apiv2][body] GET http://127.0.0.1:5001/familia-viva-recife/us-central1/nextssr/_next/static/chunks/app/(pages)/redes/page-579852284e7672d0.js [stream]
[info] i  hosting: 127.0.0.1 - - [29/May/2025:19:20:13 +0000] "GET /_next/static/chunks/app/(pages)/redes/page-579852284e7672d0.js HTTP/1.1" 200 3323 "http://127.0.0.1:5000/" "Mozilla/5.0 (Windows NT 10.0; Win64; x64) AppleWebKit/537.36 (KHTML, like Gecko) Chrome/136.0.0.0 Safari/537.36 Edg/136.0.0.0" {"metadata":{"emulator":{"name":"hosting"},"message":"127.0.0.1 - - [29/May/2025:19:20:13 +0000] \"GET /_next/static/chunks/app/(pages)/redes/page-579852284e7672d0.js HTTP/1.1\" 200 3323 \"http://127.0.0.1:5000/\" \"Mozilla/5.0 (Windows NT 10.0; Win64; x64) AppleWebKit/537.36 (KHTML, like Gecko) Chrome/136.0.0.0 Safari/537.36 Edg/136.0.0.0\""}}
[debug] [2025-05-29T19:20:13.849Z] <<< [apiv2][status] GET http://127.0.0.1:5001/familia-viva-recife/us-central1/nextssr/_next/static/css/d1cfcbd3a0edc131.css 200
[debug] [2025-05-29T19:20:13.849Z] <<< [apiv2][body] GET http://127.0.0.1:5001/familia-viva-recife/us-central1/nextssr/_next/static/css/d1cfcbd3a0edc131.css [stream]
[info] i  hosting: 127.0.0.1 - - [29/May/2025:19:20:13 +0000] "GET /_next/static/css/d1cfcbd3a0edc131.css HTTP/1.1" 200 1225 "http://127.0.0.1:5000/" "Mozilla/5.0 (Windows NT 10.0; Win64; x64) AppleWebKit/537.36 (KHTML, like Gecko) Chrome/136.0.0.0 Safari/537.36 Edg/136.0.0.0" {"metadata":{"emulator":{"name":"hosting"},"message":"127.0.0.1 - - [29/May/2025:19:20:13 +0000] \"GET /_next/static/css/d1cfcbd3a0edc131.css HTTP/1.1\" 200 1225 \"http://127.0.0.1:5000/\" \"Mozilla/5.0 (Windows NT 10.0; Win64; x64) AppleWebKit/537.36 (KHTML, like Gecko) Chrome/136.0.0.0 Safari/537.36 Edg/136.0.0.0\""}}
[info] [hosting] Rewriting /_next/static/chunks/app/(pages)/login/page-74c1b320e88afc97.js to http://127.0.0.1:5001/familia-viva-recife/us-central1/nextssr for local Function us-central1/nextssr
[debug] [2025-05-29T19:20:13.867Z] >>> [apiv2][query] GET http://127.0.0.1:5001/familia-viva-recife/us-central1/nextssr/_next/static/chunks/app/(pages)/login/page-74c1b320e88afc97.js 
[debug] [2025-05-29T19:20:13.869Z] [work-queue] {"queuedWork":["/familia-viva-recife/us-central1/nextssr/_next/static/chunks/app/(pages)/login/page-74c1b320e88afc97.js-2025-05-29T19:20:13.868Z"],"queueLength":1,"runningWork":["/familia-viva-recife/us-central1/nextssr/undefined/events-2025-05-29T19:20:12.003Z","/familia-viva-recife/us-central1/nextssr/undefined/banner-2025-05-29T19:20:12.021Z","/familia-viva-recife/us-central1/nextssr/undefined/footer-2025-05-29T19:20:12.031Z"],"workRunningCount":3}
[debug] [2025-05-29T19:20:13.869Z] [work-queue] {"queuedWork":[],"queueLength":0,"runningWork":["/familia-viva-recife/us-central1/nextssr/undefined/events-2025-05-29T19:20:12.003Z","/familia-viva-recife/us-central1/nextssr/undefined/banner-2025-05-29T19:20:12.021Z","/familia-viva-recife/us-central1/nextssr/undefined/footer-2025-05-29T19:20:12.031Z","/familia-viva-recife/us-central1/nextssr/_next/static/chunks/app/(pages)/login/page-74c1b320e88afc97.js-2025-05-29T19:20:13.868Z"],"workRunningCount":4}
[debug] [2025-05-29T19:20:13.869Z] Accepted request GET /familia-viva-recife/us-central1/nextssr/_next/static/chunks/app/(pages)/login/page-74c1b320e88afc97.js --> us-central1-nextssr
[debug] [2025-05-29T19:20:13.869Z] [functions] Runtime ready! Sending request! {"metadata":{"emulator":{"name":"functions"},"message":"[functions] Runtime ready! Sending request!"}}
[debug] [2025-05-29T19:20:13.870Z] [functions] Got req.url=/familia-viva-recife/us-central1/nextssr/_next/static/chunks/app/(pages)/login/page-74c1b320e88afc97.js, mapping to path=/_next/static/chunks/app/(pages)/login/page-74c1b320e88afc97.js {"metadata":{"emulator":{"name":"functions"},"message":"[functions] Got req.url=/familia-viva-recife/us-central1/nextssr/_next/static/chunks/app/(pages)/login/page-74c1b320e88afc97.js, mapping to path=/_next/static/chunks/app/(pages)/login/page-74c1b320e88afc97.js"}}
[debug] [2025-05-29T19:20:13.870Z] [worker-pool] submitRequest(triggerId=us-central1-nextssr) {"metadata":{"emulator":{"name":"functions"},"message":"[worker-pool] submitRequest(triggerId=us-central1-nextssr)"}}
[info] i  functions: Beginning execution of "us-central1-nextssr" {"metadata":{"emulator":{"name":"functions"},"function":{"name":"us-central1-nextssr"},"extension":{},"message":"Beginning execution of \"us-central1-nextssr\""}}
[debug] [2025-05-29T19:20:13.871Z] [worker-us-central1-nextssr-d906d7b6-62b8-4707-b0a2-780f82f3e176]: BUSY {"metadata":{"emulator":{"name":"functions"},"function":{"name":"us-central1-nextssr"},"extension":{},"message":"[worker-us-central1-nextssr-d906d7b6-62b8-4707-b0a2-780f82f3e176]: BUSY"}}
[debug] [2025-05-29T19:20:13.906Z] Finishing up request with event=pause {"metadata":{"emulator":{"name":"functions"},"function":{"name":"us-central1-nextssr"},"extension":{},"message":"Finishing up request with event=pause"}}
[info] i  functions: Finished "us-central1-nextssr" in 35.1067ms {"metadata":{"emulator":{"name":"functions"},"function":{"name":"us-central1-nextssr"},"extension":{},"message":"Finished \"us-central1-nextssr\" in 35.1067ms"}}
[debug] [2025-05-29T19:20:13.908Z] [worker-us-central1-nextssr-d906d7b6-62b8-4707-b0a2-780f82f3e176]: IDLE {"metadata":{"emulator":{"name":"functions"},"function":{"name":"us-central1-nextssr"},"extension":{},"message":"[worker-us-central1-nextssr-d906d7b6-62b8-4707-b0a2-780f82f3e176]: IDLE"}}
[debug] [2025-05-29T19:20:13.909Z] Finishing up request with event=finish {"metadata":{"emulator":{"name":"functions"},"function":{"name":"us-central1-nextssr"},"extension":{},"message":"Finishing up request with event=finish"}}
[debug] [2025-05-29T19:20:13.909Z] Finishing up request with event=close {"metadata":{"emulator":{"name":"functions"},"function":{"name":"us-central1-nextssr"},"extension":{},"message":"Finishing up request with event=close"}}
[debug] [2025-05-29T19:20:13.909Z] [work-queue] {"queuedWork":[],"queueLength":0,"runningWork":["/familia-viva-recife/us-central1/nextssr/undefined/events-2025-05-29T19:20:12.003Z","/familia-viva-recife/us-central1/nextssr/undefined/banner-2025-05-29T19:20:12.021Z","/familia-viva-recife/us-central1/nextssr/undefined/footer-2025-05-29T19:20:12.031Z"],"workRunningCount":3}
[debug] [2025-05-29T19:20:13.910Z] <<< [apiv2][status] GET http://127.0.0.1:5001/familia-viva-recife/us-central1/nextssr/_next/static/chunks/app/(pages)/login/page-74c1b320e88afc97.js 200
[debug] [2025-05-29T19:20:13.910Z] <<< [apiv2][body] GET http://127.0.0.1:5001/familia-viva-recife/us-central1/nextssr/_next/static/chunks/app/(pages)/login/page-74c1b320e88afc97.js [stream]
[info] i  hosting: 127.0.0.1 - - [29/May/2025:19:20:13 +0000] "GET /_next/static/chunks/app/(pages)/login/page-74c1b320e88afc97.js HTTP/1.1" 200 3584 "http://127.0.0.1:5000/" "Mozilla/5.0 (Windows NT 10.0; Win64; x64) AppleWebKit/537.36 (KHTML, like Gecko) Chrome/136.0.0.0 Safari/537.36 Edg/136.0.0.0" {"metadata":{"emulator":{"name":"hosting"},"message":"127.0.0.1 - - [29/May/2025:19:20:13 +0000] \"GET /_next/static/chunks/app/(pages)/login/page-74c1b320e88afc97.js HTTP/1.1\" 200 3584 \"http://127.0.0.1:5000/\" \"Mozilla/5.0 (Windows NT 10.0; Win64; x64) AppleWebKit/537.36 (KHTML, like Gecko) Chrome/136.0.0.0 Safari/537.36 Edg/136.0.0.0\""}}
[debug] [2025-05-29T19:20:14.453Z] <<< [apiv2][status] GET http://127.0.0.1:5001/familia-viva-recife/us-central1/nextssr/undefined/events 404
[debug] [2025-05-29T19:20:14.454Z] <<< [apiv2][body] GET http://127.0.0.1:5001/familia-viva-recife/us-central1/nextssr/undefined/events [stream]
[debug] [2025-05-29T19:20:14.504Z] <<< [apiv2][status] GET http://127.0.0.1:5001/familia-viva-recife/us-central1/nextssr/undefined/banner 404
[debug] [2025-05-29T19:20:14.504Z] <<< [apiv2][body] GET http://127.0.0.1:5001/familia-viva-recife/us-central1/nextssr/undefined/banner [stream]
[debug] [2025-05-29T19:20:14.520Z] <<< [apiv2][status] GET http://127.0.0.1:5001/familia-viva-recife/us-central1/nextssr/undefined/footer 404
[debug] [2025-05-29T19:20:14.520Z] <<< [apiv2][body] GET http://127.0.0.1:5001/familia-viva-recife/us-central1/nextssr/undefined/footer [stream]
[debug] [2025-05-29T19:20:14.938Z] Finishing up request with event=pause {"metadata":{"emulator":{"name":"functions"},"function":{"name":"us-central1-nextssr"},"extension":{},"message":"Finishing up request with event=pause"}}
[info] i  functions: Finished "us-central1-nextssr" in 2932.2771000000002ms {"metadata":{"emulator":{"name":"functions"},"function":{"name":"us-central1-nextssr"},"extension":{},"message":"Finished \"us-central1-nextssr\" in 2932.2771000000002ms"}}
[debug] [2025-05-29T19:20:14.939Z] [worker-us-central1-nextssr-5cfe5c8c-1817-4ecb-9501-a83ff42a8866]: IDLE {"metadata":{"emulator":{"name":"functions"},"function":{"name":"us-central1-nextssr"},"extension":{},"message":"[worker-us-central1-nextssr-5cfe5c8c-1817-4ecb-9501-a83ff42a8866]: IDLE"}}
[debug] [2025-05-29T19:20:14.939Z] Finishing up request with event=finish {"metadata":{"emulator":{"name":"functions"},"function":{"name":"us-central1-nextssr"},"extension":{},"message":"Finishing up request with event=finish"}}
[debug] [2025-05-29T19:20:14.939Z] Finishing up request with event=close {"metadata":{"emulator":{"name":"functions"},"function":{"name":"us-central1-nextssr"},"extension":{},"message":"Finishing up request with event=close"}}
[debug] [2025-05-29T19:20:14.939Z] [work-queue] {"queuedWork":[],"queueLength":0,"runningWork":["/familia-viva-recife/us-central1/nextssr/undefined/banner-2025-05-29T19:20:12.021Z","/familia-viva-recife/us-central1/nextssr/undefined/footer-2025-05-29T19:20:12.031Z"],"workRunningCount":2}
[info] i  hosting: 127.0.0.1 - - [29/May/2025:19:20:14 +0000] "GET /undefined/events HTTP/1.1" 404 - "http://127.0.0.1:5000/" "Mozilla/5.0 (Windows NT 10.0; Win64; x64) AppleWebKit/537.36 (KHTML, like Gecko) Chrome/136.0.0.0 Safari/537.36 Edg/136.0.0.0" {"metadata":{"emulator":{"name":"hosting"},"message":"127.0.0.1 - - [29/May/2025:19:20:14 +0000] \"GET /undefined/events HTTP/1.1\" 404 - \"http://127.0.0.1:5000/\" \"Mozilla/5.0 (Windows NT 10.0; Win64; x64) AppleWebKit/537.36 (KHTML, like Gecko) Chrome/136.0.0.0 Safari/537.36 Edg/136.0.0.0\""}}
[debug] [2025-05-29T19:20:15.048Z] Finishing up request with event=pause {"metadata":{"emulator":{"name":"functions"},"function":{"name":"us-central1-nextssr"},"extension":{},"message":"Finishing up request with event=pause"}}
[info] i  functions: Finished "us-central1-nextssr" in 3018.6649ms {"metadata":{"emulator":{"name":"functions"},"function":{"name":"us-central1-nextssr"},"extension":{},"message":"Finished \"us-central1-nextssr\" in 3018.6649ms"}}
[debug] [2025-05-29T19:20:15.049Z] [worker-us-central1-nextssr-04a77653-b7dd-4019-b6da-a3388e629c3b]: IDLE {"metadata":{"emulator":{"name":"functions"},"function":{"name":"us-central1-nextssr"},"extension":{},"message":"[worker-us-central1-nextssr-04a77653-b7dd-4019-b6da-a3388e629c3b]: IDLE"}}
[debug] [2025-05-29T19:20:15.049Z] Finishing up request with event=finish {"metadata":{"emulator":{"name":"functions"},"function":{"name":"us-central1-nextssr"},"extension":{},"message":"Finishing up request with event=finish"}}
[debug] [2025-05-29T19:20:15.049Z] Finishing up request with event=close {"metadata":{"emulator":{"name":"functions"},"function":{"name":"us-central1-nextssr"},"extension":{},"message":"Finishing up request with event=close"}}
[debug] [2025-05-29T19:20:15.049Z] [work-queue] {"queuedWork":[],"queueLength":0,"runningWork":["/familia-viva-recife/us-central1/nextssr/undefined/footer-2025-05-29T19:20:12.031Z"],"workRunningCount":1}
[info] i  hosting: 127.0.0.1 - - [29/May/2025:19:20:15 +0000] "GET /undefined/banner HTTP/1.1" 404 - "http://127.0.0.1:5000/" "Mozilla/5.0 (Windows NT 10.0; Win64; x64) AppleWebKit/537.36 (KHTML, like Gecko) Chrome/136.0.0.0 Safari/537.36 Edg/136.0.0.0" {"metadata":{"emulator":{"name":"hosting"},"message":"127.0.0.1 - - [29/May/2025:19:20:15 +0000] \"GET /undefined/banner HTTP/1.1\" 404 - \"http://127.0.0.1:5000/\" \"Mozilla/5.0 (Windows NT 10.0; Win64; x64) AppleWebKit/537.36 (KHTML, like Gecko) Chrome/136.0.0.0 Safari/537.36 Edg/136.0.0.0\""}}
[debug] [2025-05-29T19:20:15.058Z] Finishing up request with event=pause {"metadata":{"emulator":{"name":"functions"},"function":{"name":"us-central1-nextssr"},"extension":{},"message":"Finishing up request with event=pause"}}
[info] i  functions: Finished "us-central1-nextssr" in 2972.9881ms {"metadata":{"emulator":{"name":"functions"},"function":{"name":"us-central1-nextssr"},"extension":{},"message":"Finished \"us-central1-nextssr\" in 2972.9881ms"}}
[debug] [2025-05-29T19:20:15.059Z] [worker-us-central1-nextssr-cfeb0f11-f7dc-44e2-95ca-e5e1e51a641b]: IDLE {"metadata":{"emulator":{"name":"functions"},"function":{"name":"us-central1-nextssr"},"extension":{},"message":"[worker-us-central1-nextssr-cfeb0f11-f7dc-44e2-95ca-e5e1e51a641b]: IDLE"}}
[debug] [2025-05-29T19:20:15.059Z] Finishing up request with event=finish {"metadata":{"emulator":{"name":"functions"},"function":{"name":"us-central1-nextssr"},"extension":{},"message":"Finishing up request with event=finish"}}
[debug] [2025-05-29T19:20:15.060Z] Finishing up request with event=close {"metadata":{"emulator":{"name":"functions"},"function":{"name":"us-central1-nextssr"},"extension":{},"message":"Finishing up request with event=close"}}
[debug] [2025-05-29T19:20:15.060Z] [work-queue] {"queuedWork":[],"queueLength":0,"runningWork":[],"workRunningCount":0}
[info] i  hosting: 127.0.0.1 - - [29/May/2025:19:20:15 +0000] "GET /undefined/footer HTTP/1.1" 404 - "http://127.0.0.1:5000/" "Mozilla/5.0 (Windows NT 10.0; Win64; x64) AppleWebKit/537.36 (KHTML, like Gecko) Chrome/136.0.0.0 Safari/537.36 Edg/136.0.0.0" {"metadata":{"emulator":{"name":"hosting"},"message":"127.0.0.1 - - [29/May/2025:19:20:15 +0000] \"GET /undefined/footer HTTP/1.1\" 404 - \"http://127.0.0.1:5000/\" \"Mozilla/5.0 (Windows NT 10.0; Win64; x64) AppleWebKit/537.36 (KHTML, like Gecko) Chrome/136.0.0.0 Safari/537.36 Edg/136.0.0.0\""}}
[info] [hosting] Rewriting /undefined/banner to http://127.0.0.1:5001/familia-viva-recife/us-central1/nextssr for local Function us-central1/nextssr
[debug] [2025-05-29T19:20:15.224Z] >>> [apiv2][query] GET http://127.0.0.1:5001/familia-viva-recife/us-central1/nextssr/undefined/banner 
[info] [hosting] Rewriting /undefined/firebase/logo to http://127.0.0.1:5001/familia-viva-recife/us-central1/nextssr for local Function us-central1/nextssr
[debug] [2025-05-29T19:20:15.228Z] >>> [apiv2][query] GET http://127.0.0.1:5001/familia-viva-recife/us-central1/nextssr/undefined/firebase/logo 
[debug] [2025-05-29T19:20:15.231Z] [work-queue] {"queuedWork":["/familia-viva-recife/us-central1/nextssr/undefined/banner-2025-05-29T19:20:15.231Z"],"queueLength":1,"runningWork":[],"workRunningCount":0}
[debug] [2025-05-29T19:20:15.231Z] [work-queue] {"queuedWork":[],"queueLength":0,"runningWork":["/familia-viva-recife/us-central1/nextssr/undefined/banner-2025-05-29T19:20:15.231Z"],"workRunningCount":1}
[debug] [2025-05-29T19:20:15.231Z] Accepted request GET /familia-viva-recife/us-central1/nextssr/undefined/banner --> us-central1-nextssr
[debug] [2025-05-29T19:20:15.232Z] [functions] Runtime ready! Sending request! {"metadata":{"emulator":{"name":"functions"},"message":"[functions] Runtime ready! Sending request!"}}
[debug] [2025-05-29T19:20:15.232Z] [functions] Got req.url=/familia-viva-recife/us-central1/nextssr/undefined/banner, mapping to path=/undefined/banner {"metadata":{"emulator":{"name":"functions"},"message":"[functions] Got req.url=/familia-viva-recife/us-central1/nextssr/undefined/banner, mapping to path=/undefined/banner"}}
[debug] [2025-05-29T19:20:15.232Z] [worker-pool] submitRequest(triggerId=us-central1-nextssr) {"metadata":{"emulator":{"name":"functions"},"message":"[worker-pool] submitRequest(triggerId=us-central1-nextssr)"}}
[info] i  functions: Beginning execution of "us-central1-nextssr" {"metadata":{"emulator":{"name":"functions"},"function":{"name":"us-central1-nextssr"},"extension":{},"message":"Beginning execution of \"us-central1-nextssr\""}}
[debug] [2025-05-29T19:20:15.233Z] [worker-us-central1-nextssr-d906d7b6-62b8-4707-b0a2-780f82f3e176]: BUSY {"metadata":{"emulator":{"name":"functions"},"function":{"name":"us-central1-nextssr"},"extension":{},"message":"[worker-us-central1-nextssr-d906d7b6-62b8-4707-b0a2-780f82f3e176]: BUSY"}}
[info] [hosting] Rewriting /esqueceu-senha?_rsc=1u4fc to http://127.0.0.1:5001/familia-viva-recife/us-central1/nextssr for local Function us-central1/nextssr
[debug] [2025-05-29T19:20:15.235Z] >>> [apiv2][query] GET http://127.0.0.1:5001/familia-viva-recife/us-central1/nextssr/esqueceu-senha _rsc=1u4fc
[debug] [2025-05-29T19:20:15.237Z] [work-queue] {"queuedWork":["/familia-viva-recife/us-central1/nextssr/undefined/firebase/logo-2025-05-29T19:20:15.236Z"],"queueLength":1,"runningWork":["/familia-viva-recife/us-central1/nextssr/undefined/banner-2025-05-29T19:20:15.231Z"],"workRunningCount":1}
[debug] [2025-05-29T19:20:15.237Z] [work-queue] {"queuedWork":[],"queueLength":0,"runningWork":["/familia-viva-recife/us-central1/nextssr/undefined/banner-2025-05-29T19:20:15.231Z","/familia-viva-recife/us-central1/nextssr/undefined/firebase/logo-2025-05-29T19:20:15.236Z"],"workRunningCount":2}
[debug] [2025-05-29T19:20:15.237Z] Accepted request GET /familia-viva-recife/us-central1/nextssr/undefined/firebase/logo --> us-central1-nextssr
[debug] [2025-05-29T19:20:15.237Z] [functions] Runtime ready! Sending request! {"metadata":{"emulator":{"name":"functions"},"message":"[functions] Runtime ready! Sending request!"}}
[debug] [2025-05-29T19:20:15.238Z] [functions] Got req.url=/familia-viva-recife/us-central1/nextssr/undefined/firebase/logo, mapping to path=/undefined/firebase/logo {"metadata":{"emulator":{"name":"functions"},"message":"[functions] Got req.url=/familia-viva-recife/us-central1/nextssr/undefined/firebase/logo, mapping to path=/undefined/firebase/logo"}}
[debug] [2025-05-29T19:20:15.238Z] [worker-pool] submitRequest(triggerId=us-central1-nextssr) {"metadata":{"emulator":{"name":"functions"},"message":"[worker-pool] submitRequest(triggerId=us-central1-nextssr)"}}
[info] i  functions: Beginning execution of "us-central1-nextssr" {"metadata":{"emulator":{"name":"functions"},"function":{"name":"us-central1-nextssr"},"extension":{},"message":"Beginning execution of \"us-central1-nextssr\""}}
[debug] [2025-05-29T19:20:15.238Z] [worker-us-central1-nextssr-ea3e2665-57ff-45a1-ab5e-cb41a72c8ae8]: BUSY {"metadata":{"emulator":{"name":"functions"},"function":{"name":"us-central1-nextssr"},"extension":{},"message":"[worker-us-central1-nextssr-ea3e2665-57ff-45a1-ab5e-cb41a72c8ae8]: BUSY"}}
[debug] [2025-05-29T19:20:15.240Z] [work-queue] {"queuedWork":["/familia-viva-recife/us-central1/nextssr/esqueceu-senha-2025-05-29T19:20:15.240Z"],"queueLength":1,"runningWork":["/familia-viva-recife/us-central1/nextssr/undefined/banner-2025-05-29T19:20:15.231Z","/familia-viva-recife/us-central1/nextssr/undefined/firebase/logo-2025-05-29T19:20:15.236Z"],"workRunningCount":2}
[debug] [2025-05-29T19:20:15.240Z] [work-queue] {"queuedWork":[],"queueLength":0,"runningWork":["/familia-viva-recife/us-central1/nextssr/undefined/banner-2025-05-29T19:20:15.231Z","/familia-viva-recife/us-central1/nextssr/undefined/firebase/logo-2025-05-29T19:20:15.236Z","/familia-viva-recife/us-central1/nextssr/esqueceu-senha-2025-05-29T19:20:15.240Z"],"workRunningCount":3}
[debug] [2025-05-29T19:20:15.240Z] Accepted request GET /familia-viva-recife/us-central1/nextssr/esqueceu-senha?_rsc=1u4fc --> us-central1-nextssr
[debug] [2025-05-29T19:20:15.241Z] [functions] Runtime ready! Sending request! {"metadata":{"emulator":{"name":"functions"},"message":"[functions] Runtime ready! Sending request!"}}
[debug] [2025-05-29T19:20:15.241Z] [functions] Got req.url=/familia-viva-recife/us-central1/nextssr/esqueceu-senha?_rsc=1u4fc, mapping to path=/esqueceu-senha?_rsc=1u4fc {"metadata":{"emulator":{"name":"functions"},"message":"[functions] Got req.url=/familia-viva-recife/us-central1/nextssr/esqueceu-senha?_rsc=1u4fc, mapping to path=/esqueceu-senha?_rsc=1u4fc"}}
[debug] [2025-05-29T19:20:15.241Z] [worker-pool] submitRequest(triggerId=us-central1-nextssr) {"metadata":{"emulator":{"name":"functions"},"message":"[worker-pool] submitRequest(triggerId=us-central1-nextssr)"}}
[info] i  functions: Beginning execution of "us-central1-nextssr" {"metadata":{"emulator":{"name":"functions"},"function":{"name":"us-central1-nextssr"},"extension":{},"message":"Beginning execution of \"us-central1-nextssr\""}}
[debug] [2025-05-29T19:20:15.242Z] [worker-us-central1-nextssr-5cfe5c8c-1817-4ecb-9501-a83ff42a8866]: BUSY {"metadata":{"emulator":{"name":"functions"},"function":{"name":"us-central1-nextssr"},"extension":{},"message":"[worker-us-central1-nextssr-5cfe5c8c-1817-4ecb-9501-a83ff42a8866]: BUSY"}}
[debug] [2025-05-29T19:20:15.300Z] <<< [apiv2][status] GET http://127.0.0.1:5001/familia-viva-recife/us-central1/nextssr/undefined/firebase/logo 404
[debug] [2025-05-29T19:20:15.300Z] <<< [apiv2][body] GET http://127.0.0.1:5001/familia-viva-recife/us-central1/nextssr/undefined/firebase/logo [stream]
[debug] [2025-05-29T19:20:15.302Z] <<< [apiv2][status] GET http://127.0.0.1:5001/familia-viva-recife/us-central1/nextssr/undefined/banner 404
[debug] [2025-05-29T19:20:15.303Z] <<< [apiv2][body] GET http://127.0.0.1:5001/familia-viva-recife/us-central1/nextssr/undefined/banner [stream]
[debug] [2025-05-29T19:20:15.308Z] Finishing up request with event=pause {"metadata":{"emulator":{"name":"functions"},"function":{"name":"us-central1-nextssr"},"extension":{},"message":"Finishing up request with event=pause"}}
[info] i  functions: Finished "us-central1-nextssr" in 70.2368ms {"metadata":{"emulator":{"name":"functions"},"function":{"name":"us-central1-nextssr"},"extension":{},"message":"Finished \"us-central1-nextssr\" in 70.2368ms"}}
[debug] [2025-05-29T19:20:15.310Z] [worker-us-central1-nextssr-ea3e2665-57ff-45a1-ab5e-cb41a72c8ae8]: IDLE {"metadata":{"emulator":{"name":"functions"},"function":{"name":"us-central1-nextssr"},"extension":{},"message":"[worker-us-central1-nextssr-ea3e2665-57ff-45a1-ab5e-cb41a72c8ae8]: IDLE"}}
[debug] [2025-05-29T19:20:15.310Z] Finishing up request with event=finish {"metadata":{"emulator":{"name":"functions"},"function":{"name":"us-central1-nextssr"},"extension":{},"message":"Finishing up request with event=finish"}}
[debug] [2025-05-29T19:20:15.311Z] Finishing up request with event=close {"metadata":{"emulator":{"name":"functions"},"function":{"name":"us-central1-nextssr"},"extension":{},"message":"Finishing up request with event=close"}}
[debug] [2025-05-29T19:20:15.311Z] [work-queue] {"queuedWork":[],"queueLength":0,"runningWork":["/familia-viva-recife/us-central1/nextssr/undefined/banner-2025-05-29T19:20:15.231Z","/familia-viva-recife/us-central1/nextssr/esqueceu-senha-2025-05-29T19:20:15.240Z"],"workRunningCount":2}
[debug] [2025-05-29T19:20:15.312Z] Finishing up request with event=pause {"metadata":{"emulator":{"name":"functions"},"function":{"name":"us-central1-nextssr"},"extension":{},"message":"Finishing up request with event=pause"}}
[info] i  functions: Finished "us-central1-nextssr" in 79.1866ms {"metadata":{"emulator":{"name":"functions"},"function":{"name":"us-central1-nextssr"},"extension":{},"message":"Finished \"us-central1-nextssr\" in 79.1866ms"}}
[debug] [2025-05-29T19:20:15.313Z] [worker-us-central1-nextssr-d906d7b6-62b8-4707-b0a2-780f82f3e176]: IDLE {"metadata":{"emulator":{"name":"functions"},"function":{"name":"us-central1-nextssr"},"extension":{},"message":"[worker-us-central1-nextssr-d906d7b6-62b8-4707-b0a2-780f82f3e176]: IDLE"}}
[debug] [2025-05-29T19:20:15.313Z] Finishing up request with event=finish {"metadata":{"emulator":{"name":"functions"},"function":{"name":"us-central1-nextssr"},"extension":{},"message":"Finishing up request with event=finish"}}
[debug] [2025-05-29T19:20:15.314Z] Finishing up request with event=close {"metadata":{"emulator":{"name":"functions"},"function":{"name":"us-central1-nextssr"},"extension":{},"message":"Finishing up request with event=close"}}
[debug] [2025-05-29T19:20:15.314Z] [work-queue] {"queuedWork":[],"queueLength":0,"runningWork":["/familia-viva-recife/us-central1/nextssr/esqueceu-senha-2025-05-29T19:20:15.240Z"],"workRunningCount":1}
[debug] [2025-05-29T19:20:15.315Z] Finishing up request with event=pause {"metadata":{"emulator":{"name":"functions"},"function":{"name":"us-central1-nextssr"},"extension":{},"message":"Finishing up request with event=pause"}}
[info] i  functions: Finished "us-central1-nextssr" in 73.5626ms {"metadata":{"emulator":{"name":"functions"},"function":{"name":"us-central1-nextssr"},"extension":{},"message":"Finished \"us-central1-nextssr\" in 73.5626ms"}}
[debug] [2025-05-29T19:20:15.316Z] [worker-us-central1-nextssr-5cfe5c8c-1817-4ecb-9501-a83ff42a8866]: IDLE {"metadata":{"emulator":{"name":"functions"},"function":{"name":"us-central1-nextssr"},"extension":{},"message":"[worker-us-central1-nextssr-5cfe5c8c-1817-4ecb-9501-a83ff42a8866]: IDLE"}}
[debug] [2025-05-29T19:20:15.316Z] Finishing up request with event=finish {"metadata":{"emulator":{"name":"functions"},"function":{"name":"us-central1-nextssr"},"extension":{},"message":"Finishing up request with event=finish"}}
[debug] [2025-05-29T19:20:15.316Z] Finishing up request with event=close {"metadata":{"emulator":{"name":"functions"},"function":{"name":"us-central1-nextssr"},"extension":{},"message":"Finishing up request with event=close"}}
[debug] [2025-05-29T19:20:15.316Z] [work-queue] {"queuedWork":[],"queueLength":0,"runningWork":[],"workRunningCount":0}
[info] i  hosting: 127.0.0.1 - - [29/May/2025:19:20:15 +0000] "GET /undefined/firebase/logo HTTP/1.1" 404 - "http://127.0.0.1:5000/login" "Mozilla/5.0 (Windows NT 10.0; Win64; x64) AppleWebKit/537.36 (KHTML, like Gecko) Chrome/136.0.0.0 Safari/537.36 Edg/136.0.0.0" {"metadata":{"emulator":{"name":"hosting"},"message":"127.0.0.1 - - [29/May/2025:19:20:15 +0000] \"GET /undefined/firebase/logo HTTP/1.1\" 404 - \"http://127.0.0.1:5000/login\" \"Mozilla/5.0 (Windows NT 10.0; Win64; x64) AppleWebKit/537.36 (KHTML, like Gecko) Chrome/136.0.0.0 Safari/537.36 Edg/136.0.0.0\""}}
[info] i  hosting: 127.0.0.1 - - [29/May/2025:19:20:15 +0000] "GET /undefined/banner HTTP/1.1" 404 - "http://127.0.0.1:5000/login" "Mozilla/5.0 (Windows NT 10.0; Win64; x64) AppleWebKit/537.36 (KHTML, like Gecko) Chrome/136.0.0.0 Safari/537.36 Edg/136.0.0.0" {"metadata":{"emulator":{"name":"hosting"},"message":"127.0.0.1 - - [29/May/2025:19:20:15 +0000] \"GET /undefined/banner HTTP/1.1\" 404 - \"http://127.0.0.1:5000/login\" \"Mozilla/5.0 (Windows NT 10.0; Win64; x64) AppleWebKit/537.36 (KHTML, like Gecko) Chrome/136.0.0.0 Safari/537.36 Edg/136.0.0.0\""}}
[debug] [2025-05-29T19:20:15.323Z] <<< [apiv2][status] GET http://127.0.0.1:5001/familia-viva-recife/us-central1/nextssr/esqueceu-senha 200
[debug] [2025-05-29T19:20:15.323Z] <<< [apiv2][body] GET http://127.0.0.1:5001/familia-viva-recife/us-central1/nextssr/esqueceu-senha [stream]
[info] i  hosting: 127.0.0.1 - - [29/May/2025:19:20:15 +0000] "GET /esqueceu-senha?_rsc=1u4fc HTTP/1.1" 200 - "http://127.0.0.1:5000/login" "Mozilla/5.0 (Windows NT 10.0; Win64; x64) AppleWebKit/537.36 (KHTML, like Gecko) Chrome/136.0.0.0 Safari/537.36 Edg/136.0.0.0" {"metadata":{"emulator":{"name":"hosting"},"message":"127.0.0.1 - - [29/May/2025:19:20:15 +0000] \"GET /esqueceu-senha?_rsc=1u4fc HTTP/1.1\" 200 - \"http://127.0.0.1:5000/login\" \"Mozilla/5.0 (Windows NT 10.0; Win64; x64) AppleWebKit/537.36 (KHTML, like Gecko) Chrome/136.0.0.0 Safari/537.36 Edg/136.0.0.0\""}}
[info] [hosting] Rewriting /_next/static/chunks/app/(pages)/esqueceu-senha/page-bcd1c9bafc5ea3b5.js to http://127.0.0.1:5001/familia-viva-recife/us-central1/nextssr for local Function us-central1/nextssr
[debug] [2025-05-29T19:20:15.332Z] >>> [apiv2][query] GET http://127.0.0.1:5001/familia-viva-recife/us-central1/nextssr/_next/static/chunks/app/(pages)/esqueceu-senha/page-bcd1c9bafc5ea3b5.js 
[info] [hosting] Rewriting /_next/static/css/411ad84e6467fa1e.css to http://127.0.0.1:5001/familia-viva-recife/us-central1/nextssr for local Function us-central1/nextssr
[debug] [2025-05-29T19:20:15.334Z] >>> [apiv2][query] GET http://127.0.0.1:5001/familia-viva-recife/us-central1/nextssr/_next/static/css/411ad84e6467fa1e.css 
[debug] [2025-05-29T19:20:15.336Z] [work-queue] {"queuedWork":["/familia-viva-recife/us-central1/nextssr/_next/static/chunks/app/(pages)/esqueceu-senha/page-bcd1c9bafc5ea3b5.js-2025-05-29T19:20:15.336Z"],"queueLength":1,"runningWork":[],"workRunningCount":0}
[debug] [2025-05-29T19:20:15.336Z] [work-queue] {"queuedWork":[],"queueLength":0,"runningWork":["/familia-viva-recife/us-central1/nextssr/_next/static/chunks/app/(pages)/esqueceu-senha/page-bcd1c9bafc5ea3b5.js-2025-05-29T19:20:15.336Z"],"workRunningCount":1}
[debug] [2025-05-29T19:20:15.336Z] Accepted request GET /familia-viva-recife/us-central1/nextssr/_next/static/chunks/app/(pages)/esqueceu-senha/page-bcd1c9bafc5ea3b5.js --> us-central1-nextssr
[debug] [2025-05-29T19:20:15.336Z] [functions] Runtime ready! Sending request! {"metadata":{"emulator":{"name":"functions"},"message":"[functions] Runtime ready! Sending request!"}}
[debug] [2025-05-29T19:20:15.337Z] [functions] Got req.url=/familia-viva-recife/us-central1/nextssr/_next/static/chunks/app/(pages)/esqueceu-senha/page-bcd1c9bafc5ea3b5.js, mapping to path=/_next/static/chunks/app/(pages)/esqueceu-senha/page-bcd1c9bafc5ea3b5.js {"metadata":{"emulator":{"name":"functions"},"message":"[functions] Got req.url=/familia-viva-recife/us-central1/nextssr/_next/static/chunks/app/(pages)/esqueceu-senha/page-bcd1c9bafc5ea3b5.js, mapping to path=/_next/static/chunks/app/(pages)/esqueceu-senha/page-bcd1c9bafc5ea3b5.js"}}
[debug] [2025-05-29T19:20:15.337Z] [worker-pool] submitRequest(triggerId=us-central1-nextssr) {"metadata":{"emulator":{"name":"functions"},"message":"[worker-pool] submitRequest(triggerId=us-central1-nextssr)"}}
[info] i  functions: Beginning execution of "us-central1-nextssr" {"metadata":{"emulator":{"name":"functions"},"function":{"name":"us-central1-nextssr"},"extension":{},"message":"Beginning execution of \"us-central1-nextssr\""}}
[debug] [2025-05-29T19:20:15.338Z] [worker-us-central1-nextssr-d906d7b6-62b8-4707-b0a2-780f82f3e176]: BUSY {"metadata":{"emulator":{"name":"functions"},"function":{"name":"us-central1-nextssr"},"extension":{},"message":"[worker-us-central1-nextssr-d906d7b6-62b8-4707-b0a2-780f82f3e176]: BUSY"}}
[debug] [2025-05-29T19:20:15.339Z] [work-queue] {"queuedWork":["/familia-viva-recife/us-central1/nextssr/_next/static/css/411ad84e6467fa1e.css-2025-05-29T19:20:15.339Z"],"queueLength":1,"runningWork":["/familia-viva-recife/us-central1/nextssr/_next/static/chunks/app/(pages)/esqueceu-senha/page-bcd1c9bafc5ea3b5.js-2025-05-29T19:20:15.336Z"],"workRunningCount":1}
[debug] [2025-05-29T19:20:15.340Z] [work-queue] {"queuedWork":[],"queueLength":0,"runningWork":["/familia-viva-recife/us-central1/nextssr/_next/static/chunks/app/(pages)/esqueceu-senha/page-bcd1c9bafc5ea3b5.js-2025-05-29T19:20:15.336Z","/familia-viva-recife/us-central1/nextssr/_next/static/css/411ad84e6467fa1e.css-2025-05-29T19:20:15.339Z"],"workRunningCount":2}
[debug] [2025-05-29T19:20:15.340Z] Accepted request GET /familia-viva-recife/us-central1/nextssr/_next/static/css/411ad84e6467fa1e.css --> us-central1-nextssr
[debug] [2025-05-29T19:20:15.340Z] [functions] Runtime ready! Sending request! {"metadata":{"emulator":{"name":"functions"},"message":"[functions] Runtime ready! Sending request!"}}
[debug] [2025-05-29T19:20:15.340Z] [functions] Got req.url=/familia-viva-recife/us-central1/nextssr/_next/static/css/411ad84e6467fa1e.css, mapping to path=/_next/static/css/411ad84e6467fa1e.css {"metadata":{"emulator":{"name":"functions"},"message":"[functions] Got req.url=/familia-viva-recife/us-central1/nextssr/_next/static/css/411ad84e6467fa1e.css, mapping to path=/_next/static/css/411ad84e6467fa1e.css"}}
[debug] [2025-05-29T19:20:15.341Z] [worker-pool] submitRequest(triggerId=us-central1-nextssr) {"metadata":{"emulator":{"name":"functions"},"message":"[worker-pool] submitRequest(triggerId=us-central1-nextssr)"}}
[info] i  functions: Beginning execution of "us-central1-nextssr" {"metadata":{"emulator":{"name":"functions"},"function":{"name":"us-central1-nextssr"},"extension":{},"message":"Beginning execution of \"us-central1-nextssr\""}}
[debug] [2025-05-29T19:20:15.341Z] [worker-us-central1-nextssr-ea3e2665-57ff-45a1-ab5e-cb41a72c8ae8]: BUSY {"metadata":{"emulator":{"name":"functions"},"function":{"name":"us-central1-nextssr"},"extension":{},"message":"[worker-us-central1-nextssr-ea3e2665-57ff-45a1-ab5e-cb41a72c8ae8]: BUSY"}}
[debug] [2025-05-29T19:20:15.367Z] Finishing up request with event=pause {"metadata":{"emulator":{"name":"functions"},"function":{"name":"us-central1-nextssr"},"extension":{},"message":"Finishing up request with event=pause"}}
[info] i  functions: Finished "us-central1-nextssr" in 28.955ms {"metadata":{"emulator":{"name":"functions"},"function":{"name":"us-central1-nextssr"},"extension":{},"message":"Finished \"us-central1-nextssr\" in 28.955ms"}}
[debug] [2025-05-29T19:20:15.368Z] [worker-us-central1-nextssr-d906d7b6-62b8-4707-b0a2-780f82f3e176]: IDLE {"metadata":{"emulator":{"name":"functions"},"function":{"name":"us-central1-nextssr"},"extension":{},"message":"[worker-us-central1-nextssr-d906d7b6-62b8-4707-b0a2-780f82f3e176]: IDLE"}}
[debug] [2025-05-29T19:20:15.368Z] Finishing up request with event=finish {"metadata":{"emulator":{"name":"functions"},"function":{"name":"us-central1-nextssr"},"extension":{},"message":"Finishing up request with event=finish"}}
[debug] [2025-05-29T19:20:15.368Z] Finishing up request with event=close {"metadata":{"emulator":{"name":"functions"},"function":{"name":"us-central1-nextssr"},"extension":{},"message":"Finishing up request with event=close"}}
[debug] [2025-05-29T19:20:15.368Z] [work-queue] {"queuedWork":[],"queueLength":0,"runningWork":["/familia-viva-recife/us-central1/nextssr/_next/static/css/411ad84e6467fa1e.css-2025-05-29T19:20:15.339Z"],"workRunningCount":1}
[debug] [2025-05-29T19:20:15.369Z] <<< [apiv2][status] GET http://127.0.0.1:5001/familia-viva-recife/us-central1/nextssr/_next/static/chunks/app/(pages)/esqueceu-senha/page-bcd1c9bafc5ea3b5.js 200
[debug] [2025-05-29T19:20:15.369Z] <<< [apiv2][body] GET http://127.0.0.1:5001/familia-viva-recife/us-central1/nextssr/_next/static/chunks/app/(pages)/esqueceu-senha/page-bcd1c9bafc5ea3b5.js [stream]
[info] i  hosting: 127.0.0.1 - - [29/May/2025:19:20:15 +0000] "GET /_next/static/chunks/app/(pages)/esqueceu-senha/page-bcd1c9bafc5ea3b5.js HTTP/1.1" 200 3384 "http://127.0.0.1:5000/login" "Mozilla/5.0 (Windows NT 10.0; Win64; x64) AppleWebKit/537.36 (KHTML, like Gecko) Chrome/136.0.0.0 Safari/537.36 Edg/136.0.0.0" {"metadata":{"emulator":{"name":"hosting"},"message":"127.0.0.1 - - [29/May/2025:19:20:15 +0000] \"GET /_next/static/chunks/app/(pages)/esqueceu-senha/page-bcd1c9bafc5ea3b5.js HTTP/1.1\" 200 3384 \"http://127.0.0.1:5000/login\" \"Mozilla/5.0 (Windows NT 10.0; Win64; x64) AppleWebKit/537.36 (KHTML, like Gecko) Chrome/136.0.0.0 Safari/537.36 Edg/136.0.0.0\""}}
[debug] [2025-05-29T19:20:15.374Z] Finishing up request with event=pause {"metadata":{"emulator":{"name":"functions"},"function":{"name":"us-central1-nextssr"},"extension":{},"message":"Finishing up request with event=pause"}}
[info] i  functions: Finished "us-central1-nextssr" in 32.9304ms {"metadata":{"emulator":{"name":"functions"},"function":{"name":"us-central1-nextssr"},"extension":{},"message":"Finished \"us-central1-nextssr\" in 32.9304ms"}}
[debug] [2025-05-29T19:20:15.375Z] [worker-us-central1-nextssr-ea3e2665-57ff-45a1-ab5e-cb41a72c8ae8]: IDLE {"metadata":{"emulator":{"name":"functions"},"function":{"name":"us-central1-nextssr"},"extension":{},"message":"[worker-us-central1-nextssr-ea3e2665-57ff-45a1-ab5e-cb41a72c8ae8]: IDLE"}}
[debug] [2025-05-29T19:20:15.375Z] Finishing up request with event=finish {"metadata":{"emulator":{"name":"functions"},"function":{"name":"us-central1-nextssr"},"extension":{},"message":"Finishing up request with event=finish"}}
[debug] [2025-05-29T19:20:15.375Z] Finishing up request with event=close {"metadata":{"emulator":{"name":"functions"},"function":{"name":"us-central1-nextssr"},"extension":{},"message":"Finishing up request with event=close"}}
[debug] [2025-05-29T19:20:15.376Z] [work-queue] {"queuedWork":[],"queueLength":0,"runningWork":[],"workRunningCount":0}
[debug] [2025-05-29T19:20:15.376Z] <<< [apiv2][status] GET http://127.0.0.1:5001/familia-viva-recife/us-central1/nextssr/_next/static/css/411ad84e6467fa1e.css 200
[debug] [2025-05-29T19:20:15.376Z] <<< [apiv2][body] GET http://127.0.0.1:5001/familia-viva-recife/us-central1/nextssr/_next/static/css/411ad84e6467fa1e.css [stream]
[info] i  hosting: 127.0.0.1 - - [29/May/2025:19:20:15 +0000] "GET /_next/static/css/411ad84e6467fa1e.css HTTP/1.1" 200 1411 "http://127.0.0.1:5000/login" "Mozilla/5.0 (Windows NT 10.0; Win64; x64) AppleWebKit/537.36 (KHTML, like Gecko) Chrome/136.0.0.0 Safari/537.36 Edg/136.0.0.0" {"metadata":{"emulator":{"name":"hosting"},"message":"127.0.0.1 - - [29/May/2025:19:20:15 +0000] \"GET /_next/static/css/411ad84e6467fa1e.css HTTP/1.1\" 200 1411 \"http://127.0.0.1:5000/login\" \"Mozilla/5.0 (Windows NT 10.0; Win64; x64) AppleWebKit/537.36 (KHTML, like Gecko) Chrome/136.0.0.0 Safari/537.36 Edg/136.0.0.0\""}}
[info] [hosting] Rewriting /_next/static/css/e29a625a6a492291.css to http://127.0.0.1:5001/familia-viva-recife/us-central1/nextssr for local Function us-central1/nextssr
[debug] [2025-05-29T19:20:27.741Z] >>> [apiv2][query] GET http://127.0.0.1:5001/familia-viva-recife/us-central1/nextssr/_next/static/css/e29a625a6a492291.css 
[info] [hosting] Rewriting /_next/static/css/095879a2e3e1780a.css to http://127.0.0.1:5001/familia-viva-recife/us-central1/nextssr for local Function us-central1/nextssr
[debug] [2025-05-29T19:20:27.749Z] >>> [apiv2][query] GET http://127.0.0.1:5001/familia-viva-recife/us-central1/nextssr/_next/static/css/095879a2e3e1780a.css 
[info] [hosting] Rewriting /_next/static/css/1bc49930e68693ae.css to http://127.0.0.1:5001/familia-viva-recife/us-central1/nextssr for local Function us-central1/nextssr
[debug] [2025-05-29T19:20:27.762Z] >>> [apiv2][query] GET http://127.0.0.1:5001/familia-viva-recife/us-central1/nextssr/_next/static/css/1bc49930e68693ae.css 
[debug] [2025-05-29T19:20:27.766Z] [work-queue] {"queuedWork":["/familia-viva-recife/us-central1/nextssr/_next/static/css/e29a625a6a492291.css-2025-05-29T19:20:27.766Z"],"queueLength":1,"runningWork":[],"workRunningCount":0}
[debug] [2025-05-29T19:20:27.766Z] [work-queue] {"queuedWork":[],"queueLength":0,"runningWork":["/familia-viva-recife/us-central1/nextssr/_next/static/css/e29a625a6a492291.css-2025-05-29T19:20:27.766Z"],"workRunningCount":1}
[debug] [2025-05-29T19:20:27.766Z] Accepted request GET /familia-viva-recife/us-central1/nextssr/_next/static/css/e29a625a6a492291.css --> us-central1-nextssr
[debug] [2025-05-29T19:20:27.767Z] [functions] Runtime ready! Sending request! {"metadata":{"emulator":{"name":"functions"},"message":"[functions] Runtime ready! Sending request!"}}
[debug] [2025-05-29T19:20:27.767Z] [functions] Got req.url=/familia-viva-recife/us-central1/nextssr/_next/static/css/e29a625a6a492291.css, mapping to path=/_next/static/css/e29a625a6a492291.css {"metadata":{"emulator":{"name":"functions"},"message":"[functions] Got req.url=/familia-viva-recife/us-central1/nextssr/_next/static/css/e29a625a6a492291.css, mapping to path=/_next/static/css/e29a625a6a492291.css"}}
[debug] [2025-05-29T19:20:27.767Z] [worker-pool] submitRequest(triggerId=us-central1-nextssr) {"metadata":{"emulator":{"name":"functions"},"message":"[worker-pool] submitRequest(triggerId=us-central1-nextssr)"}}
[info] i  functions: Beginning execution of "us-central1-nextssr" {"metadata":{"emulator":{"name":"functions"},"function":{"name":"us-central1-nextssr"},"extension":{},"message":"Beginning execution of \"us-central1-nextssr\""}}
[debug] [2025-05-29T19:20:27.769Z] [worker-us-central1-nextssr-d906d7b6-62b8-4707-b0a2-780f82f3e176]: BUSY {"metadata":{"emulator":{"name":"functions"},"function":{"name":"us-central1-nextssr"},"extension":{},"message":"[worker-us-central1-nextssr-d906d7b6-62b8-4707-b0a2-780f82f3e176]: BUSY"}}
[debug] [2025-05-29T19:20:27.772Z] [work-queue] {"queuedWork":["/familia-viva-recife/us-central1/nextssr/_next/static/css/095879a2e3e1780a.css-2025-05-29T19:20:27.772Z"],"queueLength":1,"runningWork":["/familia-viva-recife/us-central1/nextssr/_next/static/css/e29a625a6a492291.css-2025-05-29T19:20:27.766Z"],"workRunningCount":1}
[debug] [2025-05-29T19:20:27.772Z] [work-queue] {"queuedWork":[],"queueLength":0,"runningWork":["/familia-viva-recife/us-central1/nextssr/_next/static/css/e29a625a6a492291.css-2025-05-29T19:20:27.766Z","/familia-viva-recife/us-central1/nextssr/_next/static/css/095879a2e3e1780a.css-2025-05-29T19:20:27.772Z"],"workRunningCount":2}
[debug] [2025-05-29T19:20:27.772Z] Accepted request GET /familia-viva-recife/us-central1/nextssr/_next/static/css/095879a2e3e1780a.css --> us-central1-nextssr
[debug] [2025-05-29T19:20:27.773Z] [functions] Runtime ready! Sending request! {"metadata":{"emulator":{"name":"functions"},"message":"[functions] Runtime ready! Sending request!"}}
[debug] [2025-05-29T19:20:27.773Z] [functions] Got req.url=/familia-viva-recife/us-central1/nextssr/_next/static/css/095879a2e3e1780a.css, mapping to path=/_next/static/css/095879a2e3e1780a.css {"metadata":{"emulator":{"name":"functions"},"message":"[functions] Got req.url=/familia-viva-recife/us-central1/nextssr/_next/static/css/095879a2e3e1780a.css, mapping to path=/_next/static/css/095879a2e3e1780a.css"}}
[debug] [2025-05-29T19:20:27.773Z] [worker-pool] submitRequest(triggerId=us-central1-nextssr) {"metadata":{"emulator":{"name":"functions"},"message":"[worker-pool] submitRequest(triggerId=us-central1-nextssr)"}}
[info] i  functions: Beginning execution of "us-central1-nextssr" {"metadata":{"emulator":{"name":"functions"},"function":{"name":"us-central1-nextssr"},"extension":{},"message":"Beginning execution of \"us-central1-nextssr\""}}
[debug] [2025-05-29T19:20:27.779Z] [worker-us-central1-nextssr-ea3e2665-57ff-45a1-ab5e-cb41a72c8ae8]: BUSY {"metadata":{"emulator":{"name":"functions"},"function":{"name":"us-central1-nextssr"},"extension":{},"message":"[worker-us-central1-nextssr-ea3e2665-57ff-45a1-ab5e-cb41a72c8ae8]: BUSY"}}
[debug] [2025-05-29T19:20:27.780Z] [work-queue] {"queuedWork":["/familia-viva-recife/us-central1/nextssr/_next/static/css/1bc49930e68693ae.css-2025-05-29T19:20:27.780Z"],"queueLength":1,"runningWork":["/familia-viva-recife/us-central1/nextssr/_next/static/css/e29a625a6a492291.css-2025-05-29T19:20:27.766Z","/familia-viva-recife/us-central1/nextssr/_next/static/css/095879a2e3e1780a.css-2025-05-29T19:20:27.772Z"],"workRunningCount":2}
[debug] [2025-05-29T19:20:27.780Z] [work-queue] {"queuedWork":[],"queueLength":0,"runningWork":["/familia-viva-recife/us-central1/nextssr/_next/static/css/e29a625a6a492291.css-2025-05-29T19:20:27.766Z","/familia-viva-recife/us-central1/nextssr/_next/static/css/095879a2e3e1780a.css-2025-05-29T19:20:27.772Z","/familia-viva-recife/us-central1/nextssr/_next/static/css/1bc49930e68693ae.css-2025-05-29T19:20:27.780Z"],"workRunningCount":3}
[debug] [2025-05-29T19:20:27.781Z] Accepted request GET /familia-viva-recife/us-central1/nextssr/_next/static/css/1bc49930e68693ae.css --> us-central1-nextssr
[debug] [2025-05-29T19:20:27.781Z] [functions] Runtime ready! Sending request! {"metadata":{"emulator":{"name":"functions"},"message":"[functions] Runtime ready! Sending request!"}}
[debug] [2025-05-29T19:20:27.781Z] [functions] Got req.url=/familia-viva-recife/us-central1/nextssr/_next/static/css/1bc49930e68693ae.css, mapping to path=/_next/static/css/1bc49930e68693ae.css {"metadata":{"emulator":{"name":"functions"},"message":"[functions] Got req.url=/familia-viva-recife/us-central1/nextssr/_next/static/css/1bc49930e68693ae.css, mapping to path=/_next/static/css/1bc49930e68693ae.css"}}
[debug] [2025-05-29T19:20:27.781Z] [worker-pool] submitRequest(triggerId=us-central1-nextssr) {"metadata":{"emulator":{"name":"functions"},"message":"[worker-pool] submitRequest(triggerId=us-central1-nextssr)"}}
[info] i  functions: Beginning execution of "us-central1-nextssr" {"metadata":{"emulator":{"name":"functions"},"function":{"name":"us-central1-nextssr"},"extension":{},"message":"Beginning execution of \"us-central1-nextssr\""}}
[debug] [2025-05-29T19:20:27.785Z] [worker-us-central1-nextssr-5cfe5c8c-1817-4ecb-9501-a83ff42a8866]: BUSY {"metadata":{"emulator":{"name":"functions"},"function":{"name":"us-central1-nextssr"},"extension":{},"message":"[worker-us-central1-nextssr-5cfe5c8c-1817-4ecb-9501-a83ff42a8866]: BUSY"}}
[info] i  hosting: 127.0.0.1 - - [29/May/2025:19:20:27 +0000] "GET /.well-known/appspecific/com.chrome.devtools.json HTTP/1.1" 404 187 "-" "Mozilla/5.0 (Windows NT 10.0; Win64; x64) AppleWebKit/537.36 (KHTML, like Gecko) Chrome/136.0.0.0 Safari/537.36 Edg/136.0.0.0" {"metadata":{"emulator":{"name":"hosting"},"message":"127.0.0.1 - - [29/May/2025:19:20:27 +0000] \"GET /.well-known/appspecific/com.chrome.devtools.json HTTP/1.1\" 404 187 \"-\" \"Mozilla/5.0 (Windows NT 10.0; Win64; x64) AppleWebKit/537.36 (KHTML, like Gecko) Chrome/136.0.0.0 Safari/537.36 Edg/136.0.0.0\""}}
[debug] [2025-05-29T19:20:27.862Z] Finishing up request with event=pause {"metadata":{"emulator":{"name":"functions"},"function":{"name":"us-central1-nextssr"},"extension":{},"message":"Finishing up request with event=pause"}}
[info] i  functions: Finished "us-central1-nextssr" in 83.7685ms {"metadata":{"emulator":{"name":"functions"},"function":{"name":"us-central1-nextssr"},"extension":{},"message":"Finished \"us-central1-nextssr\" in 83.7685ms"}}
[debug] [2025-05-29T19:20:27.871Z] [worker-us-central1-nextssr-ea3e2665-57ff-45a1-ab5e-cb41a72c8ae8]: IDLE {"metadata":{"emulator":{"name":"functions"},"function":{"name":"us-central1-nextssr"},"extension":{},"message":"[worker-us-central1-nextssr-ea3e2665-57ff-45a1-ab5e-cb41a72c8ae8]: IDLE"}}
[debug] [2025-05-29T19:20:27.871Z] Finishing up request with event=finish {"metadata":{"emulator":{"name":"functions"},"function":{"name":"us-central1-nextssr"},"extension":{},"message":"Finishing up request with event=finish"}}
[debug] [2025-05-29T19:20:27.872Z] Finishing up request with event=close {"metadata":{"emulator":{"name":"functions"},"function":{"name":"us-central1-nextssr"},"extension":{},"message":"Finishing up request with event=close"}}
[debug] [2025-05-29T19:20:27.872Z] [work-queue] {"queuedWork":[],"queueLength":0,"runningWork":["/familia-viva-recife/us-central1/nextssr/_next/static/css/e29a625a6a492291.css-2025-05-29T19:20:27.766Z","/familia-viva-recife/us-central1/nextssr/_next/static/css/1bc49930e68693ae.css-2025-05-29T19:20:27.780Z"],"workRunningCount":2}
[debug] [2025-05-29T19:20:27.873Z] <<< [apiv2][status] GET http://127.0.0.1:5001/familia-viva-recife/us-central1/nextssr/_next/static/css/095879a2e3e1780a.css 200
[debug] [2025-05-29T19:20:27.873Z] <<< [apiv2][body] GET http://127.0.0.1:5001/familia-viva-recife/us-central1/nextssr/_next/static/css/095879a2e3e1780a.css [stream]
[info] i  hosting: 127.0.0.1 - - [29/May/2025:19:20:27 +0000] "GET /_next/static/css/095879a2e3e1780a.css HTTP/1.1" 200 9542 "http://127.0.0.1:5000/login" "Mozilla/5.0 (Windows NT 10.0; Win64; x64) AppleWebKit/537.36 (KHTML, like Gecko) Chrome/136.0.0.0 Safari/537.36 Edg/136.0.0.0" {"metadata":{"emulator":{"name":"hosting"},"message":"127.0.0.1 - - [29/May/2025:19:20:27 +0000] \"GET /_next/static/css/095879a2e3e1780a.css HTTP/1.1\" 200 9542 \"http://127.0.0.1:5000/login\" \"Mozilla/5.0 (Windows NT 10.0; Win64; x64) AppleWebKit/537.36 (KHTML, like Gecko) Chrome/136.0.0.0 Safari/537.36 Edg/136.0.0.0\""}}
[debug] [2025-05-29T19:20:27.881Z] Finishing up request with event=pause {"metadata":{"emulator":{"name":"functions"},"function":{"name":"us-central1-nextssr"},"extension":{},"message":"Finishing up request with event=pause"}}
[info] i  functions: Finished "us-central1-nextssr" in 96.5251ms {"metadata":{"emulator":{"name":"functions"},"function":{"name":"us-central1-nextssr"},"extension":{},"message":"Finished \"us-central1-nextssr\" in 96.5251ms"}}
[debug] [2025-05-29T19:20:27.886Z] [worker-us-central1-nextssr-5cfe5c8c-1817-4ecb-9501-a83ff42a8866]: IDLE {"metadata":{"emulator":{"name":"functions"},"function":{"name":"us-central1-nextssr"},"extension":{},"message":"[worker-us-central1-nextssr-5cfe5c8c-1817-4ecb-9501-a83ff42a8866]: IDLE"}}
[debug] [2025-05-29T19:20:27.886Z] Finishing up request with event=finish {"metadata":{"emulator":{"name":"functions"},"function":{"name":"us-central1-nextssr"},"extension":{},"message":"Finishing up request with event=finish"}}
[debug] [2025-05-29T19:20:27.886Z] Finishing up request with event=close {"metadata":{"emulator":{"name":"functions"},"function":{"name":"us-central1-nextssr"},"extension":{},"message":"Finishing up request with event=close"}}
[debug] [2025-05-29T19:20:27.886Z] [work-queue] {"queuedWork":[],"queueLength":0,"runningWork":["/familia-viva-recife/us-central1/nextssr/_next/static/css/e29a625a6a492291.css-2025-05-29T19:20:27.766Z"],"workRunningCount":1}
[debug] [2025-05-29T19:20:27.887Z] <<< [apiv2][status] GET http://127.0.0.1:5001/familia-viva-recife/us-central1/nextssr/_next/static/css/1bc49930e68693ae.css 200
[debug] [2025-05-29T19:20:27.887Z] <<< [apiv2][body] GET http://127.0.0.1:5001/familia-viva-recife/us-central1/nextssr/_next/static/css/1bc49930e68693ae.css [stream]
[info] i  hosting: 127.0.0.1 - - [29/May/2025:19:20:27 +0000] "GET /_next/static/css/1bc49930e68693ae.css HTTP/1.1" 200 3928 "http://127.0.0.1:5000/login" "Mozilla/5.0 (Windows NT 10.0; Win64; x64) AppleWebKit/537.36 (KHTML, like Gecko) Chrome/136.0.0.0 Safari/537.36 Edg/136.0.0.0" {"metadata":{"emulator":{"name":"hosting"},"message":"127.0.0.1 - - [29/May/2025:19:20:27 +0000] \"GET /_next/static/css/1bc49930e68693ae.css HTTP/1.1\" 200 3928 \"http://127.0.0.1:5000/login\" \"Mozilla/5.0 (Windows NT 10.0; Win64; x64) AppleWebKit/537.36 (KHTML, like Gecko) Chrome/136.0.0.0 Safari/537.36 Edg/136.0.0.0\""}}
[debug] [2025-05-29T19:20:27.890Z] Finishing up request with event=pause {"metadata":{"emulator":{"name":"functions"},"function":{"name":"us-central1-nextssr"},"extension":{},"message":"Finishing up request with event=pause"}}
[info] i  functions: Finished "us-central1-nextssr" in 120.8962ms {"metadata":{"emulator":{"name":"functions"},"function":{"name":"us-central1-nextssr"},"extension":{},"message":"Finished \"us-central1-nextssr\" in 120.8962ms"}}
[debug] [2025-05-29T19:20:27.892Z] [worker-us-central1-nextssr-d906d7b6-62b8-4707-b0a2-780f82f3e176]: IDLE {"metadata":{"emulator":{"name":"functions"},"function":{"name":"us-central1-nextssr"},"extension":{},"message":"[worker-us-central1-nextssr-d906d7b6-62b8-4707-b0a2-780f82f3e176]: IDLE"}}
[debug] [2025-05-29T19:20:27.893Z] Finishing up request with event=finish {"metadata":{"emulator":{"name":"functions"},"function":{"name":"us-central1-nextssr"},"extension":{},"message":"Finishing up request with event=finish"}}
[debug] [2025-05-29T19:20:27.894Z] Finishing up request with event=close {"metadata":{"emulator":{"name":"functions"},"function":{"name":"us-central1-nextssr"},"extension":{},"message":"Finishing up request with event=close"}}
[debug] [2025-05-29T19:20:27.894Z] [work-queue] {"queuedWork":[],"queueLength":0,"runningWork":[],"workRunningCount":0}
[debug] [2025-05-29T19:20:27.895Z] <<< [apiv2][status] GET http://127.0.0.1:5001/familia-viva-recife/us-central1/nextssr/_next/static/css/e29a625a6a492291.css 200
[debug] [2025-05-29T19:20:27.895Z] <<< [apiv2][body] GET http://127.0.0.1:5001/familia-viva-recife/us-central1/nextssr/_next/static/css/e29a625a6a492291.css [stream]
[info] i  hosting: 127.0.0.1 - - [29/May/2025:19:20:27 +0000] "GET /_next/static/css/e29a625a6a492291.css HTTP/1.1" 200 22522 "http://127.0.0.1:5000/login" "Mozilla/5.0 (Windows NT 10.0; Win64; x64) AppleWebKit/537.36 (KHTML, like Gecko) Chrome/136.0.0.0 Safari/537.36 Edg/136.0.0.0" {"metadata":{"emulator":{"name":"hosting"},"message":"127.0.0.1 - - [29/May/2025:19:20:27 +0000] \"GET /_next/static/css/e29a625a6a492291.css HTTP/1.1\" 200 22522 \"http://127.0.0.1:5000/login\" \"Mozilla/5.0 (Windows NT 10.0; Win64; x64) AppleWebKit/537.36 (KHTML, like Gecko) Chrome/136.0.0.0 Safari/537.36 Edg/136.0.0.0\""}}
[info] [hosting] Rewriting /api/auth/providers to http://127.0.0.1:5001/familia-viva-recife/us-central1/nextssr for local Function us-central1/nextssr
[debug] [2025-05-29T19:20:42.468Z] >>> [apiv2][query] GET http://127.0.0.1:5001/familia-viva-recife/us-central1/nextssr/api/auth/providers 
[debug] [2025-05-29T19:20:42.471Z] [work-queue] {"queuedWork":["/familia-viva-recife/us-central1/nextssr/api/auth/providers-2025-05-29T19:20:42.471Z"],"queueLength":1,"runningWork":[],"workRunningCount":0}
[debug] [2025-05-29T19:20:42.471Z] [work-queue] {"queuedWork":[],"queueLength":0,"runningWork":["/familia-viva-recife/us-central1/nextssr/api/auth/providers-2025-05-29T19:20:42.471Z"],"workRunningCount":1}
[debug] [2025-05-29T19:20:42.472Z] Accepted request GET /familia-viva-recife/us-central1/nextssr/api/auth/providers --> us-central1-nextssr
[debug] [2025-05-29T19:20:42.472Z] [functions] Runtime ready! Sending request! {"metadata":{"emulator":{"name":"functions"},"message":"[functions] Runtime ready! Sending request!"}}
[debug] [2025-05-29T19:20:42.475Z] [functions] Got req.url=/familia-viva-recife/us-central1/nextssr/api/auth/providers, mapping to path=/api/auth/providers {"metadata":{"emulator":{"name":"functions"},"message":"[functions] Got req.url=/familia-viva-recife/us-central1/nextssr/api/auth/providers, mapping to path=/api/auth/providers"}}
[debug] [2025-05-29T19:20:42.475Z] [worker-pool] submitRequest(triggerId=us-central1-nextssr) {"metadata":{"emulator":{"name":"functions"},"message":"[worker-pool] submitRequest(triggerId=us-central1-nextssr)"}}
[info] i  functions: Beginning execution of "us-central1-nextssr" {"metadata":{"emulator":{"name":"functions"},"function":{"name":"us-central1-nextssr"},"extension":{},"message":"Beginning execution of \"us-central1-nextssr\""}}
[debug] [2025-05-29T19:20:42.491Z] [worker-us-central1-nextssr-d906d7b6-62b8-4707-b0a2-780f82f3e176]: BUSY {"metadata":{"emulator":{"name":"functions"},"function":{"name":"us-central1-nextssr"},"extension":{},"message":"[worker-us-central1-nextssr-d906d7b6-62b8-4707-b0a2-780f82f3e176]: BUSY"}}
[info] >  [next-auth][error][NO_SECRET]  {"user":"[next-auth][error][NO_SECRET] ","metadata":{"emulator":{"name":"functions"},"function":{"name":"us-central1-nextssr"},"extension":{},"message":"\u001b[90m> \u001b[39m [next-auth][error][NO_SECRET] "}}
[info] >  https://next-auth.js.org/errors#no_secret Please define a `secret` in production. Error [MissingSecretError]: Please define a `secret` in production. {"user":"https://next-auth.js.org/errors#no_secret Please define a `secret` in production. Error [MissingSecretError]: Please define a `secret` in production.","metadata":{"emulator":{"name":"functions"},"function":{"name":"us-central1-nextssr"},"extension":{},"message":"\u001b[90m> \u001b[39m https://next-auth.js.org/errors#no_secret Please define a `secret` in production. Error [MissingSecretError]: Please define a `secret` in production."}}
[info] >      at t.assertConfig (C:\Users\Danielxpdk\Desktop\Aplicacao-familia-viva\frontend\.next\server\app\api\auth\[...nextauth]\route.js:25:67753) {"user":"    at t.assertConfig (C:\\Users\\Danielxpdk\\Desktop\\Aplicacao-familia-viva\\frontend\\.next\\server\\app\\api\\auth\\[...nextauth]\\route.js:25:67753)","metadata":{"emulator":{"name":"functions"},"function":{"name":"us-central1-nextssr"},"extension":{},"message":"\u001b[90m> \u001b[39m     at t.assertConfig (C:\\Users\\Danielxpdk\\Desktop\\Aplicacao-familia-viva\\frontend\\.next\\server\\app\\api\\auth\\[...nextauth]\\route.js:25:67753)"}}
[info] >      at _ (C:\Users\Danielxpdk\Desktop\Aplicacao-familia-viva\frontend\.next\server\app\api\auth\[...nextauth]\route.js:25:54359) {"user":"    at _ (C:\\Users\\Danielxpdk\\Desktop\\Aplicacao-familia-viva\\frontend\\.next\\server\\app\\api\\auth\\[...nextauth]\\route.js:25:54359)","metadata":{"emulator":{"name":"functions"},"function":{"name":"us-central1-nextssr"},"extension":{},"message":"\u001b[90m> \u001b[39m     at _ (C:\\Users\\Danielxpdk\\Desktop\\Aplicacao-familia-viva\\frontend\\.next\\server\\app\\api\\auth\\[...nextauth]\\route.js:25:54359)"}}
[info] >      at async a (C:\Users\Danielxpdk\Desktop\Aplicacao-familia-viva\frontend\.next\server\app\api\auth\[...nextauth]\route.js:17:20599) {"user":"    at async a (C:\\Users\\Danielxpdk\\Desktop\\Aplicacao-familia-viva\\frontend\\.next\\server\\app\\api\\auth\\[...nextauth]\\route.js:17:20599)","metadata":{"emulator":{"name":"functions"},"function":{"name":"us-central1-nextssr"},"extension":{},"message":"\u001b[90m> \u001b[39m     at async a (C:\\Users\\Danielxpdk\\Desktop\\Aplicacao-familia-viva\\frontend\\.next\\server\\app\\api\\auth\\[...nextauth]\\route.js:17:20599)"}}
[info] >      at async e.length.t (C:\Users\Danielxpdk\Desktop\Aplicacao-familia-viva\frontend\.next\server\app\api\auth\[...nextauth]\route.js:17:22089) { {"user":"    at async e.length.t (C:\\Users\\Danielxpdk\\Desktop\\Aplicacao-familia-viva\\frontend\\.next\\server\\app\\api\\auth\\[...nextauth]\\route.js:17:22089) {","metadata":{"emulator":{"name":"functions"},"function":{"name":"us-central1-nextssr"},"extension":{},"message":"\u001b[90m> \u001b[39m     at async e.length.t (C:\\Users\\Danielxpdk\\Desktop\\Aplicacao-familia-viva\\frontend\\.next\\server\\app\\api\\auth\\[...nextauth]\\route.js:17:22089) {"}}
[info] >    code: 'NO_SECRET' {"user":"  code: 'NO_SECRET'","metadata":{"emulator":{"name":"functions"},"function":{"name":"us-central1-nextssr"},"extension":{},"message":"\u001b[90m> \u001b[39m   code: 'NO_SECRET'"}}
[info] >  } {"user":"}","metadata":{"emulator":{"name":"functions"},"function":{"name":"us-central1-nextssr"},"extension":{},"message":"\u001b[90m> \u001b[39m }"}}
[debug] [2025-05-29T19:20:42.768Z] Finishing up request with event=pause {"metadata":{"emulator":{"name":"functions"},"function":{"name":"us-central1-nextssr"},"extension":{},"message":"Finishing up request with event=pause"}}
[info] i  functions: Finished "us-central1-nextssr" in 278.8807ms {"metadata":{"emulator":{"name":"functions"},"function":{"name":"us-central1-nextssr"},"extension":{},"message":"Finished \"us-central1-nextssr\" in 278.8807ms"}}
[debug] [2025-05-29T19:20:42.769Z] [worker-us-central1-nextssr-d906d7b6-62b8-4707-b0a2-780f82f3e176]: IDLE {"metadata":{"emulator":{"name":"functions"},"function":{"name":"us-central1-nextssr"},"extension":{},"message":"[worker-us-central1-nextssr-d906d7b6-62b8-4707-b0a2-780f82f3e176]: IDLE"}}
[debug] [2025-05-29T19:20:42.769Z] Finishing up request with event=finish {"metadata":{"emulator":{"name":"functions"},"function":{"name":"us-central1-nextssr"},"extension":{},"message":"Finishing up request with event=finish"}}
[debug] [2025-05-29T19:20:42.769Z] Finishing up request with event=close {"metadata":{"emulator":{"name":"functions"},"function":{"name":"us-central1-nextssr"},"extension":{},"message":"Finishing up request with event=close"}}
[debug] [2025-05-29T19:20:42.769Z] [work-queue] {"queuedWork":[],"queueLength":0,"runningWork":[],"workRunningCount":0}
[debug] [2025-05-29T19:20:42.770Z] <<< [apiv2][status] GET http://127.0.0.1:5001/familia-viva-recife/us-central1/nextssr/api/auth/providers 500
[debug] [2025-05-29T19:20:42.770Z] <<< [apiv2][body] GET http://127.0.0.1:5001/familia-viva-recife/us-central1/nextssr/api/auth/providers [stream]
[info] i  hosting: 127.0.0.1 - - [29/May/2025:19:20:42 +0000] "GET /api/auth/providers HTTP/1.1" 500 - "http://127.0.0.1:5000/login" "Mozilla/5.0 (Linux; Android 6.0; Nexus 5 Build/MRA58N) AppleWebKit/537.36 (KHTML, like Gecko) Chrome/136.0.0.0 Mobile Safari/537.36 Edg/136.0.0.0" {"metadata":{"emulator":{"name":"hosting"},"message":"127.0.0.1 - - [29/May/2025:19:20:42 +0000] \"GET /api/auth/providers HTTP/1.1\" 500 - \"http://127.0.0.1:5000/login\" \"Mozilla/5.0 (Linux; Android 6.0; Nexus 5 Build/MRA58N) AppleWebKit/537.36 (KHTML, like Gecko) Chrome/136.0.0.0 Mobile Safari/537.36 Edg/136.0.0.0\""}}
[info] [hosting] Rewriting /api/auth/_log to http://127.0.0.1:5001/familia-viva-recife/us-central1/nextssr for local Function us-central1/nextssr
[debug] [2025-05-29T19:20:42.832Z] >>> [apiv2][query] POST http://127.0.0.1:5001/familia-viva-recife/us-central1/nextssr/api/auth/_log 
[debug] [2025-05-29T19:20:42.832Z] >>> [apiv2][body] POST http://127.0.0.1:5001/familia-viva-recife/us-central1/nextssr/api/auth/_log [stream]
[debug] [2025-05-29T19:20:42.834Z] [work-queue] {"queuedWork":["/familia-viva-recife/us-central1/nextssr/api/auth/_log-2025-05-29T19:20:42.834Z"],"queueLength":1,"runningWork":[],"workRunningCount":0}
[debug] [2025-05-29T19:20:42.834Z] [work-queue] {"queuedWork":[],"queueLength":0,"runningWork":["/familia-viva-recife/us-central1/nextssr/api/auth/_log-2025-05-29T19:20:42.834Z"],"workRunningCount":1}
[debug] [2025-05-29T19:20:42.835Z] Accepted request POST /familia-viva-recife/us-central1/nextssr/api/auth/_log --> us-central1-nextssr
[debug] [2025-05-29T19:20:42.835Z] [functions] Runtime ready! Sending request! {"metadata":{"emulator":{"name":"functions"},"message":"[functions] Runtime ready! Sending request!"}}
[debug] [2025-05-29T19:20:42.835Z] [functions] Got req.url=/familia-viva-recife/us-central1/nextssr/api/auth/_log, mapping to path=/api/auth/_log {"metadata":{"emulator":{"name":"functions"},"message":"[functions] Got req.url=/familia-viva-recife/us-central1/nextssr/api/auth/_log, mapping to path=/api/auth/_log"}}
[debug] [2025-05-29T19:20:42.835Z] [worker-pool] submitRequest(triggerId=us-central1-nextssr) {"metadata":{"emulator":{"name":"functions"},"message":"[worker-pool] submitRequest(triggerId=us-central1-nextssr)"}}
[info] i  functions: Beginning execution of "us-central1-nextssr" {"metadata":{"emulator":{"name":"functions"},"function":{"name":"us-central1-nextssr"},"extension":{},"message":"Beginning execution of \"us-central1-nextssr\""}}
[debug] [2025-05-29T19:20:42.838Z] [worker-us-central1-nextssr-d906d7b6-62b8-4707-b0a2-780f82f3e176]: BUSY {"metadata":{"emulator":{"name":"functions"},"function":{"name":"us-central1-nextssr"},"extension":{},"message":"[worker-us-central1-nextssr-d906d7b6-62b8-4707-b0a2-780f82f3e176]: BUSY"}}
[info] [hosting] Rewriting /api/auth/error to http://127.0.0.1:5001/familia-viva-recife/us-central1/nextssr for local Function us-central1/nextssr
[debug] [2025-05-29T19:20:42.844Z] >>> [apiv2][query] GET http://127.0.0.1:5001/familia-viva-recife/us-central1/nextssr/api/auth/error 
[debug] [2025-05-29T19:20:42.848Z] [work-queue] {"queuedWork":["/familia-viva-recife/us-central1/nextssr/api/auth/error-2025-05-29T19:20:42.848Z"],"queueLength":1,"runningWork":["/familia-viva-recife/us-central1/nextssr/api/auth/_log-2025-05-29T19:20:42.834Z"],"workRunningCount":1}
[debug] [2025-05-29T19:20:42.848Z] [work-queue] {"queuedWork":[],"queueLength":0,"runningWork":["/familia-viva-recife/us-central1/nextssr/api/auth/_log-2025-05-29T19:20:42.834Z","/familia-viva-recife/us-central1/nextssr/api/auth/error-2025-05-29T19:20:42.848Z"],"workRunningCount":2}
[debug] [2025-05-29T19:20:42.848Z] Accepted request GET /familia-viva-recife/us-central1/nextssr/api/auth/error --> us-central1-nextssr
[debug] [2025-05-29T19:20:42.849Z] [functions] Runtime ready! Sending request! {"metadata":{"emulator":{"name":"functions"},"message":"[functions] Runtime ready! Sending request!"}}
[debug] [2025-05-29T19:20:42.849Z] [functions] Got req.url=/familia-viva-recife/us-central1/nextssr/api/auth/error, mapping to path=/api/auth/error {"metadata":{"emulator":{"name":"functions"},"message":"[functions] Got req.url=/familia-viva-recife/us-central1/nextssr/api/auth/error, mapping to path=/api/auth/error"}}
[debug] [2025-05-29T19:20:42.849Z] [worker-pool] submitRequest(triggerId=us-central1-nextssr) {"metadata":{"emulator":{"name":"functions"},"message":"[worker-pool] submitRequest(triggerId=us-central1-nextssr)"}}
[info] i  functions: Beginning execution of "us-central1-nextssr" {"metadata":{"emulator":{"name":"functions"},"function":{"name":"us-central1-nextssr"},"extension":{},"message":"Beginning execution of \"us-central1-nextssr\""}}
[debug] [2025-05-29T19:20:42.851Z] [worker-us-central1-nextssr-ea3e2665-57ff-45a1-ab5e-cb41a72c8ae8]: BUSY {"metadata":{"emulator":{"name":"functions"},"function":{"name":"us-central1-nextssr"},"extension":{},"message":"[worker-us-central1-nextssr-ea3e2665-57ff-45a1-ab5e-cb41a72c8ae8]: BUSY"}}
[info] >   ⨯ [TypeError: Response body object should not be disturbed or locked] {"user":" ⨯ [TypeError: Response body object should not be disturbed or locked]","metadata":{"emulator":{"name":"functions"},"function":{"name":"us-central1-nextssr"},"extension":{},"message":"\u001b[90m> \u001b[39m  ⨯ [TypeError: Response body object should not be disturbed or locked]"}}
[debug] [2025-05-29T19:20:42.938Z] Finishing up request with event=pause {"metadata":{"emulator":{"name":"functions"},"function":{"name":"us-central1-nextssr"},"extension":{},"message":"Finishing up request with event=pause"}}
[info] i  functions: Finished "us-central1-nextssr" in 100.2828ms {"metadata":{"emulator":{"name":"functions"},"function":{"name":"us-central1-nextssr"},"extension":{},"message":"Finished \"us-central1-nextssr\" in 100.2828ms"}}
[debug] [2025-05-29T19:20:42.951Z] [worker-us-central1-nextssr-d906d7b6-62b8-4707-b0a2-780f82f3e176]: IDLE {"metadata":{"emulator":{"name":"functions"},"function":{"name":"us-central1-nextssr"},"extension":{},"message":"[worker-us-central1-nextssr-d906d7b6-62b8-4707-b0a2-780f82f3e176]: IDLE"}}
[debug] [2025-05-29T19:20:42.951Z] Finishing up request with event=finish {"metadata":{"emulator":{"name":"functions"},"function":{"name":"us-central1-nextssr"},"extension":{},"message":"Finishing up request with event=finish"}}
[debug] [2025-05-29T19:20:42.951Z] Finishing up request with event=close {"metadata":{"emulator":{"name":"functions"},"function":{"name":"us-central1-nextssr"},"extension":{},"message":"Finishing up request with event=close"}}
[debug] [2025-05-29T19:20:42.951Z] [work-queue] {"queuedWork":[],"queueLength":0,"runningWork":["/familia-viva-recife/us-central1/nextssr/api/auth/error-2025-05-29T19:20:42.848Z"],"workRunningCount":1}
[info] >   ⨯ [TypeError: Response body object should not be disturbed or locked] {"user":" ⨯ [TypeError: Response body object should not be disturbed or locked]","metadata":{"emulator":{"name":"functions"},"function":{"name":"us-central1-nextssr"},"extension":{},"message":"\u001b[90m> \u001b[39m  ⨯ [TypeError: Response body object should not be disturbed or locked]"}}
[debug] [2025-05-29T19:20:42.962Z] <<< [apiv2][status] POST http://127.0.0.1:5001/familia-viva-recife/us-central1/nextssr/api/auth/_log 500
[debug] [2025-05-29T19:20:42.962Z] <<< [apiv2][body] POST http://127.0.0.1:5001/familia-viva-recife/us-central1/nextssr/api/auth/_log [stream]
[info] i  hosting: 127.0.0.1 - - [29/May/2025:19:20:42 +0000] "POST /api/auth/_log HTTP/1.1" 500 - "http://127.0.0.1:5000/login" "Mozilla/5.0 (Linux; Android 6.0; Nexus 5 Build/MRA58N) AppleWebKit/537.36 (KHTML, like Gecko) Chrome/136.0.0.0 Mobile Safari/537.36 Edg/136.0.0.0" {"metadata":{"emulator":{"name":"hosting"},"message":"127.0.0.1 - - [29/May/2025:19:20:42 +0000] \"POST /api/auth/_log HTTP/1.1\" 500 - \"http://127.0.0.1:5000/login\" \"Mozilla/5.0 (Linux; Android 6.0; Nexus 5 Build/MRA58N) AppleWebKit/537.36 (KHTML, like Gecko) Chrome/136.0.0.0 Mobile Safari/537.36 Edg/136.0.0.0\""}}
[info] >  [next-auth][error][NO_SECRET]  {"user":"[next-auth][error][NO_SECRET] ","metadata":{"emulator":{"name":"functions"},"function":{"name":"us-central1-nextssr"},"extension":{},"message":"\u001b[90m> \u001b[39m [next-auth][error][NO_SECRET] "}}
[info] >  https://next-auth.js.org/errors#no_secret Please define a `secret` in production. Error [MissingSecretError]: Please define a `secret` in production. {"user":"https://next-auth.js.org/errors#no_secret Please define a `secret` in production. Error [MissingSecretError]: Please define a `secret` in production.","metadata":{"emulator":{"name":"functions"},"function":{"name":"us-central1-nextssr"},"extension":{},"message":"\u001b[90m> \u001b[39m https://next-auth.js.org/errors#no_secret Please define a `secret` in production. Error [MissingSecretError]: Please define a `secret` in production."}}
[info] >      at t.assertConfig (C:\Users\Danielxpdk\Desktop\Aplicacao-familia-viva\frontend\.next\server\app\api\auth\[...nextauth]\route.js:25:67753) {"user":"    at t.assertConfig (C:\\Users\\Danielxpdk\\Desktop\\Aplicacao-familia-viva\\frontend\\.next\\server\\app\\api\\auth\\[...nextauth]\\route.js:25:67753)","metadata":{"emulator":{"name":"functions"},"function":{"name":"us-central1-nextssr"},"extension":{},"message":"\u001b[90m> \u001b[39m     at t.assertConfig (C:\\Users\\Danielxpdk\\Desktop\\Aplicacao-familia-viva\\frontend\\.next\\server\\app\\api\\auth\\[...nextauth]\\route.js:25:67753)"}}
[info] >      at _ (C:\Users\Danielxpdk\Desktop\Aplicacao-familia-viva\frontend\.next\server\app\api\auth\[...nextauth]\route.js:25:54359) {"user":"    at _ (C:\\Users\\Danielxpdk\\Desktop\\Aplicacao-familia-viva\\frontend\\.next\\server\\app\\api\\auth\\[...nextauth]\\route.js:25:54359)","metadata":{"emulator":{"name":"functions"},"function":{"name":"us-central1-nextssr"},"extension":{},"message":"\u001b[90m> \u001b[39m     at _ (C:\\Users\\Danielxpdk\\Desktop\\Aplicacao-familia-viva\\frontend\\.next\\server\\app\\api\\auth\\[...nextauth]\\route.js:25:54359)"}}
[info] >      at async a (C:\Users\Danielxpdk\Desktop\Aplicacao-familia-viva\frontend\.next\server\app\api\auth\[...nextauth]\route.js:17:20599) {"user":"    at async a (C:\\Users\\Danielxpdk\\Desktop\\Aplicacao-familia-viva\\frontend\\.next\\server\\app\\api\\auth\\[...nextauth]\\route.js:17:20599)","metadata":{"emulator":{"name":"functions"},"function":{"name":"us-central1-nextssr"},"extension":{},"message":"\u001b[90m> \u001b[39m     at async a (C:\\Users\\Danielxpdk\\Desktop\\Aplicacao-familia-viva\\frontend\\.next\\server\\app\\api\\auth\\[...nextauth]\\route.js:17:20599)"}}
[info] >      at async e.length.t (C:\Users\Danielxpdk\Desktop\Aplicacao-familia-viva\frontend\.next\server\app\api\auth\[...nextauth]\route.js:17:22089) { {"user":"    at async e.length.t (C:\\Users\\Danielxpdk\\Desktop\\Aplicacao-familia-viva\\frontend\\.next\\server\\app\\api\\auth\\[...nextauth]\\route.js:17:22089) {","metadata":{"emulator":{"name":"functions"},"function":{"name":"us-central1-nextssr"},"extension":{},"message":"\u001b[90m> \u001b[39m     at async e.length.t (C:\\Users\\Danielxpdk\\Desktop\\Aplicacao-familia-viva\\frontend\\.next\\server\\app\\api\\auth\\[...nextauth]\\route.js:17:22089) {"}}
[info] >    code: 'NO_SECRET' {"user":"  code: 'NO_SECRET'","metadata":{"emulator":{"name":"functions"},"function":{"name":"us-central1-nextssr"},"extension":{},"message":"\u001b[90m> \u001b[39m   code: 'NO_SECRET'"}}
[info] >  } {"user":"}","metadata":{"emulator":{"name":"functions"},"function":{"name":"us-central1-nextssr"},"extension":{},"message":"\u001b[90m> \u001b[39m }"}}
[debug] [2025-05-29T19:20:43.005Z] Finishing up request with event=pause {"metadata":{"emulator":{"name":"functions"},"function":{"name":"us-central1-nextssr"},"extension":{},"message":"Finishing up request with event=pause"}}
[info] i  functions: Finished "us-central1-nextssr" in 153.9042ms {"metadata":{"emulator":{"name":"functions"},"function":{"name":"us-central1-nextssr"},"extension":{},"message":"Finished \"us-central1-nextssr\" in 153.9042ms"}}
[debug] [2025-05-29T19:20:43.018Z] [worker-us-central1-nextssr-ea3e2665-57ff-45a1-ab5e-cb41a72c8ae8]: IDLE {"metadata":{"emulator":{"name":"functions"},"function":{"name":"us-central1-nextssr"},"extension":{},"message":"[worker-us-central1-nextssr-ea3e2665-57ff-45a1-ab5e-cb41a72c8ae8]: IDLE"}}
[debug] [2025-05-29T19:20:43.018Z] Finishing up request with event=finish {"metadata":{"emulator":{"name":"functions"},"function":{"name":"us-central1-nextssr"},"extension":{},"message":"Finishing up request with event=finish"}}
[debug] [2025-05-29T19:20:43.019Z] Finishing up request with event=close {"metadata":{"emulator":{"name":"functions"},"function":{"name":"us-central1-nextssr"},"extension":{},"message":"Finishing up request with event=close"}}
[debug] [2025-05-29T19:20:43.019Z] [work-queue] {"queuedWork":[],"queueLength":0,"runningWork":[],"workRunningCount":0}
[debug] [2025-05-29T19:20:43.020Z] <<< [apiv2][status] GET http://127.0.0.1:5001/familia-viva-recife/us-central1/nextssr/api/auth/error 500
[debug] [2025-05-29T19:20:43.020Z] <<< [apiv2][body] GET http://127.0.0.1:5001/familia-viva-recife/us-central1/nextssr/api/auth/error [stream]
[info] i  hosting: 127.0.0.1 - - [29/May/2025:19:20:43 +0000] "GET /api/auth/error HTTP/1.1" 500 - "http://127.0.0.1:5000/login" "Mozilla/5.0 (Linux; Android 6.0; Nexus 5 Build/MRA58N) AppleWebKit/537.36 (KHTML, like Gecko) Chrome/136.0.0.0 Mobile Safari/537.36 Edg/136.0.0.0" {"metadata":{"emulator":{"name":"hosting"},"message":"127.0.0.1 - - [29/May/2025:19:20:43 +0000] \"GET /api/auth/error HTTP/1.1\" 500 - \"http://127.0.0.1:5000/login\" \"Mozilla/5.0 (Linux; Android 6.0; Nexus 5 Build/MRA58N) AppleWebKit/537.36 (KHTML, like Gecko) Chrome/136.0.0.0 Mobile Safari/537.36 Edg/136.0.0.0\""}}
[info] i  hosting: 127.0.0.1 - - [29/May/2025:19:20:43 +0000] "GET /.well-known/appspecific/com.chrome.devtools.json HTTP/1.1" 404 187 "-" "Mozilla/5.0 (Windows NT 10.0; Win64; x64) AppleWebKit/537.36 (KHTML, like Gecko) Chrome/136.0.0.0 Safari/537.36 Edg/136.0.0.0" {"metadata":{"emulator":{"name":"hosting"},"message":"127.0.0.1 - - [29/May/2025:19:20:43 +0000] \"GET /.well-known/appspecific/com.chrome.devtools.json HTTP/1.1\" 404 187 \"-\" \"Mozilla/5.0 (Windows NT 10.0; Win64; x64) AppleWebKit/537.36 (KHTML, like Gecko) Chrome/136.0.0.0 Safari/537.36 Edg/136.0.0.0\""}}
[debug] [2025-05-29T19:21:38.231Z] File C:\Users\Danielxpdk\Desktop\Aplicacao-familia-viva\frontend\src\app\api\auth\[...nextauth]\route.ts changed, reloading triggers {"metadata":{"emulator":{"name":"functions"},"message":"File C:\\Users\\Danielxpdk\\Desktop\\Aplicacao-familia-viva\\frontend\\src\\app\\api\\auth\\[...nextauth]\\route.ts changed, reloading triggers"}}
[debug] [2025-05-29T19:21:39.269Z] Validating nodejs source
[debug] [2025-05-29T19:21:41.923Z] > [functions] package.json contents: {
  "name": "frontend",
  "version": "0.1.0",
  "type": "commonjs",
  "private": true,
  "scripts": {
    "dev": "next dev --turbopack",
    "build": " next build",
    "start": "next start",
    "start:emulators": "npm run build && cross-env USE_FIREBASE_EMULATOR=true firebase emulators:start",
    "serve": "firebase emulators:start --only functions,hosting",
    "deploy": "firebase deploy",
    "lint": "next lint"
  },
  "dependencies": {
    "@tailwindcss/vite": "^4.1.3",
    "date-fns": "^4.1.0",
    "express": "^4.21.2",
    "firebase": "^11.6.0",
    "firebase-admin": "^13.4.0",
    "firebase-functions": "^6.3.2",
    "next": "15.2.4",
    "next-auth": "^4.24.11",
    "react": "^19.0.0",
    "react-calendar": "^5.1.0",
    "react-dom": "^19.0.0",
    "react-icons": "^5.5.0",
    "react-slick": "^0.30.3",
    "slick-carousel": "^1.8.1",
    "uuid": "^11.1.0"
  },
  "devDependencies": {
    "@eslint/eslintrc": "^3",
    "@types/express": "^5.0.2",
    "@types/node": "^20.17.52",
    "@types/react": "^19",
    "@types/react-dom": "^19",
    "@types/react-slick": "^0.23.13",
    "autoprefixer": "^10.4.21",
    "eslint": "^9",
    "eslint-config-next": "15.2.4",
    "postcss": "^8.5.3",
    "tailwindcss": "^3.4.1",
    "ts-node": "^10.9.2",
    "typescript": "^5.8.3"
  }
}
[debug] [2025-05-29T19:21:41.923Z] Building nodejs source
[debug] [2025-05-29T19:21:41.923Z] Failed to find version of module node: reached end of search path C:\Users\Danielxpdk\Desktop\Aplicacao-familia-viva\frontend\node_modules
[info] +  functions: Using node@20 from host. 
[debug] [2025-05-29T19:21:41.924Z] Could not find functions.yaml. Must use http discovery
[debug] [2025-05-29T19:21:41.945Z] Found firebase-functions binary at 'C:\Users\Danielxpdk\Desktop\Aplicacao-familia-viva\frontend\node_modules\.bin\firebase-functions'
[info] i  hosting: 127.0.0.1 - - [29/May/2025:19:21:42 +0000] "GET /.well-known/appspecific/com.chrome.devtools.json HTTP/1.1" 404 187 "-" "Mozilla/5.0 (Windows NT 10.0; Win64; x64) AppleWebKit/537.36 (KHTML, like Gecko) Chrome/136.0.0.0 Safari/537.36 Edg/136.0.0.0" {"metadata":{"emulator":{"name":"hosting"},"message":"127.0.0.1 - - [29/May/2025:19:21:42 +0000] \"GET /.well-known/appspecific/com.chrome.devtools.json HTTP/1.1\" 404 187 \"-\" \"Mozilla/5.0 (Windows NT 10.0; Win64; x64) AppleWebKit/537.36 (KHTML, like Gecko) Chrome/136.0.0.0 Safari/537.36 Edg/136.0.0.0\""}}
[info] Serving at port 8504

[info] i  hosting: 127.0.0.1 - - [29/May/2025:19:21:42 +0000] "GET /.well-known/appspecific/com.chrome.devtools.json HTTP/1.1" 404 187 "-" "Mozilla/5.0 (Windows NT 10.0; Win64; x64) AppleWebKit/537.36 (KHTML, like Gecko) Chrome/136.0.0.0 Safari/537.36 Edg/136.0.0.0" {"metadata":{"emulator":{"name":"hosting"},"message":"127.0.0.1 - - [29/May/2025:19:21:42 +0000] \"GET /.well-known/appspecific/com.chrome.devtools.json HTTP/1.1\" 404 187 \"-\" \"Mozilla/5.0 (Windows NT 10.0; Win64; x64) AppleWebKit/537.36 (KHTML, like Gecko) Chrome/136.0.0.0 Safari/537.36 Edg/136.0.0.0\""}}
[debug] [2025-05-29T19:21:44.063Z] Got response from /__/functions.yaml {"endpoints":{"nextssr":{"availableMemoryMb":512,"timeoutSeconds":60,"minInstances":null,"maxInstances":2,"ingressSettings":null,"concurrency":80,"serviceAccountEmail":null,"vpc":null,"platform":"gcfv2","region":["us-central1"],"labels":{},"httpsTrigger":{},"entryPoint":"nextssr"}},"specVersion":"v1alpha1","requiredAPIs":[],"extensions":{}}
[info] [hosting] Rewriting /undefined/firebase/logo to http://127.0.0.1:5001/familia-viva-recife/us-central1/nextssr for local Function us-central1/nextssr
[debug] [2025-05-29T19:21:44.099Z] >>> [apiv2][query] GET http://127.0.0.1:5001/familia-viva-recife/us-central1/nextssr/undefined/firebase/logo 
[debug] [2025-05-29T19:21:44.110Z] [work-queue] {"queuedWork":["/familia-viva-recife/us-central1/nextssr/undefined/firebase/logo-2025-05-29T19:21:44.110Z"],"queueLength":1,"runningWork":[],"workRunningCount":0}
[debug] [2025-05-29T19:21:44.110Z] [work-queue] {"queuedWork":[],"queueLength":0,"runningWork":["/familia-viva-recife/us-central1/nextssr/undefined/firebase/logo-2025-05-29T19:21:44.110Z"],"workRunningCount":1}
[debug] [2025-05-29T19:21:44.111Z] Accepted request GET /familia-viva-recife/us-central1/nextssr/undefined/firebase/logo --> us-central1-nextssr
[debug] [2025-05-29T19:21:44.111Z] [functions] Runtime ready! Sending request! {"metadata":{"emulator":{"name":"functions"},"message":"[functions] Runtime ready! Sending request!"}}
[debug] [2025-05-29T19:21:44.112Z] [functions] Got req.url=/familia-viva-recife/us-central1/nextssr/undefined/firebase/logo, mapping to path=/undefined/firebase/logo {"metadata":{"emulator":{"name":"functions"},"message":"[functions] Got req.url=/familia-viva-recife/us-central1/nextssr/undefined/firebase/logo, mapping to path=/undefined/firebase/logo"}}
[debug] [2025-05-29T19:21:44.112Z] [worker-pool] submitRequest(triggerId=us-central1-nextssr) {"metadata":{"emulator":{"name":"functions"},"message":"[worker-pool] submitRequest(triggerId=us-central1-nextssr)"}}
[info] i  functions: Beginning execution of "us-central1-nextssr" {"metadata":{"emulator":{"name":"functions"},"function":{"name":"us-central1-nextssr"},"extension":{},"message":"Beginning execution of \"us-central1-nextssr\""}}
[debug] [2025-05-29T19:21:44.113Z] [worker-us-central1-nextssr-d906d7b6-62b8-4707-b0a2-780f82f3e176]: BUSY {"metadata":{"emulator":{"name":"functions"},"function":{"name":"us-central1-nextssr"},"extension":{},"message":"[worker-us-central1-nextssr-d906d7b6-62b8-4707-b0a2-780f82f3e176]: BUSY"}}
[info] [hosting] Rewriting /undefined/firebase/list?category=gallery to http://127.0.0.1:5001/familia-viva-recife/us-central1/nextssr for local Function us-central1/nextssr
[debug] [2025-05-29T19:21:44.126Z] >>> [apiv2][query] GET http://127.0.0.1:5001/familia-viva-recife/us-central1/nextssr/undefined/firebase/list category=gallery
[info] [hosting] Rewriting /undefined/firebase/pages?category=projects to http://127.0.0.1:5001/familia-viva-recife/us-central1/nextssr for local Function us-central1/nextssr
[debug] [2025-05-29T19:21:44.129Z] >>> [apiv2][query] GET http://127.0.0.1:5001/familia-viva-recife/us-central1/nextssr/undefined/firebase/pages category=projects
[info] [hosting] Rewriting /undefined/sobre to http://127.0.0.1:5001/familia-viva-recife/us-central1/nextssr for local Function us-central1/nextssr
[debug] [2025-05-29T19:21:44.133Z] >>> [apiv2][query] GET http://127.0.0.1:5001/familia-viva-recife/us-central1/nextssr/undefined/sobre 
[info] [hosting] Rewriting /undefined/events to http://127.0.0.1:5001/familia-viva-recife/us-central1/nextssr for local Function us-central1/nextssr
[debug] [2025-05-29T19:21:44.138Z] >>> [apiv2][query] GET http://127.0.0.1:5001/familia-viva-recife/us-central1/nextssr/undefined/events 
[info] [hosting] Rewriting /undefined/banner to http://127.0.0.1:5001/familia-viva-recife/us-central1/nextssr for local Function us-central1/nextssr
[debug] [2025-05-29T19:21:44.143Z] >>> [apiv2][query] GET http://127.0.0.1:5001/familia-viva-recife/us-central1/nextssr/undefined/banner 
[debug] [2025-05-29T19:21:44.146Z] [work-queue] {"queuedWork":["/familia-viva-recife/us-central1/nextssr/undefined/firebase/list-2025-05-29T19:21:44.145Z"],"queueLength":1,"runningWork":["/familia-viva-recife/us-central1/nextssr/undefined/firebase/logo-2025-05-29T19:21:44.110Z"],"workRunningCount":1}
[debug] [2025-05-29T19:21:44.146Z] [work-queue] {"queuedWork":[],"queueLength":0,"runningWork":["/familia-viva-recife/us-central1/nextssr/undefined/firebase/logo-2025-05-29T19:21:44.110Z","/familia-viva-recife/us-central1/nextssr/undefined/firebase/list-2025-05-29T19:21:44.145Z"],"workRunningCount":2}
[debug] [2025-05-29T19:21:44.146Z] Accepted request GET /familia-viva-recife/us-central1/nextssr/undefined/firebase/list?category=gallery --> us-central1-nextssr
[debug] [2025-05-29T19:21:44.146Z] [functions] Runtime ready! Sending request! {"metadata":{"emulator":{"name":"functions"},"message":"[functions] Runtime ready! Sending request!"}}
[debug] [2025-05-29T19:21:44.147Z] [functions] Got req.url=/familia-viva-recife/us-central1/nextssr/undefined/firebase/list?category=gallery, mapping to path=/undefined/firebase/list?category=gallery {"metadata":{"emulator":{"name":"functions"},"message":"[functions] Got req.url=/familia-viva-recife/us-central1/nextssr/undefined/firebase/list?category=gallery, mapping to path=/undefined/firebase/list?category=gallery"}}
[debug] [2025-05-29T19:21:44.147Z] [worker-pool] submitRequest(triggerId=us-central1-nextssr) {"metadata":{"emulator":{"name":"functions"},"message":"[worker-pool] submitRequest(triggerId=us-central1-nextssr)"}}
[info] i  functions: Beginning execution of "us-central1-nextssr" {"metadata":{"emulator":{"name":"functions"},"function":{"name":"us-central1-nextssr"},"extension":{},"message":"Beginning execution of \"us-central1-nextssr\""}}
[debug] [2025-05-29T19:21:44.162Z] [worker-us-central1-nextssr-ea3e2665-57ff-45a1-ab5e-cb41a72c8ae8]: BUSY {"metadata":{"emulator":{"name":"functions"},"function":{"name":"us-central1-nextssr"},"extension":{},"message":"[worker-us-central1-nextssr-ea3e2665-57ff-45a1-ab5e-cb41a72c8ae8]: BUSY"}}
[debug] [2025-05-29T19:21:44.168Z] [work-queue] {"queuedWork":["/familia-viva-recife/us-central1/nextssr/undefined/firebase/pages-2025-05-29T19:21:44.168Z"],"queueLength":1,"runningWork":["/familia-viva-recife/us-central1/nextssr/undefined/firebase/logo-2025-05-29T19:21:44.110Z","/familia-viva-recife/us-central1/nextssr/undefined/firebase/list-2025-05-29T19:21:44.145Z"],"workRunningCount":2}
[debug] [2025-05-29T19:21:44.170Z] [work-queue] {"queuedWork":[],"queueLength":0,"runningWork":["/familia-viva-recife/us-central1/nextssr/undefined/firebase/logo-2025-05-29T19:21:44.110Z","/familia-viva-recife/us-central1/nextssr/undefined/firebase/list-2025-05-29T19:21:44.145Z","/familia-viva-recife/us-central1/nextssr/undefined/firebase/pages-2025-05-29T19:21:44.168Z"],"workRunningCount":3}
[debug] [2025-05-29T19:21:44.170Z] Accepted request GET /familia-viva-recife/us-central1/nextssr/undefined/firebase/pages?category=projects --> us-central1-nextssr
[debug] [2025-05-29T19:21:44.170Z] [functions] Runtime ready! Sending request! {"metadata":{"emulator":{"name":"functions"},"message":"[functions] Runtime ready! Sending request!"}}
[debug] [2025-05-29T19:21:44.171Z] [functions] Got req.url=/familia-viva-recife/us-central1/nextssr/undefined/firebase/pages?category=projects, mapping to path=/undefined/firebase/pages?category=projects {"metadata":{"emulator":{"name":"functions"},"message":"[functions] Got req.url=/familia-viva-recife/us-central1/nextssr/undefined/firebase/pages?category=projects, mapping to path=/undefined/firebase/pages?category=projects"}}
[debug] [2025-05-29T19:21:44.171Z] [worker-pool] submitRequest(triggerId=us-central1-nextssr) {"metadata":{"emulator":{"name":"functions"},"message":"[worker-pool] submitRequest(triggerId=us-central1-nextssr)"}}
[info] i  functions: Beginning execution of "us-central1-nextssr" {"metadata":{"emulator":{"name":"functions"},"function":{"name":"us-central1-nextssr"},"extension":{},"message":"Beginning execution of \"us-central1-nextssr\""}}
[debug] [2025-05-29T19:21:44.178Z] [worker-us-central1-nextssr-5cfe5c8c-1817-4ecb-9501-a83ff42a8866]: BUSY {"metadata":{"emulator":{"name":"functions"},"function":{"name":"us-central1-nextssr"},"extension":{},"message":"[worker-us-central1-nextssr-5cfe5c8c-1817-4ecb-9501-a83ff42a8866]: BUSY"}}
[debug] [2025-05-29T19:21:44.180Z] [work-queue] {"queuedWork":["/familia-viva-recife/us-central1/nextssr/undefined/events-2025-05-29T19:21:44.180Z"],"queueLength":1,"runningWork":["/familia-viva-recife/us-central1/nextssr/undefined/firebase/logo-2025-05-29T19:21:44.110Z","/familia-viva-recife/us-central1/nextssr/undefined/firebase/list-2025-05-29T19:21:44.145Z","/familia-viva-recife/us-central1/nextssr/undefined/firebase/pages-2025-05-29T19:21:44.168Z"],"workRunningCount":3}
[debug] [2025-05-29T19:21:44.180Z] [work-queue] {"queuedWork":[],"queueLength":0,"runningWork":["/familia-viva-recife/us-central1/nextssr/undefined/firebase/logo-2025-05-29T19:21:44.110Z","/familia-viva-recife/us-central1/nextssr/undefined/firebase/list-2025-05-29T19:21:44.145Z","/familia-viva-recife/us-central1/nextssr/undefined/firebase/pages-2025-05-29T19:21:44.168Z","/familia-viva-recife/us-central1/nextssr/undefined/events-2025-05-29T19:21:44.180Z"],"workRunningCount":4}
[debug] [2025-05-29T19:21:44.180Z] Accepted request GET /familia-viva-recife/us-central1/nextssr/undefined/events --> us-central1-nextssr
[debug] [2025-05-29T19:21:44.181Z] [functions] Runtime ready! Sending request! {"metadata":{"emulator":{"name":"functions"},"message":"[functions] Runtime ready! Sending request!"}}
[debug] [2025-05-29T19:21:44.181Z] [functions] Got req.url=/familia-viva-recife/us-central1/nextssr/undefined/events, mapping to path=/undefined/events {"metadata":{"emulator":{"name":"functions"},"message":"[functions] Got req.url=/familia-viva-recife/us-central1/nextssr/undefined/events, mapping to path=/undefined/events"}}
[debug] [2025-05-29T19:21:44.181Z] [worker-pool] submitRequest(triggerId=us-central1-nextssr) {"metadata":{"emulator":{"name":"functions"},"message":"[worker-pool] submitRequest(triggerId=us-central1-nextssr)"}}
[info] i  functions: Beginning execution of "us-central1-nextssr" {"metadata":{"emulator":{"name":"functions"},"function":{"name":"us-central1-nextssr"},"extension":{},"message":"Beginning execution of \"us-central1-nextssr\""}}
[debug] [2025-05-29T19:21:44.187Z] [worker-us-central1-nextssr-89f52e74-da14-4caf-bf86-8ed4e8d37581]: BUSY {"metadata":{"emulator":{"name":"functions"},"function":{"name":"us-central1-nextssr"},"extension":{},"message":"[worker-us-central1-nextssr-89f52e74-da14-4caf-bf86-8ed4e8d37581]: BUSY"}}
[debug] [2025-05-29T19:21:44.189Z] [work-queue] {"queuedWork":["/familia-viva-recife/us-central1/nextssr/undefined/banner-2025-05-29T19:21:44.189Z"],"queueLength":1,"runningWork":["/familia-viva-recife/us-central1/nextssr/undefined/firebase/logo-2025-05-29T19:21:44.110Z","/familia-viva-recife/us-central1/nextssr/undefined/firebase/list-2025-05-29T19:21:44.145Z","/familia-viva-recife/us-central1/nextssr/undefined/firebase/pages-2025-05-29T19:21:44.168Z","/familia-viva-recife/us-central1/nextssr/undefined/events-2025-05-29T19:21:44.180Z"],"workRunningCount":4}
[debug] [2025-05-29T19:21:44.189Z] [work-queue] {"queuedWork":[],"queueLength":0,"runningWork":["/familia-viva-recife/us-central1/nextssr/undefined/firebase/logo-2025-05-29T19:21:44.110Z","/familia-viva-recife/us-central1/nextssr/undefined/firebase/list-2025-05-29T19:21:44.145Z","/familia-viva-recife/us-central1/nextssr/undefined/firebase/pages-2025-05-29T19:21:44.168Z","/familia-viva-recife/us-central1/nextssr/undefined/events-2025-05-29T19:21:44.180Z","/familia-viva-recife/us-central1/nextssr/undefined/banner-2025-05-29T19:21:44.189Z"],"workRunningCount":5}
[debug] [2025-05-29T19:21:44.190Z] Accepted request GET /familia-viva-recife/us-central1/nextssr/undefined/banner --> us-central1-nextssr
[debug] [2025-05-29T19:21:44.190Z] [functions] Runtime ready! Sending request! {"metadata":{"emulator":{"name":"functions"},"message":"[functions] Runtime ready! Sending request!"}}
[debug] [2025-05-29T19:21:44.191Z] [functions] Got req.url=/familia-viva-recife/us-central1/nextssr/undefined/banner, mapping to path=/undefined/banner {"metadata":{"emulator":{"name":"functions"},"message":"[functions] Got req.url=/familia-viva-recife/us-central1/nextssr/undefined/banner, mapping to path=/undefined/banner"}}
[debug] [2025-05-29T19:21:44.191Z] [worker-pool] submitRequest(triggerId=us-central1-nextssr) {"metadata":{"emulator":{"name":"functions"},"message":"[worker-pool] submitRequest(triggerId=us-central1-nextssr)"}}
[info] i  functions: Beginning execution of "us-central1-nextssr" {"metadata":{"emulator":{"name":"functions"},"function":{"name":"us-central1-nextssr"},"extension":{},"message":"Beginning execution of \"us-central1-nextssr\""}}
[debug] [2025-05-29T19:21:44.192Z] [worker-us-central1-nextssr-04a77653-b7dd-4019-b6da-a3388e629c3b]: BUSY {"metadata":{"emulator":{"name":"functions"},"function":{"name":"us-central1-nextssr"},"extension":{},"message":"[worker-us-central1-nextssr-04a77653-b7dd-4019-b6da-a3388e629c3b]: BUSY"}}
[debug] [2025-05-29T19:21:44.196Z] [work-queue] {"queuedWork":["/familia-viva-recife/us-central1/nextssr/undefined/sobre-2025-05-29T19:21:44.196Z"],"queueLength":1,"runningWork":["/familia-viva-recife/us-central1/nextssr/undefined/firebase/logo-2025-05-29T19:21:44.110Z","/familia-viva-recife/us-central1/nextssr/undefined/firebase/list-2025-05-29T19:21:44.145Z","/familia-viva-recife/us-central1/nextssr/undefined/firebase/pages-2025-05-29T19:21:44.168Z","/familia-viva-recife/us-central1/nextssr/undefined/events-2025-05-29T19:21:44.180Z","/familia-viva-recife/us-central1/nextssr/undefined/banner-2025-05-29T19:21:44.189Z"],"workRunningCount":5}
[debug] [2025-05-29T19:21:44.197Z] [work-queue] {"queuedWork":[],"queueLength":0,"runningWork":["/familia-viva-recife/us-central1/nextssr/undefined/firebase/logo-2025-05-29T19:21:44.110Z","/familia-viva-recife/us-central1/nextssr/undefined/firebase/list-2025-05-29T19:21:44.145Z","/familia-viva-recife/us-central1/nextssr/undefined/firebase/pages-2025-05-29T19:21:44.168Z","/familia-viva-recife/us-central1/nextssr/undefined/events-2025-05-29T19:21:44.180Z","/familia-viva-recife/us-central1/nextssr/undefined/banner-2025-05-29T19:21:44.189Z","/familia-viva-recife/us-central1/nextssr/undefined/sobre-2025-05-29T19:21:44.196Z"],"workRunningCount":6}
[debug] [2025-05-29T19:21:44.197Z] Accepted request GET /familia-viva-recife/us-central1/nextssr/undefined/sobre --> us-central1-nextssr
[debug] [2025-05-29T19:21:44.197Z] [functions] Runtime ready! Sending request! {"metadata":{"emulator":{"name":"functions"},"message":"[functions] Runtime ready! Sending request!"}}
[debug] [2025-05-29T19:21:44.197Z] [functions] Got req.url=/familia-viva-recife/us-central1/nextssr/undefined/sobre, mapping to path=/undefined/sobre {"metadata":{"emulator":{"name":"functions"},"message":"[functions] Got req.url=/familia-viva-recife/us-central1/nextssr/undefined/sobre, mapping to path=/undefined/sobre"}}
[debug] [2025-05-29T19:21:44.197Z] [worker-pool] submitRequest(triggerId=us-central1-nextssr) {"metadata":{"emulator":{"name":"functions"},"message":"[worker-pool] submitRequest(triggerId=us-central1-nextssr)"}}
[info] i  functions: Beginning execution of "us-central1-nextssr" {"metadata":{"emulator":{"name":"functions"},"function":{"name":"us-central1-nextssr"},"extension":{},"message":"Beginning execution of \"us-central1-nextssr\""}}
[debug] [2025-05-29T19:21:44.297Z] [worker-us-central1-nextssr-cfeb0f11-f7dc-44e2-95ca-e5e1e51a641b]: BUSY {"metadata":{"emulator":{"name":"functions"},"function":{"name":"us-central1-nextssr"},"extension":{},"message":"[worker-us-central1-nextssr-cfeb0f11-f7dc-44e2-95ca-e5e1e51a641b]: BUSY"}}
[debug] [2025-05-29T19:21:44.300Z] Finishing up request with event=pause {"metadata":{"emulator":{"name":"functions"},"function":{"name":"us-central1-nextssr"},"extension":{},"message":"Finishing up request with event=pause"}}
[info] i  functions: Finished "us-central1-nextssr" in 187.7508ms {"metadata":{"emulator":{"name":"functions"},"function":{"name":"us-central1-nextssr"},"extension":{},"message":"Finished \"us-central1-nextssr\" in 187.7508ms"}}
[debug] [2025-05-29T19:21:44.303Z] [worker-us-central1-nextssr-d906d7b6-62b8-4707-b0a2-780f82f3e176]: IDLE {"metadata":{"emulator":{"name":"functions"},"function":{"name":"us-central1-nextssr"},"extension":{},"message":"[worker-us-central1-nextssr-d906d7b6-62b8-4707-b0a2-780f82f3e176]: IDLE"}}
[debug] [2025-05-29T19:21:44.303Z] Finishing up request with event=finish {"metadata":{"emulator":{"name":"functions"},"function":{"name":"us-central1-nextssr"},"extension":{},"message":"Finishing up request with event=finish"}}
[debug] [2025-05-29T19:21:44.303Z] Finishing up request with event=close {"metadata":{"emulator":{"name":"functions"},"function":{"name":"us-central1-nextssr"},"extension":{},"message":"Finishing up request with event=close"}}
[debug] [2025-05-29T19:21:44.303Z] [work-queue] {"queuedWork":[],"queueLength":0,"runningWork":["/familia-viva-recife/us-central1/nextssr/undefined/firebase/list-2025-05-29T19:21:44.145Z","/familia-viva-recife/us-central1/nextssr/undefined/firebase/pages-2025-05-29T19:21:44.168Z","/familia-viva-recife/us-central1/nextssr/undefined/events-2025-05-29T19:21:44.180Z","/familia-viva-recife/us-central1/nextssr/undefined/banner-2025-05-29T19:21:44.189Z","/familia-viva-recife/us-central1/nextssr/undefined/sobre-2025-05-29T19:21:44.196Z"],"workRunningCount":5}
[info] >  (node:576) MaxListenersExceededWarning: Possible EventEmitter memory leak detected. 11 uncaughtException listeners added to [process]. MaxListeners is 10. Use emitter.setMaxListeners() to increase limit {"user":"(node:576) MaxListenersExceededWarning: Possible EventEmitter memory leak detected. 11 uncaughtException listeners added to [process]. MaxListeners is 10. Use emitter.setMaxListeners() to increase limit","metadata":{"emulator":{"name":"functions"},"function":{"name":"us-central1-nextssr"},"extension":{},"message":"\u001b[90m> \u001b[39m (node:576) MaxListenersExceededWarning: Possible EventEmitter memory leak detected. 11 uncaughtException listeners added to [process]. MaxListeners is 10. Use emitter.setMaxListeners() to increase limit"}}
[info] >  (Use `node --trace-warnings ...` to show where the warning was created) {"user":"(Use `node --trace-warnings ...` to show where the warning was created)","metadata":{"emulator":{"name":"functions"},"function":{"name":"us-central1-nextssr"},"extension":{},"message":"\u001b[90m> \u001b[39m (Use `node --trace-warnings ...` to show where the warning was created)"}}
[info] >  (node:576) MaxListenersExceededWarning: Possible EventEmitter memory leak detected. 11 unhandledRejection listeners added to [process]. MaxListeners is 10. Use emitter.setMaxListeners() to increase limit {"user":"(node:576) MaxListenersExceededWarning: Possible EventEmitter memory leak detected. 11 unhandledRejection listeners added to [process]. MaxListeners is 10. Use emitter.setMaxListeners() to increase limit","metadata":{"emulator":{"name":"functions"},"function":{"name":"us-central1-nextssr"},"extension":{},"message":"\u001b[90m> \u001b[39m (node:576) MaxListenersExceededWarning: Possible EventEmitter memory leak detected. 11 unhandledRejection listeners added to [process]. MaxListeners is 10. Use emitter.setMaxListeners() to increase limit"}}
[debug] [2025-05-29T19:21:44.322Z] Finishing up request with event=pause {"metadata":{"emulator":{"name":"functions"},"function":{"name":"us-central1-nextssr"},"extension":{},"message":"Finishing up request with event=pause"}}
[info] i  functions: Finished "us-central1-nextssr" in 160.0892ms {"metadata":{"emulator":{"name":"functions"},"function":{"name":"us-central1-nextssr"},"extension":{},"message":"Finished \"us-central1-nextssr\" in 160.0892ms"}}
[debug] [2025-05-29T19:21:44.323Z] [worker-us-central1-nextssr-ea3e2665-57ff-45a1-ab5e-cb41a72c8ae8]: IDLE {"metadata":{"emulator":{"name":"functions"},"function":{"name":"us-central1-nextssr"},"extension":{},"message":"[worker-us-central1-nextssr-ea3e2665-57ff-45a1-ab5e-cb41a72c8ae8]: IDLE"}}
[debug] [2025-05-29T19:21:44.324Z] Finishing up request with event=finish {"metadata":{"emulator":{"name":"functions"},"function":{"name":"us-central1-nextssr"},"extension":{},"message":"Finishing up request with event=finish"}}
[debug] [2025-05-29T19:21:44.324Z] Finishing up request with event=close {"metadata":{"emulator":{"name":"functions"},"function":{"name":"us-central1-nextssr"},"extension":{},"message":"Finishing up request with event=close"}}
[debug] [2025-05-29T19:21:44.324Z] [work-queue] {"queuedWork":[],"queueLength":0,"runningWork":["/familia-viva-recife/us-central1/nextssr/undefined/firebase/pages-2025-05-29T19:21:44.168Z","/familia-viva-recife/us-central1/nextssr/undefined/events-2025-05-29T19:21:44.180Z","/familia-viva-recife/us-central1/nextssr/undefined/banner-2025-05-29T19:21:44.189Z","/familia-viva-recife/us-central1/nextssr/undefined/sobre-2025-05-29T19:21:44.196Z"],"workRunningCount":4}
[debug] [2025-05-29T19:21:44.325Z] <<< [apiv2][status] GET http://127.0.0.1:5001/familia-viva-recife/us-central1/nextssr/undefined/firebase/logo 404
[debug] [2025-05-29T19:21:44.325Z] <<< [apiv2][body] GET http://127.0.0.1:5001/familia-viva-recife/us-central1/nextssr/undefined/firebase/logo [stream]
[info] i  hosting: 127.0.0.1 - - [29/May/2025:19:21:44 +0000] "GET /undefined/firebase/logo HTTP/1.1" 404 - "http://127.0.0.1:5000/" "Mozilla/5.0 (Linux; Android 6.0; Nexus 5 Build/MRA58N) AppleWebKit/537.36 (KHTML, like Gecko) Chrome/136.0.0.0 Mobile Safari/537.36 Edg/136.0.0.0" {"metadata":{"emulator":{"name":"hosting"},"message":"127.0.0.1 - - [29/May/2025:19:21:44 +0000] \"GET /undefined/firebase/logo HTTP/1.1\" 404 - \"http://127.0.0.1:5000/\" \"Mozilla/5.0 (Linux; Android 6.0; Nexus 5 Build/MRA58N) AppleWebKit/537.36 (KHTML, like Gecko) Chrome/136.0.0.0 Mobile Safari/537.36 Edg/136.0.0.0\""}}
[debug] [2025-05-29T19:21:44.344Z] Finishing up request with event=pause {"metadata":{"emulator":{"name":"functions"},"function":{"name":"us-central1-nextssr"},"extension":{},"message":"Finishing up request with event=pause"}}
[info] i  functions: Finished "us-central1-nextssr" in 187.6024ms {"metadata":{"emulator":{"name":"functions"},"function":{"name":"us-central1-nextssr"},"extension":{},"message":"Finished \"us-central1-nextssr\" in 187.6024ms"}}
[debug] [2025-05-29T19:21:44.388Z] [worker-us-central1-nextssr-89f52e74-da14-4caf-bf86-8ed4e8d37581]: IDLE {"metadata":{"emulator":{"name":"functions"},"function":{"name":"us-central1-nextssr"},"extension":{},"message":"[worker-us-central1-nextssr-89f52e74-da14-4caf-bf86-8ed4e8d37581]: IDLE"}}
[debug] [2025-05-29T19:21:44.388Z] Finishing up request with event=finish {"metadata":{"emulator":{"name":"functions"},"function":{"name":"us-central1-nextssr"},"extension":{},"message":"Finishing up request with event=finish"}}
[debug] [2025-05-29T19:21:44.389Z] Finishing up request with event=close {"metadata":{"emulator":{"name":"functions"},"function":{"name":"us-central1-nextssr"},"extension":{},"message":"Finishing up request with event=close"}}
[debug] [2025-05-29T19:21:44.389Z] [work-queue] {"queuedWork":[],"queueLength":0,"runningWork":["/familia-viva-recife/us-central1/nextssr/undefined/firebase/pages-2025-05-29T19:21:44.168Z","/familia-viva-recife/us-central1/nextssr/undefined/banner-2025-05-29T19:21:44.189Z","/familia-viva-recife/us-central1/nextssr/undefined/sobre-2025-05-29T19:21:44.196Z"],"workRunningCount":3}
[debug] [2025-05-29T19:21:44.391Z] Finishing up request with event=pause {"metadata":{"emulator":{"name":"functions"},"function":{"name":"us-central1-nextssr"},"extension":{},"message":"Finishing up request with event=pause"}}
[info] i  functions: Finished "us-central1-nextssr" in 213.4948ms {"metadata":{"emulator":{"name":"functions"},"function":{"name":"us-central1-nextssr"},"extension":{},"message":"Finished \"us-central1-nextssr\" in 213.4948ms"}}
[debug] [2025-05-29T19:21:44.393Z] [worker-us-central1-nextssr-5cfe5c8c-1817-4ecb-9501-a83ff42a8866]: IDLE {"metadata":{"emulator":{"name":"functions"},"function":{"name":"us-central1-nextssr"},"extension":{},"message":"[worker-us-central1-nextssr-5cfe5c8c-1817-4ecb-9501-a83ff42a8866]: IDLE"}}
[debug] [2025-05-29T19:21:44.393Z] Finishing up request with event=finish {"metadata":{"emulator":{"name":"functions"},"function":{"name":"us-central1-nextssr"},"extension":{},"message":"Finishing up request with event=finish"}}
[debug] [2025-05-29T19:21:44.394Z] Finishing up request with event=close {"metadata":{"emulator":{"name":"functions"},"function":{"name":"us-central1-nextssr"},"extension":{},"message":"Finishing up request with event=close"}}
[debug] [2025-05-29T19:21:44.394Z] [work-queue] {"queuedWork":[],"queueLength":0,"runningWork":["/familia-viva-recife/us-central1/nextssr/undefined/banner-2025-05-29T19:21:44.189Z","/familia-viva-recife/us-central1/nextssr/undefined/sobre-2025-05-29T19:21:44.196Z"],"workRunningCount":2}
[debug] [2025-05-29T19:21:44.397Z] <<< [apiv2][status] GET http://127.0.0.1:5001/familia-viva-recife/us-central1/nextssr/undefined/firebase/list 404
[debug] [2025-05-29T19:21:44.397Z] <<< [apiv2][body] GET http://127.0.0.1:5001/familia-viva-recife/us-central1/nextssr/undefined/firebase/list [stream]
[info] i  hosting: 127.0.0.1 - - [29/May/2025:19:21:44 +0000] "GET /undefined/firebase/list?category=gallery HTTP/1.1" 404 - "http://127.0.0.1:5000/" "Mozilla/5.0 (Linux; Android 6.0; Nexus 5 Build/MRA58N) AppleWebKit/537.36 (KHTML, like Gecko) Chrome/136.0.0.0 Mobile Safari/537.36 Edg/136.0.0.0" {"metadata":{"emulator":{"name":"hosting"},"message":"127.0.0.1 - - [29/May/2025:19:21:44 +0000] \"GET /undefined/firebase/list?category=gallery HTTP/1.1\" 404 - \"http://127.0.0.1:5000/\" \"Mozilla/5.0 (Linux; Android 6.0; Nexus 5 Build/MRA58N) AppleWebKit/537.36 (KHTML, like Gecko) Chrome/136.0.0.0 Mobile Safari/537.36 Edg/136.0.0.0\""}}
[debug] [2025-05-29T19:21:44.409Z] Finishing up request with event=pause {"metadata":{"emulator":{"name":"functions"},"function":{"name":"us-central1-nextssr"},"extension":{},"message":"Finishing up request with event=pause"}}
[info] i  functions: Finished "us-central1-nextssr" in 217.0953ms {"metadata":{"emulator":{"name":"functions"},"function":{"name":"us-central1-nextssr"},"extension":{},"message":"Finished \"us-central1-nextssr\" in 217.0953ms"}}
[debug] [2025-05-29T19:21:44.410Z] [worker-us-central1-nextssr-04a77653-b7dd-4019-b6da-a3388e629c3b]: IDLE {"metadata":{"emulator":{"name":"functions"},"function":{"name":"us-central1-nextssr"},"extension":{},"message":"[worker-us-central1-nextssr-04a77653-b7dd-4019-b6da-a3388e629c3b]: IDLE"}}
[debug] [2025-05-29T19:21:44.410Z] Finishing up request with event=finish {"metadata":{"emulator":{"name":"functions"},"function":{"name":"us-central1-nextssr"},"extension":{},"message":"Finishing up request with event=finish"}}
[debug] [2025-05-29T19:21:44.410Z] Finishing up request with event=close {"metadata":{"emulator":{"name":"functions"},"function":{"name":"us-central1-nextssr"},"extension":{},"message":"Finishing up request with event=close"}}
[debug] [2025-05-29T19:21:44.410Z] [work-queue] {"queuedWork":[],"queueLength":0,"runningWork":["/familia-viva-recife/us-central1/nextssr/undefined/sobre-2025-05-29T19:21:44.196Z"],"workRunningCount":1}
[debug] [2025-05-29T19:21:44.411Z] <<< [apiv2][status] GET http://127.0.0.1:5001/familia-viva-recife/us-central1/nextssr/undefined/events 404
[debug] [2025-05-29T19:21:44.412Z] <<< [apiv2][body] GET http://127.0.0.1:5001/familia-viva-recife/us-central1/nextssr/undefined/events [stream]
[info] i  hosting: 127.0.0.1 - - [29/May/2025:19:21:44 +0000] "GET /undefined/events HTTP/1.1" 404 - "http://127.0.0.1:5000/" "Mozilla/5.0 (Linux; Android 6.0; Nexus 5 Build/MRA58N) AppleWebKit/537.36 (KHTML, like Gecko) Chrome/136.0.0.0 Mobile Safari/537.36 Edg/136.0.0.0" {"metadata":{"emulator":{"name":"hosting"},"message":"127.0.0.1 - - [29/May/2025:19:21:44 +0000] \"GET /undefined/events HTTP/1.1\" 404 - \"http://127.0.0.1:5000/\" \"Mozilla/5.0 (Linux; Android 6.0; Nexus 5 Build/MRA58N) AppleWebKit/537.36 (KHTML, like Gecko) Chrome/136.0.0.0 Mobile Safari/537.36 Edg/136.0.0.0\""}}
[debug] [2025-05-29T19:21:44.420Z] <<< [apiv2][status] GET http://127.0.0.1:5001/familia-viva-recife/us-central1/nextssr/undefined/firebase/pages 404
[debug] [2025-05-29T19:21:44.420Z] <<< [apiv2][body] GET http://127.0.0.1:5001/familia-viva-recife/us-central1/nextssr/undefined/firebase/pages [stream]
[info] i  hosting: 127.0.0.1 - - [29/May/2025:19:21:44 +0000] "GET /undefined/firebase/pages?category=projects HTTP/1.1" 404 - "http://127.0.0.1:5000/" "Mozilla/5.0 (Linux; Android 6.0; Nexus 5 Build/MRA58N) AppleWebKit/537.36 (KHTML, like Gecko) Chrome/136.0.0.0 Mobile Safari/537.36 Edg/136.0.0.0" {"metadata":{"emulator":{"name":"hosting"},"message":"127.0.0.1 - - [29/May/2025:19:21:44 +0000] \"GET /undefined/firebase/pages?category=projects HTTP/1.1\" 404 - \"http://127.0.0.1:5000/\" \"Mozilla/5.0 (Linux; Android 6.0; Nexus 5 Build/MRA58N) AppleWebKit/537.36 (KHTML, like Gecko) Chrome/136.0.0.0 Mobile Safari/537.36 Edg/136.0.0.0\""}}
[debug] [2025-05-29T19:21:44.428Z] <<< [apiv2][status] GET http://127.0.0.1:5001/familia-viva-recife/us-central1/nextssr/undefined/banner 404
[debug] [2025-05-29T19:21:44.428Z] <<< [apiv2][body] GET http://127.0.0.1:5001/familia-viva-recife/us-central1/nextssr/undefined/banner [stream]
[info] i  hosting: 127.0.0.1 - - [29/May/2025:19:21:44 +0000] "GET /undefined/banner HTTP/1.1" 404 - "http://127.0.0.1:5000/" "Mozilla/5.0 (Linux; Android 6.0; Nexus 5 Build/MRA58N) AppleWebKit/537.36 (KHTML, like Gecko) Chrome/136.0.0.0 Mobile Safari/537.36 Edg/136.0.0.0" {"metadata":{"emulator":{"name":"hosting"},"message":"127.0.0.1 - - [29/May/2025:19:21:44 +0000] \"GET /undefined/banner HTTP/1.1\" 404 - \"http://127.0.0.1:5000/\" \"Mozilla/5.0 (Linux; Android 6.0; Nexus 5 Build/MRA58N) AppleWebKit/537.36 (KHTML, like Gecko) Chrome/136.0.0.0 Mobile Safari/537.36 Edg/136.0.0.0\""}}
[info] [hosting] Rewriting /undefined/footer to http://127.0.0.1:5001/familia-viva-recife/us-central1/nextssr for local Function us-central1/nextssr
[debug] [2025-05-29T19:21:44.441Z] >>> [apiv2][query] GET http://127.0.0.1:5001/familia-viva-recife/us-central1/nextssr/undefined/footer 
[info] [hosting] Rewriting /logo.svg to http://127.0.0.1:5001/familia-viva-recife/us-central1/nextssr for local Function us-central1/nextssr
[debug] [2025-05-29T19:21:44.448Z] >>> [apiv2][query] GET http://127.0.0.1:5001/familia-viva-recife/us-central1/nextssr/logo.svg 
[debug] [2025-05-29T19:21:44.450Z] [work-queue] {"queuedWork":["/familia-viva-recife/us-central1/nextssr/undefined/footer-2025-05-29T19:21:44.450Z"],"queueLength":1,"runningWork":["/familia-viva-recife/us-central1/nextssr/undefined/sobre-2025-05-29T19:21:44.196Z"],"workRunningCount":1}
[debug] [2025-05-29T19:21:44.450Z] [work-queue] {"queuedWork":[],"queueLength":0,"runningWork":["/familia-viva-recife/us-central1/nextssr/undefined/sobre-2025-05-29T19:21:44.196Z","/familia-viva-recife/us-central1/nextssr/undefined/footer-2025-05-29T19:21:44.450Z"],"workRunningCount":2}
[debug] [2025-05-29T19:21:44.450Z] Accepted request GET /familia-viva-recife/us-central1/nextssr/undefined/footer --> us-central1-nextssr
[debug] [2025-05-29T19:21:44.450Z] [functions] Runtime ready! Sending request! {"metadata":{"emulator":{"name":"functions"},"message":"[functions] Runtime ready! Sending request!"}}
[debug] [2025-05-29T19:21:44.451Z] [functions] Got req.url=/familia-viva-recife/us-central1/nextssr/undefined/footer, mapping to path=/undefined/footer {"metadata":{"emulator":{"name":"functions"},"message":"[functions] Got req.url=/familia-viva-recife/us-central1/nextssr/undefined/footer, mapping to path=/undefined/footer"}}
[debug] [2025-05-29T19:21:44.451Z] [worker-pool] submitRequest(triggerId=us-central1-nextssr) {"metadata":{"emulator":{"name":"functions"},"message":"[worker-pool] submitRequest(triggerId=us-central1-nextssr)"}}
[info] i  functions: Beginning execution of "us-central1-nextssr" {"metadata":{"emulator":{"name":"functions"},"function":{"name":"us-central1-nextssr"},"extension":{},"message":"Beginning execution of \"us-central1-nextssr\""}}
[debug] [2025-05-29T19:21:44.455Z] [worker-us-central1-nextssr-d906d7b6-62b8-4707-b0a2-780f82f3e176]: BUSY {"metadata":{"emulator":{"name":"functions"},"function":{"name":"us-central1-nextssr"},"extension":{},"message":"[worker-us-central1-nextssr-d906d7b6-62b8-4707-b0a2-780f82f3e176]: BUSY"}}
[debug] [2025-05-29T19:21:44.458Z] <<< [apiv2][status] GET http://127.0.0.1:5001/familia-viva-recife/us-central1/nextssr/undefined/sobre 404
[debug] [2025-05-29T19:21:44.458Z] <<< [apiv2][body] GET http://127.0.0.1:5001/familia-viva-recife/us-central1/nextssr/undefined/sobre [stream]
[info] [hosting] Rewriting /images/list.svg to http://127.0.0.1:5001/familia-viva-recife/us-central1/nextssr for local Function us-central1/nextssr
[debug] [2025-05-29T19:21:44.462Z] >>> [apiv2][query] GET http://127.0.0.1:5001/familia-viva-recife/us-central1/nextssr/images/list.svg 
[debug] [2025-05-29T19:21:44.464Z] [work-queue] {"queuedWork":["/familia-viva-recife/us-central1/nextssr/logo.svg-2025-05-29T19:21:44.463Z"],"queueLength":1,"runningWork":["/familia-viva-recife/us-central1/nextssr/undefined/sobre-2025-05-29T19:21:44.196Z","/familia-viva-recife/us-central1/nextssr/undefined/footer-2025-05-29T19:21:44.450Z"],"workRunningCount":2}
[debug] [2025-05-29T19:21:44.464Z] [work-queue] {"queuedWork":[],"queueLength":0,"runningWork":["/familia-viva-recife/us-central1/nextssr/undefined/sobre-2025-05-29T19:21:44.196Z","/familia-viva-recife/us-central1/nextssr/undefined/footer-2025-05-29T19:21:44.450Z","/familia-viva-recife/us-central1/nextssr/logo.svg-2025-05-29T19:21:44.463Z"],"workRunningCount":3}
[debug] [2025-05-29T19:21:44.464Z] Accepted request GET /familia-viva-recife/us-central1/nextssr/logo.svg --> us-central1-nextssr
[debug] [2025-05-29T19:21:44.465Z] [functions] Runtime ready! Sending request! {"metadata":{"emulator":{"name":"functions"},"message":"[functions] Runtime ready! Sending request!"}}
[debug] [2025-05-29T19:21:44.465Z] [functions] Got req.url=/familia-viva-recife/us-central1/nextssr/logo.svg, mapping to path=/logo.svg {"metadata":{"emulator":{"name":"functions"},"message":"[functions] Got req.url=/familia-viva-recife/us-central1/nextssr/logo.svg, mapping to path=/logo.svg"}}
[debug] [2025-05-29T19:21:44.465Z] [worker-pool] submitRequest(triggerId=us-central1-nextssr) {"metadata":{"emulator":{"name":"functions"},"message":"[worker-pool] submitRequest(triggerId=us-central1-nextssr)"}}
[info] i  functions: Beginning execution of "us-central1-nextssr" {"metadata":{"emulator":{"name":"functions"},"function":{"name":"us-central1-nextssr"},"extension":{},"message":"Beginning execution of \"us-central1-nextssr\""}}
[debug] [2025-05-29T19:21:44.466Z] [worker-us-central1-nextssr-ea3e2665-57ff-45a1-ab5e-cb41a72c8ae8]: BUSY {"metadata":{"emulator":{"name":"functions"},"function":{"name":"us-central1-nextssr"},"extension":{},"message":"[worker-us-central1-nextssr-ea3e2665-57ff-45a1-ab5e-cb41a72c8ae8]: BUSY"}}
[debug] [2025-05-29T19:21:44.468Z] Finishing up request with event=pause {"metadata":{"emulator":{"name":"functions"},"function":{"name":"us-central1-nextssr"},"extension":{},"message":"Finishing up request with event=pause"}}
[info] i  functions: Finished "us-central1-nextssr" in 171.0187ms {"metadata":{"emulator":{"name":"functions"},"function":{"name":"us-central1-nextssr"},"extension":{},"message":"Finished \"us-central1-nextssr\" in 171.0187ms"}}
[debug] [2025-05-29T19:21:44.576Z] [worker-us-central1-nextssr-cfeb0f11-f7dc-44e2-95ca-e5e1e51a641b]: IDLE {"metadata":{"emulator":{"name":"functions"},"function":{"name":"us-central1-nextssr"},"extension":{},"message":"[worker-us-central1-nextssr-cfeb0f11-f7dc-44e2-95ca-e5e1e51a641b]: IDLE"}}
[debug] [2025-05-29T19:21:44.577Z] Finishing up request with event=finish {"metadata":{"emulator":{"name":"functions"},"function":{"name":"us-central1-nextssr"},"extension":{},"message":"Finishing up request with event=finish"}}
[debug] [2025-05-29T19:21:44.577Z] Finishing up request with event=close {"metadata":{"emulator":{"name":"functions"},"function":{"name":"us-central1-nextssr"},"extension":{},"message":"Finishing up request with event=close"}}
[debug] [2025-05-29T19:21:44.577Z] [work-queue] {"queuedWork":[],"queueLength":0,"runningWork":["/familia-viva-recife/us-central1/nextssr/undefined/footer-2025-05-29T19:21:44.450Z","/familia-viva-recife/us-central1/nextssr/logo.svg-2025-05-29T19:21:44.463Z"],"workRunningCount":2}
[debug] [2025-05-29T19:21:44.577Z] [work-queue] {"queuedWork":["/familia-viva-recife/us-central1/nextssr/images/list.svg-2025-05-29T19:21:44.577Z"],"queueLength":1,"runningWork":["/familia-viva-recife/us-central1/nextssr/undefined/footer-2025-05-29T19:21:44.450Z","/familia-viva-recife/us-central1/nextssr/logo.svg-2025-05-29T19:21:44.463Z"],"workRunningCount":2}
[debug] [2025-05-29T19:21:44.578Z] [work-queue] {"queuedWork":[],"queueLength":0,"runningWork":["/familia-viva-recife/us-central1/nextssr/undefined/footer-2025-05-29T19:21:44.450Z","/familia-viva-recife/us-central1/nextssr/logo.svg-2025-05-29T19:21:44.463Z","/familia-viva-recife/us-central1/nextssr/images/list.svg-2025-05-29T19:21:44.577Z"],"workRunningCount":3}
[debug] [2025-05-29T19:21:44.578Z] Accepted request GET /familia-viva-recife/us-central1/nextssr/images/list.svg --> us-central1-nextssr
[debug] [2025-05-29T19:21:44.578Z] [functions] Runtime ready! Sending request! {"metadata":{"emulator":{"name":"functions"},"message":"[functions] Runtime ready! Sending request!"}}
[debug] [2025-05-29T19:21:44.578Z] [functions] Got req.url=/familia-viva-recife/us-central1/nextssr/images/list.svg, mapping to path=/images/list.svg {"metadata":{"emulator":{"name":"functions"},"message":"[functions] Got req.url=/familia-viva-recife/us-central1/nextssr/images/list.svg, mapping to path=/images/list.svg"}}
[debug] [2025-05-29T19:21:44.579Z] [worker-pool] submitRequest(triggerId=us-central1-nextssr) {"metadata":{"emulator":{"name":"functions"},"message":"[worker-pool] submitRequest(triggerId=us-central1-nextssr)"}}
[info] i  functions: Beginning execution of "us-central1-nextssr" {"metadata":{"emulator":{"name":"functions"},"function":{"name":"us-central1-nextssr"},"extension":{},"message":"Beginning execution of \"us-central1-nextssr\""}}
[debug] [2025-05-29T19:21:44.583Z] [worker-us-central1-nextssr-5cfe5c8c-1817-4ecb-9501-a83ff42a8866]: BUSY {"metadata":{"emulator":{"name":"functions"},"function":{"name":"us-central1-nextssr"},"extension":{},"message":"[worker-us-central1-nextssr-5cfe5c8c-1817-4ecb-9501-a83ff42a8866]: BUSY"}}
[info] i  hosting: 127.0.0.1 - - [29/May/2025:19:21:44 +0000] "GET /undefined/sobre HTTP/1.1" 404 - "http://127.0.0.1:5000/" "Mozilla/5.0 (Linux; Android 6.0; Nexus 5 Build/MRA58N) AppleWebKit/537.36 (KHTML, like Gecko) Chrome/136.0.0.0 Mobile Safari/537.36 Edg/136.0.0.0" {"metadata":{"emulator":{"name":"hosting"},"message":"127.0.0.1 - - [29/May/2025:19:21:44 +0000] \"GET /undefined/sobre HTTP/1.1\" 404 - \"http://127.0.0.1:5000/\" \"Mozilla/5.0 (Linux; Android 6.0; Nexus 5 Build/MRA58N) AppleWebKit/537.36 (KHTML, like Gecko) Chrome/136.0.0.0 Mobile Safari/537.36 Edg/136.0.0.0\""}}
[debug] [2025-05-29T19:21:44.611Z] Finishing up request with event=pause {"metadata":{"emulator":{"name":"functions"},"function":{"name":"us-central1-nextssr"},"extension":{},"message":"Finishing up request with event=pause"}}
[info] i  functions: Finished "us-central1-nextssr" in 146.5278ms {"metadata":{"emulator":{"name":"functions"},"function":{"name":"us-central1-nextssr"},"extension":{},"message":"Finished \"us-central1-nextssr\" in 146.5278ms"}}
[debug] [2025-05-29T19:21:44.625Z] [worker-us-central1-nextssr-ea3e2665-57ff-45a1-ab5e-cb41a72c8ae8]: IDLE {"metadata":{"emulator":{"name":"functions"},"function":{"name":"us-central1-nextssr"},"extension":{},"message":"[worker-us-central1-nextssr-ea3e2665-57ff-45a1-ab5e-cb41a72c8ae8]: IDLE"}}
[debug] [2025-05-29T19:21:44.643Z] Finishing up request with event=pause {"metadata":{"emulator":{"name":"functions"},"function":{"name":"us-central1-nextssr"},"extension":{},"message":"Finishing up request with event=pause"}}
[debug] [2025-05-29T19:21:44.643Z] Finishing up request with event=pause {"metadata":{"emulator":{"name":"functions"},"function":{"name":"us-central1-nextssr"},"extension":{},"message":"Finishing up request with event=pause"}}
[debug] [2025-05-29T19:21:44.643Z] Finishing up request with event=pause {"metadata":{"emulator":{"name":"functions"},"function":{"name":"us-central1-nextssr"},"extension":{},"message":"Finishing up request with event=pause"}}
[debug] [2025-05-29T19:21:44.644Z] [work-queue] {"queuedWork":[],"queueLength":0,"runningWork":["/familia-viva-recife/us-central1/nextssr/undefined/footer-2025-05-29T19:21:44.450Z","/familia-viva-recife/us-central1/nextssr/images/list.svg-2025-05-29T19:21:44.577Z"],"workRunningCount":2}
[debug] [2025-05-29T19:21:44.645Z] <<< [apiv2][status] GET http://127.0.0.1:5001/familia-viva-recife/us-central1/nextssr/logo.svg 200
[debug] [2025-05-29T19:21:44.645Z] <<< [apiv2][body] GET http://127.0.0.1:5001/familia-viva-recife/us-central1/nextssr/logo.svg [stream]
[debug] [2025-05-29T19:21:44.649Z] Finishing up request with event=pause {"metadata":{"emulator":{"name":"functions"},"function":{"name":"us-central1-nextssr"},"extension":{},"message":"Finishing up request with event=pause"}}
[info] i  functions: Finished "us-central1-nextssr" in 66.3818ms {"metadata":{"emulator":{"name":"functions"},"function":{"name":"us-central1-nextssr"},"extension":{},"message":"Finished \"us-central1-nextssr\" in 66.3818ms"}}
[debug] [2025-05-29T19:21:44.660Z] [worker-us-central1-nextssr-5cfe5c8c-1817-4ecb-9501-a83ff42a8866]: IDLE {"metadata":{"emulator":{"name":"functions"},"function":{"name":"us-central1-nextssr"},"extension":{},"message":"[worker-us-central1-nextssr-5cfe5c8c-1817-4ecb-9501-a83ff42a8866]: IDLE"}}
[debug] [2025-05-29T19:21:44.660Z] Finishing up request with event=finish {"metadata":{"emulator":{"name":"functions"},"function":{"name":"us-central1-nextssr"},"extension":{},"message":"Finishing up request with event=finish"}}
[debug] [2025-05-29T19:21:44.660Z] Finishing up request with event=close {"metadata":{"emulator":{"name":"functions"},"function":{"name":"us-central1-nextssr"},"extension":{},"message":"Finishing up request with event=close"}}
[debug] [2025-05-29T19:21:44.660Z] [work-queue] {"queuedWork":[],"queueLength":0,"runningWork":["/familia-viva-recife/us-central1/nextssr/undefined/footer-2025-05-29T19:21:44.450Z"],"workRunningCount":1}
[debug] [2025-05-29T19:21:44.660Z] Finishing up request with event=pause {"metadata":{"emulator":{"name":"functions"},"function":{"name":"us-central1-nextssr"},"extension":{},"message":"Finishing up request with event=pause"}}
[debug] [2025-05-29T19:21:44.662Z] Finishing up request with event=pause {"metadata":{"emulator":{"name":"functions"},"function":{"name":"us-central1-nextssr"},"extension":{},"message":"Finishing up request with event=pause"}}
[debug] [2025-05-29T19:21:44.663Z] Finishing up request with event=pause {"metadata":{"emulator":{"name":"functions"},"function":{"name":"us-central1-nextssr"},"extension":{},"message":"Finishing up request with event=pause"}}
[debug] [2025-05-29T19:21:44.663Z] Finishing up request with event=pause {"metadata":{"emulator":{"name":"functions"},"function":{"name":"us-central1-nextssr"},"extension":{},"message":"Finishing up request with event=pause"}}
[debug] [2025-05-29T19:21:44.664Z] <<< [apiv2][status] GET http://127.0.0.1:5001/familia-viva-recife/us-central1/nextssr/images/list.svg 200
[debug] [2025-05-29T19:21:44.664Z] <<< [apiv2][body] GET http://127.0.0.1:5001/familia-viva-recife/us-central1/nextssr/images/list.svg [stream]
[info] i  hosting: 127.0.0.1 - - [29/May/2025:19:21:44 +0000] "GET /images/list.svg HTTP/1.1" 200 343 "http://127.0.0.1:5000/" "Mozilla/5.0 (Linux; Android 6.0; Nexus 5 Build/MRA58N) AppleWebKit/537.36 (KHTML, like Gecko) Chrome/136.0.0.0 Mobile Safari/537.36 Edg/136.0.0.0" {"metadata":{"emulator":{"name":"hosting"},"message":"127.0.0.1 - - [29/May/2025:19:21:44 +0000] \"GET /images/list.svg HTTP/1.1\" 200 343 \"http://127.0.0.1:5000/\" \"Mozilla/5.0 (Linux; Android 6.0; Nexus 5 Build/MRA58N) AppleWebKit/537.36 (KHTML, like Gecko) Chrome/136.0.0.0 Mobile Safari/537.36 Edg/136.0.0.0\""}}
[debug] [2025-05-29T19:21:44.680Z] Finishing up request with event=pause {"metadata":{"emulator":{"name":"functions"},"function":{"name":"us-central1-nextssr"},"extension":{},"message":"Finishing up request with event=pause"}}
[debug] [2025-05-29T19:21:44.681Z] Finishing up request with event=pause {"metadata":{"emulator":{"name":"functions"},"function":{"name":"us-central1-nextssr"},"extension":{},"message":"Finishing up request with event=pause"}}
[debug] [2025-05-29T19:21:44.683Z] Finishing up request with event=pause {"metadata":{"emulator":{"name":"functions"},"function":{"name":"us-central1-nextssr"},"extension":{},"message":"Finishing up request with event=pause"}}
[debug] [2025-05-29T19:21:44.683Z] Finishing up request with event=pause {"metadata":{"emulator":{"name":"functions"},"function":{"name":"us-central1-nextssr"},"extension":{},"message":"Finishing up request with event=pause"}}
[debug] [2025-05-29T19:21:44.690Z] Finishing up request with event=pause {"metadata":{"emulator":{"name":"functions"},"function":{"name":"us-central1-nextssr"},"extension":{},"message":"Finishing up request with event=pause"}}
[debug] [2025-05-29T19:21:44.691Z] Finishing up request with event=pause {"metadata":{"emulator":{"name":"functions"},"function":{"name":"us-central1-nextssr"},"extension":{},"message":"Finishing up request with event=pause"}}
[debug] [2025-05-29T19:21:44.691Z] Finishing up request with event=pause {"metadata":{"emulator":{"name":"functions"},"function":{"name":"us-central1-nextssr"},"extension":{},"message":"Finishing up request with event=pause"}}
[debug] [2025-05-29T19:21:44.692Z] Finishing up request with event=pause {"metadata":{"emulator":{"name":"functions"},"function":{"name":"us-central1-nextssr"},"extension":{},"message":"Finishing up request with event=pause"}}
[debug] [2025-05-29T19:21:44.694Z] Finishing up request with event=pause {"metadata":{"emulator":{"name":"functions"},"function":{"name":"us-central1-nextssr"},"extension":{},"message":"Finishing up request with event=pause"}}
[debug] [2025-05-29T19:21:44.694Z] Finishing up request with event=pause {"metadata":{"emulator":{"name":"functions"},"function":{"name":"us-central1-nextssr"},"extension":{},"message":"Finishing up request with event=pause"}}
[debug] [2025-05-29T19:21:44.695Z] Finishing up request with event=pause {"metadata":{"emulator":{"name":"functions"},"function":{"name":"us-central1-nextssr"},"extension":{},"message":"Finishing up request with event=pause"}}
[debug] [2025-05-29T19:21:44.702Z] Finishing up request with event=pause {"metadata":{"emulator":{"name":"functions"},"function":{"name":"us-central1-nextssr"},"extension":{},"message":"Finishing up request with event=pause"}}
[debug] [2025-05-29T19:21:44.705Z] Finishing up request with event=pause {"metadata":{"emulator":{"name":"functions"},"function":{"name":"us-central1-nextssr"},"extension":{},"message":"Finishing up request with event=pause"}}
[debug] [2025-05-29T19:21:44.705Z] Finishing up request with event=pause {"metadata":{"emulator":{"name":"functions"},"function":{"name":"us-central1-nextssr"},"extension":{},"message":"Finishing up request with event=pause"}}
[debug] [2025-05-29T19:21:44.707Z] Finishing up request with event=pause {"metadata":{"emulator":{"name":"functions"},"function":{"name":"us-central1-nextssr"},"extension":{},"message":"Finishing up request with event=pause"}}
[debug] [2025-05-29T19:21:44.710Z] Finishing up request with event=pause {"metadata":{"emulator":{"name":"functions"},"function":{"name":"us-central1-nextssr"},"extension":{},"message":"Finishing up request with event=pause"}}
[debug] [2025-05-29T19:21:44.710Z] Finishing up request with event=finish {"metadata":{"emulator":{"name":"functions"},"function":{"name":"us-central1-nextssr"},"extension":{},"message":"Finishing up request with event=finish"}}
[debug] [2025-05-29T19:21:44.710Z] Finishing up request with event=close {"metadata":{"emulator":{"name":"functions"},"function":{"name":"us-central1-nextssr"},"extension":{},"message":"Finishing up request with event=close"}}
[info] i  hosting: 127.0.0.1 - - [29/May/2025:19:21:44 +0000] "GET /logo.svg HTTP/1.1" 200 - "http://127.0.0.1:5000/" "Mozilla/5.0 (Linux; Android 6.0; Nexus 5 Build/MRA58N) AppleWebKit/537.36 (KHTML, like Gecko) Chrome/136.0.0.0 Mobile Safari/537.36 Edg/136.0.0.0" {"metadata":{"emulator":{"name":"hosting"},"message":"127.0.0.1 - - [29/May/2025:19:21:44 +0000] \"GET /logo.svg HTTP/1.1\" 200 - \"http://127.0.0.1:5000/\" \"Mozilla/5.0 (Linux; Android 6.0; Nexus 5 Build/MRA58N) AppleWebKit/537.36 (KHTML, like Gecko) Chrome/136.0.0.0 Mobile Safari/537.36 Edg/136.0.0.0\""}}
[debug] [2025-05-29T19:21:44.716Z] <<< [apiv2][status] GET http://127.0.0.1:5001/familia-viva-recife/us-central1/nextssr/undefined/footer 404
[debug] [2025-05-29T19:21:44.716Z] <<< [apiv2][body] GET http://127.0.0.1:5001/familia-viva-recife/us-central1/nextssr/undefined/footer [stream]
[debug] [2025-05-29T19:21:44.725Z] Finishing up request with event=pause {"metadata":{"emulator":{"name":"functions"},"function":{"name":"us-central1-nextssr"},"extension":{},"message":"Finishing up request with event=pause"}}
[info] i  functions: Finished "us-central1-nextssr" in 270.2093ms {"metadata":{"emulator":{"name":"functions"},"function":{"name":"us-central1-nextssr"},"extension":{},"message":"Finished \"us-central1-nextssr\" in 270.2093ms"}}
[debug] [2025-05-29T19:21:44.733Z] [worker-us-central1-nextssr-d906d7b6-62b8-4707-b0a2-780f82f3e176]: IDLE {"metadata":{"emulator":{"name":"functions"},"function":{"name":"us-central1-nextssr"},"extension":{},"message":"[worker-us-central1-nextssr-d906d7b6-62b8-4707-b0a2-780f82f3e176]: IDLE"}}
[debug] [2025-05-29T19:21:44.733Z] Finishing up request with event=finish {"metadata":{"emulator":{"name":"functions"},"function":{"name":"us-central1-nextssr"},"extension":{},"message":"Finishing up request with event=finish"}}
[debug] [2025-05-29T19:21:44.733Z] Finishing up request with event=close {"metadata":{"emulator":{"name":"functions"},"function":{"name":"us-central1-nextssr"},"extension":{},"message":"Finishing up request with event=close"}}
[debug] [2025-05-29T19:21:44.733Z] [work-queue] {"queuedWork":[],"queueLength":0,"runningWork":[],"workRunningCount":0}
[info] i  hosting: 127.0.0.1 - - [29/May/2025:19:21:44 +0000] "GET /undefined/footer HTTP/1.1" 404 - "http://127.0.0.1:5000/" "Mozilla/5.0 (Linux; Android 6.0; Nexus 5 Build/MRA58N) AppleWebKit/537.36 (KHTML, like Gecko) Chrome/136.0.0.0 Mobile Safari/537.36 Edg/136.0.0.0" {"metadata":{"emulator":{"name":"hosting"},"message":"127.0.0.1 - - [29/May/2025:19:21:44 +0000] \"GET /undefined/footer HTTP/1.1\" 404 - \"http://127.0.0.1:5000/\" \"Mozilla/5.0 (Linux; Android 6.0; Nexus 5 Build/MRA58N) AppleWebKit/537.36 (KHTML, like Gecko) Chrome/136.0.0.0 Mobile Safari/537.36 Edg/136.0.0.0\""}}
[info] +  functions: Loaded functions definitions from source: nextssr. {"metadata":{"emulator":{"name":"functions"},"message":"Loaded functions definitions from source: nextssr."}}
[debug] [2025-05-29T19:21:49.139Z] [worker-pool] Shutting down IDLE worker (us-central1-nextssr) {"metadata":{"emulator":{"name":"functions"},"message":"[worker-pool] Shutting down IDLE worker (us-central1-nextssr)"}}
[debug] [2025-05-29T19:21:49.139Z] [worker-us-central1-nextssr-d906d7b6-62b8-4707-b0a2-780f82f3e176]: FINISHING {"metadata":{"emulator":{"name":"functions"},"function":{"name":"us-central1-nextssr"},"extension":{},"message":"[worker-us-central1-nextssr-d906d7b6-62b8-4707-b0a2-780f82f3e176]: FINISHING"}}
[debug] [2025-05-29T19:21:49.139Z] [worker-pool] Shutting down IDLE worker (us-central1-nextssr) {"metadata":{"emulator":{"name":"functions"},"message":"[worker-pool] Shutting down IDLE worker (us-central1-nextssr)"}}
[debug] [2025-05-29T19:21:49.140Z] [worker-us-central1-nextssr-ea3e2665-57ff-45a1-ab5e-cb41a72c8ae8]: FINISHING {"metadata":{"emulator":{"name":"functions"},"function":{"name":"us-central1-nextssr"},"extension":{},"message":"[worker-us-central1-nextssr-ea3e2665-57ff-45a1-ab5e-cb41a72c8ae8]: FINISHING"}}
[debug] [2025-05-29T19:21:49.140Z] [worker-pool] Shutting down IDLE worker (us-central1-nextssr) {"metadata":{"emulator":{"name":"functions"},"message":"[worker-pool] Shutting down IDLE worker (us-central1-nextssr)"}}
[debug] [2025-05-29T19:21:49.140Z] [worker-us-central1-nextssr-5cfe5c8c-1817-4ecb-9501-a83ff42a8866]: FINISHING {"metadata":{"emulator":{"name":"functions"},"function":{"name":"us-central1-nextssr"},"extension":{},"message":"[worker-us-central1-nextssr-5cfe5c8c-1817-4ecb-9501-a83ff42a8866]: FINISHING"}}
[debug] [2025-05-29T19:21:49.140Z] [worker-pool] Shutting down IDLE worker (us-central1-nextssr) {"metadata":{"emulator":{"name":"functions"},"message":"[worker-pool] Shutting down IDLE worker (us-central1-nextssr)"}}
[debug] [2025-05-29T19:21:49.140Z] [worker-us-central1-nextssr-89f52e74-da14-4caf-bf86-8ed4e8d37581]: FINISHING {"metadata":{"emulator":{"name":"functions"},"function":{"name":"us-central1-nextssr"},"extension":{},"message":"[worker-us-central1-nextssr-89f52e74-da14-4caf-bf86-8ed4e8d37581]: FINISHING"}}
[debug] [2025-05-29T19:21:49.141Z] [worker-pool] Shutting down IDLE worker (us-central1-nextssr) {"metadata":{"emulator":{"name":"functions"},"message":"[worker-pool] Shutting down IDLE worker (us-central1-nextssr)"}}
[debug] [2025-05-29T19:21:49.141Z] [worker-us-central1-nextssr-04a77653-b7dd-4019-b6da-a3388e629c3b]: FINISHING {"metadata":{"emulator":{"name":"functions"},"function":{"name":"us-central1-nextssr"},"extension":{},"message":"[worker-us-central1-nextssr-04a77653-b7dd-4019-b6da-a3388e629c3b]: FINISHING"}}
[debug] [2025-05-29T19:21:49.141Z] [worker-pool] Shutting down IDLE worker (us-central1-nextssr) {"metadata":{"emulator":{"name":"functions"},"message":"[worker-pool] Shutting down IDLE worker (us-central1-nextssr)"}}
[debug] [2025-05-29T19:21:49.141Z] [worker-us-central1-nextssr-cfeb0f11-f7dc-44e2-95ca-e5e1e51a641b]: FINISHING {"metadata":{"emulator":{"name":"functions"},"function":{"name":"us-central1-nextssr"},"extension":{},"message":"[worker-us-central1-nextssr-cfeb0f11-f7dc-44e2-95ca-e5e1e51a641b]: FINISHING"}}
[debug] [2025-05-29T19:21:49.209Z] [worker-us-central1-nextssr-04a77653-b7dd-4019-b6da-a3388e629c3b]: exited {"metadata":{"emulator":{"name":"functions"},"function":{"name":"us-central1-nextssr"},"extension":{},"message":"[worker-us-central1-nextssr-04a77653-b7dd-4019-b6da-a3388e629c3b]: exited"}}
[debug] [2025-05-29T19:21:49.209Z] [worker-us-central1-nextssr-04a77653-b7dd-4019-b6da-a3388e629c3b]: FINISHED {"metadata":{"emulator":{"name":"functions"},"function":{"name":"us-central1-nextssr"},"extension":{},"message":"[worker-us-central1-nextssr-04a77653-b7dd-4019-b6da-a3388e629c3b]: FINISHED"}}
[debug] [2025-05-29T19:21:49.209Z] [worker-us-central1-nextssr-d906d7b6-62b8-4707-b0a2-780f82f3e176]: exited {"metadata":{"emulator":{"name":"functions"},"function":{"name":"us-central1-nextssr"},"extension":{},"message":"[worker-us-central1-nextssr-d906d7b6-62b8-4707-b0a2-780f82f3e176]: exited"}}
[debug] [2025-05-29T19:21:49.210Z] [worker-us-central1-nextssr-d906d7b6-62b8-4707-b0a2-780f82f3e176]: FINISHED {"metadata":{"emulator":{"name":"functions"},"function":{"name":"us-central1-nextssr"},"extension":{},"message":"[worker-us-central1-nextssr-d906d7b6-62b8-4707-b0a2-780f82f3e176]: FINISHED"}}
[debug] [2025-05-29T19:21:49.210Z] [worker-us-central1-nextssr-ea3e2665-57ff-45a1-ab5e-cb41a72c8ae8]: exited {"metadata":{"emulator":{"name":"functions"},"function":{"name":"us-central1-nextssr"},"extension":{},"message":"[worker-us-central1-nextssr-ea3e2665-57ff-45a1-ab5e-cb41a72c8ae8]: exited"}}
[debug] [2025-05-29T19:21:49.210Z] [worker-us-central1-nextssr-ea3e2665-57ff-45a1-ab5e-cb41a72c8ae8]: FINISHED {"metadata":{"emulator":{"name":"functions"},"function":{"name":"us-central1-nextssr"},"extension":{},"message":"[worker-us-central1-nextssr-ea3e2665-57ff-45a1-ab5e-cb41a72c8ae8]: FINISHED"}}
[debug] [2025-05-29T19:21:49.211Z] [worker-us-central1-nextssr-cfeb0f11-f7dc-44e2-95ca-e5e1e51a641b]: exited {"metadata":{"emulator":{"name":"functions"},"function":{"name":"us-central1-nextssr"},"extension":{},"message":"[worker-us-central1-nextssr-cfeb0f11-f7dc-44e2-95ca-e5e1e51a641b]: exited"}}
[debug] [2025-05-29T19:21:49.211Z] [worker-us-central1-nextssr-cfeb0f11-f7dc-44e2-95ca-e5e1e51a641b]: FINISHED {"metadata":{"emulator":{"name":"functions"},"function":{"name":"us-central1-nextssr"},"extension":{},"message":"[worker-us-central1-nextssr-cfeb0f11-f7dc-44e2-95ca-e5e1e51a641b]: FINISHED"}}
[debug] [2025-05-29T19:21:49.212Z] [worker-us-central1-nextssr-5cfe5c8c-1817-4ecb-9501-a83ff42a8866]: exited {"metadata":{"emulator":{"name":"functions"},"function":{"name":"us-central1-nextssr"},"extension":{},"message":"[worker-us-central1-nextssr-5cfe5c8c-1817-4ecb-9501-a83ff42a8866]: exited"}}
[debug] [2025-05-29T19:21:49.212Z] [worker-us-central1-nextssr-5cfe5c8c-1817-4ecb-9501-a83ff42a8866]: FINISHED {"metadata":{"emulator":{"name":"functions"},"function":{"name":"us-central1-nextssr"},"extension":{},"message":"[worker-us-central1-nextssr-5cfe5c8c-1817-4ecb-9501-a83ff42a8866]: FINISHED"}}
[debug] [2025-05-29T19:21:49.230Z] [worker-us-central1-nextssr-89f52e74-da14-4caf-bf86-8ed4e8d37581]: exited {"metadata":{"emulator":{"name":"functions"},"function":{"name":"us-central1-nextssr"},"extension":{},"message":"[worker-us-central1-nextssr-89f52e74-da14-4caf-bf86-8ed4e8d37581]: exited"}}
[debug] [2025-05-29T19:21:49.230Z] [worker-us-central1-nextssr-89f52e74-da14-4caf-bf86-8ed4e8d37581]: FINISHED {"metadata":{"emulator":{"name":"functions"},"function":{"name":"us-central1-nextssr"},"extension":{},"message":"[worker-us-central1-nextssr-89f52e74-da14-4caf-bf86-8ed4e8d37581]: FINISHED"}}
